[01/02/25 05:14:02.775] [T311888] [info] AdobeIPCBroker version: 7.2.1
[01/02/25 05:14:02.805] [T311905] [info] CSXSEventQueueManager::CreateEventQueueIfNotExist: create queue 6624.1735794842 (CCDI)...
[01/02/25 05:14:03.799] [T312008] [info] CSXSEventQueueManager::CreateEventQueueIfNotExist: create queue 6859.1735794843 (ADCS)...
[01/02/25 05:14:06.596] [T312214] [info] CSXSEventQueueManager::CreateEventQueueIfNotExist: create queue 6877.1735794846 (COSY)...
[01/02/25 05:14:08.710] [T312420] [info] CSXSEventQueueManager::CreateEventQueueIfNotExist: create queue 6903.1735794848 (CCH_UPI)...
[01/02/25 05:14:45.488] [T313786] [info] CSXSEventQueueManager::CreateEventQueueIfNotExist: create queue 7029.1735794885 (COSY)...
[01/02/25 05:15:11.522] [T315142] [info] CSXSEventQueueManager::CreateEventQueueIfNotExist: create queue 7148.1735794911 (CCXP)...
[01/02/25 05:19:38.093] [T322082] [info] CSXSEventQueueManager::CreateEventQueueIfNotExist: create queue 8010.1735795178 (ACCC)...
[01/02/25 05:19:40.836] [T311905] [info] CSXSEventQueueManager::RemoveEventQueueByChannel: remove queue 6624.1735794842 (CCDI) for channel 5...
[01/02/25 05:19:41.182] [T322449] [info] CSXSEventQueueManager::CreateEventQueueIfNotExist: create queue 8066.1735795181 (ACHP)...
[01/02/25 05:24:47.383] [T312420] [info] CSXSEventQueueManager::RemoveEventQueueByChannel: remove queue 6903.1735794848 (CCH_UPI) for channel 11...
[01/02/25 05:46:13.856] [T315145] [info] CSXSEventQueueManager::RemoveEventQueueByChannel: remove queue 7148.1735794911 (CCXP) for channel 16...
[01/02/25 05:47:25.602] [T344749] [info] CSXSEventQueueManager::CreateEventQueueIfNotExist: create queue 8698.1735796845 (CCXP)...
[01/02/25 06:18:26.334] [T344753] [info] CSXSEventQueueManager::RemoveEventQueueByChannel: remove queue 8698.1735796845 (CCXP) for channel 12...
[01/02/25 06:19:42.270] [T367408] [info] CSXSEventQueueManager::CreateEventQueueIfNotExist: create queue 9072.1735798782 (CCXP)...
[01/02/25 06:50:42.757] [T367408] [info] CSXSEventQueueManager::RemoveEventQueueByChannel: remove queue 9072.1735798782 (CCXP) for channel 11...
[01/02/25 06:51:44.233] [T384488] [info] CSXSEventQueueManager::CreateEventQueueIfNotExist: create queue 9219.1735800704 (CCXP)...
[01/03/25 00:22:46.678] [T384489] [info] CSXSEventQueueManager::RemoveEventQueueByChannel: remove queue 9219.1735800704 (CCXP) for channel 12...
[01/03/25 00:23:50.186] [T1087654] [info] CSXSEventQueueManager::CreateEventQueueIfNotExist: create queue 17889.1735863830 (CCXP)...
[01/03/25 00:51:53.384] [T10568] [info] AdobeIPCBroker version: 7.2.1
[01/03/25 00:51:53.432] [T10662] [info] CSXSEventQueueManager::CreateEventQueueIfNotExist: create queue 1001.1735865512 (CCXP)...
[01/03/25 00:51:56.918] [T11066] [info] CSXSEventQueueManager::CreateEventQueueIfNotExist: create queue 989.1735865516 (ACCC)...
[01/03/25 00:52:04.828] [T12054] [info] CSXSEventQueueManager::CreateEventQueueIfNotExist: create queue 1080.1735865524 (ADCS)...
[01/03/25 00:52:27.956] [T13391] [info] CSXSEventQueueManager::CreateEventQueueIfNotExist: create queue 1099.1735865547 (COSY)...
[01/03/25 00:52:39.584] [T13819] [info] CSXSEventQueueManager::CreateEventQueueIfNotExist: create queue 1097.1735865559 (ACHP)...
[01/03/25 00:52:55.376] [T14539] [info] CSXSEventQueueManager::CreateEventQueueIfNotExist: create queue 1166.1735865575 (COSY)...
[01/03/25 00:53:31.505] [T15950] [info] CSXSEventQueueManager::CreateEventQueueIfNotExist: create queue 1179.1735865611 (CCH_UPI)...
[01/03/25 00:58:39.155] [T15950] [info] CSXSEventQueueManager::RemoveEventQueueByChannel: remove queue 1179.1735865611 (CCH_UPI) for channel 23...
[01/03/25 01:22:55.393] [T10662] [info] CSXSEventQueueManager::RemoveEventQueueByChannel: remove queue 1001.1735865512 (CCXP) for channel 4...
[01/03/25 01:24:06.510] [T58879] [info] CSXSEventQueueManager::CreateEventQueueIfNotExist: create queue 1989.1735867446 (CCXP)...
[01/03/25 01:55:06.877] [T58881] [info] CSXSEventQueueManager::RemoveEventQueueByChannel: remove queue 1989.1735867446 (CCXP) for channel 5...
[01/03/25 01:56:12.958] [T94825] [info] CSXSEventQueueManager::CreateEventQueueIfNotExist: create queue 2843.1735869372 (CCXP)...
[01/04/25 00:07:08.704] [T94826] [info] CSXSEventQueueManager::RemoveEventQueueByChannel: remove queue 2843.1735869372 (CCXP) for channel 5...
[01/04/25 00:08:12.640] [T565206] [info] CSXSEventQueueManager::CreateEventQueueIfNotExist: create queue 11513.1735949292 (CCXP)...
[01/04/25 00:39:15.378] [T565212] [info] CSXSEventQueueManager::RemoveEventQueueByChannel: remove queue 11513.1735949292 (CCXP) for channel 5...
[01/04/25 00:40:17.062] [T597505] [info] CSXSEventQueueManager::CreateEventQueueIfNotExist: create queue 12281.1735951217 (CCXP)...
[01/04/25 00:50:30.295] [T605011] [info] CSXSEventQueueManager::CreateEventQueueIfNotExist: create queue 12348.1735951830 (CCH_UPI)...
[01/04/25 00:55:33.089] [T605011] [info] CSXSEventQueueManager::RemoveEventQueueByChannel: remove queue 12348.1735951830 (CCH_UPI) for channel 12...
[01/04/25 01:11:18.033] [T597514] [info] CSXSEventQueueManager::RemoveEventQueueByChannel: remove queue 12281.1735951217 (CCXP) for channel 5...
[01/04/25 01:12:24.313] [T627819] [info] CSXSEventQueueManager::CreateEventQueueIfNotExist: create queue 12920.1735953144 (CCXP)...
[01/04/25 01:43:26.855] [T627832] [info] CSXSEventQueueManager::RemoveEventQueueByChannel: remove queue 12920.1735953144 (CCXP) for channel 5...
[01/04/25 01:44:30.478] [T653757] [info] CSXSEventQueueManager::CreateEventQueueIfNotExist: create queue 13463.1735955070 (CCXP)...
[01/04/25 11:52:30.444] [T6969] [info] AdobeIPCBroker version: 7.2.1
[01/04/25 11:52:30.489] [T6990] [info] CSXSEventQueueManager::CreateEventQueueIfNotExist: create queue 789.1735991550 (CCXP)...
[01/04/25 11:52:31.588] [T7368] [info] CSXSEventQueueManager::CreateEventQueueIfNotExist: create queue 731.1735991551 (ACCC)...
[01/04/25 11:52:32.285] [T7570] [info] CSXSEventQueueManager::CreateEventQueueIfNotExist: create queue 851.1735991552 (ACHP)...
[01/04/25 11:52:32.302] [T7575] [info] CSXSEventQueueManager::CreateEventQueueIfNotExist: create queue 847.1735991552 (ADCS)...
[01/04/25 11:52:40.469] [T8449] [info] CSXSEventQueueManager::CreateEventQueueIfNotExist: create queue 926.1735991560 (COSY)...
[01/04/25 11:52:41.026] [T8532] [info] CSXSEventQueueManager::CreateEventQueueIfNotExist: create queue 937.1735991561 (COSY)...
[01/04/25 11:52:43.617] [T8820] [info] CSXSEventQueueManager::CreateEventQueueIfNotExist: create queue 962.1735991563 (CCH_UPI)...
[01/04/25 11:57:45.975] [T8842] [info] CSXSEventQueueManager::RemoveEventQueueByChannel: remove queue 962.1735991563 (CCH_UPI) for channel 15...
[01/05/25 01:12:17.740] [T7006] [info] CSXSEventQueueManager::RemoveEventQueueByChannel: remove queue 789.1735991550 (CCXP) for channel 3...
[01/05/25 01:29:03.933] [T515107] [info] CSXSEventQueueManager::CreateEventQueueIfNotExist: create queue 9677.1736040543 (CCXP)...
[01/05/25 02:00:05.525] [T515107] [info] CSXSEventQueueManager::RemoveEventQueueByChannel: remove queue 9677.1736040543 (CCXP) for channel 2...
[01/05/25 02:01:14.456] [T519042] [info] CSXSEventQueueManager::CreateEventQueueIfNotExist: create queue 9732.1736042474 (CCXP)...
[01/05/25 02:36:58.765] [T519042] [info] CSXSEventQueueManager::RemoveEventQueueByChannel: remove queue 9732.1736042474 (CCXP) for channel 2...
[01/05/25 02:38:00.823] [T522630] [info] CSXSEventQueueManager::CreateEventQueueIfNotExist: create queue 9789.1736044680 (CCXP)...
[01/05/25 03:29:17.723] [T522631] [info] CSXSEventQueueManager::RemoveEventQueueByChannel: remove queue 9789.1736044680 (CCXP) for channel 3...
[01/05/25 03:30:22.613] [T527741] [info] CSXSEventQueueManager::CreateEventQueueIfNotExist: create queue 9886.1736047822 (CCXP)...
[01/05/25 11:53:15.667] [T602699] [info] CSXSEventQueueManager::CreateEventQueueIfNotExist: create queue 11190.1736077995 (CCH_UPI)...
[01/05/25 12:46:40.025] [T602699] [info] CSXSEventQueueManager::RemoveEventQueueByChannel: remove queue 11190.1736077995 (CCH_UPI) for channel 14...
[01/06/25 00:19:55.192] [T527742] [info] CSXSEventQueueManager::RemoveEventQueueByChannel: remove queue 9886.1736047822 (CCXP) for channel 3...
[01/06/25 00:20:56.545] [T902968] [info] CSXSEventQueueManager::CreateEventQueueIfNotExist: create queue 15344.1736122856 (CCXP)...
[01/06/25 00:51:59.426] [T902972] [info] CSXSEventQueueManager::RemoveEventQueueByChannel: remove queue 15344.1736122856 (CCXP) for channel 3...
[01/06/25 00:53:11.042] [T928539] [info] CSXSEventQueueManager::CreateEventQueueIfNotExist: create queue 15689.1736124791 (CCXP)...
[01/06/25 01:24:12.500] [T928539] [info] CSXSEventQueueManager::RemoveEventQueueByChannel: remove queue 15689.1736124791 (CCXP) for channel 2...
[01/06/25 01:25:23.483] [T953198] [info] CSXSEventQueueManager::CreateEventQueueIfNotExist: create queue 16103.1736126723 (CCXP)...
[01/06/25 02:02:42.353] [T953198] [info] CSXSEventQueueManager::RemoveEventQueueByChannel: remove queue 16103.1736126723 (CCXP) for channel 2...
[01/06/25 02:03:44.492] [T971999] [info] CSXSEventQueueManager::CreateEventQueueIfNotExist: create queue 16367.1736129024 (CCXP)...
[01/06/25 02:07:05.989] [T6802] [info] AdobeIPCBroker version: 7.2.1
[01/06/25 02:07:06.014] [T6836] [info] CSXSEventQueueManager::CreateEventQueueIfNotExist: create queue 775.1736129225 (CCXP)...
[01/06/25 02:07:06.789] [T7148] [info] CSXSEventQueueManager::CreateEventQueueIfNotExist: create queue 739.1736129226 (ACCC)...
[01/06/25 02:07:07.495] [T7330] [info] CSXSEventQueueManager::CreateEventQueueIfNotExist: create queue 823.1736129227 (ADCS)...
[01/06/25 02:07:07.503] [T7332] [info] CSXSEventQueueManager::CreateEventQueueIfNotExist: create queue 826.1736129227 (ACHP)...
[01/06/25 02:07:12.666] [T8134] [info] CSXSEventQueueManager::CreateEventQueueIfNotExist: create queue 908.1736129232 (COSY)...
[01/06/25 02:07:13.276] [T8238] [info] CSXSEventQueueManager::CreateEventQueueIfNotExist: create queue 922.1736129233 (COSY)...
[01/06/25 02:07:15.730] [T8591] [info] CSXSEventQueueManager::CreateEventQueueIfNotExist: create queue 957.1736129235 (CCH_UPI)...
[01/06/25 02:12:24.349] [T8591] [info] CSXSEventQueueManager::RemoveEventQueueByChannel: remove queue 957.1736129235 (CCH_UPI) for channel 14...
[01/06/25 21:19:53.629] [T6887] [info] AdobeIPCBroker version: 7.2.1
[01/06/25 21:19:53.642] [T6898] [info] CSXSEventQueueManager::CreateEventQueueIfNotExist: create queue 787.1736198393 (CCXP)...
[01/06/25 21:19:54.097] [T7025] [info] CSXSEventQueueManager::CreateEventQueueIfNotExist: create queue 748.1736198394 (ACCC)...
[01/06/25 21:19:55.200] [T7467] [info] CSXSEventQueueManager::CreateEventQueueIfNotExist: create queue 849.1736198395 (ACHP)...
[01/06/25 21:19:55.201] [T7479] [info] CSXSEventQueueManager::CreateEventQueueIfNotExist: create queue 841.1736198395 (ADCS)...
[01/06/25 21:19:58.758] [T7864] [info] CSXSEventQueueManager::CreateEventQueueIfNotExist: create queue 876.1736198398 (COSY)...
[01/06/25 21:19:59.324] [T7926] [info] CSXSEventQueueManager::CreateEventQueueIfNotExist: create queue 883.1736198399 (COSY)...
[01/06/25 21:20:01.551] [T8280] [info] CSXSEventQueueManager::CreateEventQueueIfNotExist: create queue 908.1736198401 (CCH_UPI)...
[01/06/25 21:25:03.826] [T8280] [info] CSXSEventQueueManager::RemoveEventQueueByChannel: remove queue 908.1736198401 (CCH_UPI) for channel 14...
[01/07/25 00:20:54.352] [T6898] [info] CSXSEventQueueManager::RemoveEventQueueByChannel: remove queue 787.1736198393 (CCXP) for channel 2...
[01/07/25 00:22:07.658] [T233674] [info] CSXSEventQueueManager::CreateEventQueueIfNotExist: create queue 3624.1736209327 (CCXP)...
[01/07/25 00:53:08.633] [T233675] [info] CSXSEventQueueManager::RemoveEventQueueByChannel: remove queue 3624.1736209327 (CCXP) for channel 3...
[01/07/25 00:54:14.749] [T267274] [info] CSXSEventQueueManager::CreateEventQueueIfNotExist: create queue 4133.1736211254 (CCXP)...
[01/07/25 01:25:19.306] [T267276] [info] CSXSEventQueueManager::RemoveEventQueueByChannel: remove queue 4133.1736211254 (CCXP) for channel 3...
[01/07/25 01:26:32.583] [T309747] [info] CSXSEventQueueManager::CreateEventQueueIfNotExist: create queue 5032.1736213192 (CCXP)...
[01/07/25 01:57:34.783] [T309747] [info] CSXSEventQueueManager::RemoveEventQueueByChannel: remove queue 5032.1736213192 (CCXP) for channel 2...
[01/07/25 01:58:37.671] [T349031] [info] CSXSEventQueueManager::CreateEventQueueIfNotExist: create queue 5735.1736215117 (CCXP)...
[01/07/25 21:17:04.726] [T963050] [info] CSXSEventQueueManager::CreateEventQueueIfNotExist: create queue 12721.1736284624 (CCH_UPI)...
[01/07/25 21:22:05.811] [T963050] [info] CSXSEventQueueManager::RemoveEventQueueByChannel: remove queue 12721.1736284624 (CCH_UPI) for channel 14...
[01/08/25 00:17:56.820] [T349032] [info] CSXSEventQueueManager::RemoveEventQueueByChannel: remove queue 5735.1736215117 (CCXP) for channel 3...
[01/08/25 00:19:03.004] [T1097528] [info] CSXSEventQueueManager::CreateEventQueueIfNotExist: create queue 16134.1736295543 (CCXP)...
[01/08/25 00:50:05.021] [T1097528] [info] CSXSEventQueueManager::RemoveEventQueueByChannel: remove queue 16134.1736295543 (CCXP) for channel 2...
[01/08/25 00:51:06.263] [T1123121] [info] CSXSEventQueueManager::CreateEventQueueIfNotExist: create queue 16551.1736297466 (CCXP)...
[01/08/25 01:22:08.317] [T1123123] [info] CSXSEventQueueManager::RemoveEventQueueByChannel: remove queue 16551.1736297466 (CCXP) for channel 3...
[01/08/25 01:23:12.114] [T1143865] [info] CSXSEventQueueManager::CreateEventQueueIfNotExist: create queue 16880.1736299392 (CCXP)...
[01/08/25 01:54:14.507] [T1143865] [info] CSXSEventQueueManager::RemoveEventQueueByChannel: remove queue 16880.1736299392 (CCXP) for channel 2...
[01/08/25 01:55:15.540] [T1165966] [info] CSXSEventQueueManager::CreateEventQueueIfNotExist: create queue 17276.1736301315 (CCXP)...
[01/08/25 16:49:19.694] [T6650] [info] AdobeIPCBroker version: 7.2.1
[01/08/25 16:49:19.739] [T6715] [info] CSXSEventQueueManager::CreateEventQueueIfNotExist: create queue 772.1736354959 (CCXP)...
[01/08/25 16:49:21.103] [T7222] [info] CSXSEventQueueManager::CreateEventQueueIfNotExist: create queue 739.1736354961 (ACCC)...
[01/08/25 16:49:22.121] [T7489] [info] CSXSEventQueueManager::CreateEventQueueIfNotExist: create queue 853.1736354962 (ACHP)...
[01/08/25 16:49:22.138] [T7499] [info] CSXSEventQueueManager::CreateEventQueueIfNotExist: create queue 849.1736354962 (ADCS)...
[01/08/25 16:49:27.659] [T7989] [info] CSXSEventQueueManager::CreateEventQueueIfNotExist: create queue 894.1736354967 (COSY)...
[01/08/25 16:49:28.261] [T8065] [info] CSXSEventQueueManager::CreateEventQueueIfNotExist: create queue 906.1736354968 (COSY)...
[01/08/25 16:49:31.461] [T8616] [info] CSXSEventQueueManager::CreateEventQueueIfNotExist: create queue 939.1736354971 (CCH_UPI)...
[01/08/25 16:54:33.844] [T8616] [info] CSXSEventQueueManager::RemoveEventQueueByChannel: remove queue 939.1736354971 (CCH_UPI) for channel 14...
[01/09/25 00:20:23.467] [T6715] [info] CSXSEventQueueManager::RemoveEventQueueByChannel: remove queue 772.1736354959 (CCXP) for channel 2...
[01/09/25 00:21:25.103] [T360342] [info] CSXSEventQueueManager::CreateEventQueueIfNotExist: create queue 6510.1736382085 (CCXP)...
[01/09/25 00:52:26.434] [T360342] [info] CSXSEventQueueManager::RemoveEventQueueByChannel: remove queue 6510.1736382085 (CCXP) for channel 2...
[01/09/25 00:53:33.221] [T376192] [info] CSXSEventQueueManager::CreateEventQueueIfNotExist: create queue 6697.1736384013 (CCXP)...
[01/09/25 01:24:34.705] [T376196] [info] CSXSEventQueueManager::RemoveEventQueueByChannel: remove queue 6697.1736384013 (CCXP) for channel 3...
[01/09/25 01:25:42.001] [T393001] [info] CSXSEventQueueManager::CreateEventQueueIfNotExist: create queue 6969.1736385942 (CCXP)...
[01/09/25 01:56:43.871] [T393003] [info] CSXSEventQueueManager::RemoveEventQueueByChannel: remove queue 6969.1736385942 (CCXP) for channel 3...
[01/09/25 01:57:51.091] [T410013] [info] CSXSEventQueueManager::CreateEventQueueIfNotExist: create queue 7206.1736387871 (CCXP)...
[01/09/25 02:54:48.508] [T6582] [info] AdobeIPCBroker version: 7.2.1
[01/09/25 02:54:48.561] [T6631] [info] CSXSEventQueueManager::CreateEventQueueIfNotExist: create queue 763.1736391288 (CCXP)...
[01/09/25 02:54:49.938] [T7122] [info] CSXSEventQueueManager::CreateEventQueueIfNotExist: create queue 729.1736391289 (ACCC)...
[01/09/25 02:54:54.515] [T7654] [info] CSXSEventQueueManager::CreateEventQueueIfNotExist: create queue 842.1736391294 (ADCS)...
[01/09/25 02:54:55.238] [T7771] [info] CSXSEventQueueManager::CreateEventQueueIfNotExist: create queue 877.1736391295 (ACHP)...
[01/09/25 02:54:58.750] [T8095] [info] CSXSEventQueueManager::CreateEventQueueIfNotExist: create queue 887.1736391298 (COSY)...
[01/09/25 02:54:59.214] [T8277] [info] CSXSEventQueueManager::CreateEventQueueIfNotExist: create queue 918.1736391299 (COSY)...
[01/09/25 02:55:01.627] [T8809] [info] CSXSEventQueueManager::CreateEventQueueIfNotExist: create queue 962.1736391301 (CCH_UPI)...
[01/09/25 03:00:06.811] [T8809] [info] CSXSEventQueueManager::RemoveEventQueueByChannel: remove queue 962.1736391301 (CCH_UPI) for channel 14...
[01/10/25 00:40:57.453] [T6660] [info] CSXSEventQueueManager::RemoveEventQueueByChannel: remove queue 763.1736391288 (CCXP) for channel 2...
[01/10/25 00:57:40.604] [T634310] [info] CSXSEventQueueManager::CreateEventQueueIfNotExist: create queue 11140.1736470660 (CCXP)...
[01/10/25 01:34:07.563] [T634313] [info] CSXSEventQueueManager::RemoveEventQueueByChannel: remove queue 11140.1736470660 (CCXP) for channel 3...
[01/10/25 01:35:11.770] [T643445] [info] CSXSEventQueueManager::CreateEventQueueIfNotExist: create queue 12970.1736472911 (CCXP)...
[01/10/25 02:11:51.042] [T643445] [info] CSXSEventQueueManager::RemoveEventQueueByChannel: remove queue 12970.1736472911 (CCXP) for channel 2...
[01/10/25 02:12:54.613] [T647890] [info] CSXSEventQueueManager::CreateEventQueueIfNotExist: create queue 13056.1736475174 (CCXP)...
[01/10/25 02:53:13.387] [T647890] [info] CSXSEventQueueManager::RemoveEventQueueByChannel: remove queue 13056.1736475174 (CCXP) for channel 2...
[01/10/25 02:53:18.541] [T653384] [info] CSXSEventQueueManager::CreateEventQueueIfNotExist: create queue 13128.1736477598 (CCH_UPI)...
[01/10/25 02:54:20.125] [T654177] [info] CSXSEventQueueManager::CreateEventQueueIfNotExist: create queue 13169.1736477660 (CCXP)...
[01/10/25 03:31:19.798] [T653389] [info] CSXSEventQueueManager::RemoveEventQueueByChannel: remove queue 13128.1736477598 (CCH_UPI) for channel 3...
[01/10/25 08:19:35.524] [T6906] [info] AdobeIPCBroker version: 7.2.1
[01/10/25 08:19:35.526] [T6929] [info] CSXSEventQueueManager::CreateEventQueueIfNotExist: create queue 789.1736497175 (CCXP)...
[01/10/25 08:19:36.061] [T7082] [info] CSXSEventQueueManager::CreateEventQueueIfNotExist: create queue 740.1736497176 (ACCC)...
[01/10/25 08:19:36.706] [T7237] [info] CSXSEventQueueManager::CreateEventQueueIfNotExist: create queue 825.1736497176 (ACHP)...
[01/10/25 08:19:36.710] [T7240] [info] CSXSEventQueueManager::CreateEventQueueIfNotExist: create queue 821.1736497176 (ADCS)...
[01/10/25 08:19:43.711] [T8098] [info] CSXSEventQueueManager::CreateEventQueueIfNotExist: create queue 898.1736497183 (COSY)...
[01/10/25 08:19:44.173] [T8201] [info] CSXSEventQueueManager::CreateEventQueueIfNotExist: create queue 919.1736497184 (COSY)...
[01/10/25 08:19:46.606] [T8595] [info] CSXSEventQueueManager::CreateEventQueueIfNotExist: create queue 959.1736497186 (CCH_UPI)...
[01/10/25 08:24:48.966] [T8645] [info] CSXSEventQueueManager::RemoveEventQueueByChannel: remove queue 959.1736497186 (CCH_UPI) for channel 15...
[01/10/25 17:22:39.879] [T7147] [info] AdobeIPCBroker version: 7.2.1
[01/10/25 17:22:39.883] [T7156] [info] CSXSEventQueueManager::CreateEventQueueIfNotExist: create queue 778.1736529759 (CCXP)...
[01/10/25 17:22:41.550] [T7811] [info] CSXSEventQueueManager::CreateEventQueueIfNotExist: create queue 745.1736529761 (ACCC)...
[01/10/25 17:22:42.297] [T8004] [info] CSXSEventQueueManager::CreateEventQueueIfNotExist: create queue 867.1736529762 (ADCS)...
[01/10/25 17:22:42.345] [T8024] [info] CSXSEventQueueManager::CreateEventQueueIfNotExist: create queue 882.1736529762 (ACHP)...
[01/10/25 17:22:53.148] [T9123] [info] CSXSEventQueueManager::CreateEventQueueIfNotExist: create queue 965.1736529773 (COSY)...
[01/10/25 17:22:54.611] [T9352] [info] CSXSEventQueueManager::CreateEventQueueIfNotExist: create queue 981.1736529774 (COSY)...
[01/10/25 17:22:57.138] [T9606] [info] CSXSEventQueueManager::CreateEventQueueIfNotExist: create queue 996.1736529777 (CCH_UPI)...
[01/10/25 17:27:59.563] [T9650] [info] CSXSEventQueueManager::RemoveEventQueueByChannel: remove queue 996.1736529777 (CCH_UPI) for channel 15...
[01/11/25 00:37:02.782] [T7156] [info] CSXSEventQueueManager::RemoveEventQueueByChannel: remove queue 778.1736529759 (CCXP) for channel 2...
[01/11/25 00:38:16.957] [T286765] [info] CSXSEventQueueManager::CreateEventQueueIfNotExist: create queue 5437.1736555896 (CCXP)...
[01/11/25 01:09:17.596] [T286768] [info] CSXSEventQueueManager::RemoveEventQueueByChannel: remove queue 5437.1736555896 (CCXP) for channel 3...
[01/11/25 01:10:19.763] [T319073] [info] CSXSEventQueueManager::CreateEventQueueIfNotExist: create queue 6054.1736557819 (CCXP)...
[01/11/25 01:49:22.753] [T319073] [info] CSXSEventQueueManager::RemoveEventQueueByChannel: remove queue 6054.1736557819 (CCXP) for channel 2...
[01/11/25 01:50:34.642] [T333175] [info] CSXSEventQueueManager::CreateEventQueueIfNotExist: create queue 6260.1736560234 (CCXP)...
[01/11/25 02:21:37.280] [T333175] [info] CSXSEventQueueManager::RemoveEventQueueByChannel: remove queue 6260.1736560234 (CCXP) for channel 2...
[01/11/25 02:22:40.631] [T366292] [info] CSXSEventQueueManager::CreateEventQueueIfNotExist: create queue 6943.1736562160 (CCXP)...
[01/11/25 19:28:26.233] [T11993] [info] AdobeIPCBroker version: 7.2.1
[01/11/25 19:28:26.279] [T12012] [info] CSXSEventQueueManager::CreateEventQueueIfNotExist: create queue 828.1736623706 (CCXP)...
[01/11/25 19:28:28.143] [T12422] [info] CSXSEventQueueManager::CreateEventQueueIfNotExist: create queue 744.1736623708 (ACCC)...
[01/11/25 19:28:32.248] [T13170] [info] CSXSEventQueueManager::CreateEventQueueIfNotExist: create queue 915.1736623712 (ADCS)...
[01/11/25 19:28:32.342] [T13197] [info] CSXSEventQueueManager::CreateEventQueueIfNotExist: create queue 928.1736623712 (ACHP)...
[01/11/25 19:28:42.769] [T14036] [info] CSXSEventQueueManager::CreateEventQueueIfNotExist: create queue 1000.1736623722 (COSY)...
[01/11/25 19:28:43.544] [T14127] [info] CSXSEventQueueManager::CreateEventQueueIfNotExist: create queue 1013.1736623723 (COSY)...
[01/11/25 19:28:47.708] [T14507] [info] CSXSEventQueueManager::CreateEventQueueIfNotExist: create queue 1035.1736623727 (CCH_UPI)...
[01/11/25 19:33:48.889] [T14507] [info] CSXSEventQueueManager::RemoveEventQueueByChannel: remove queue 1035.1736623727 (CCH_UPI) for channel 14...
[01/12/25 00:31:42.673] [T12016] [info] CSXSEventQueueManager::RemoveEventQueueByChannel: remove queue 828.1736623706 (CCXP) for channel 3...
[01/12/25 00:32:53.959] [T261739] [info] CSXSEventQueueManager::CreateEventQueueIfNotExist: create queue 5339.1736641973 (CCXP)...
[01/12/25 01:03:56.470] [T261739] [info] CSXSEventQueueManager::RemoveEventQueueByChannel: remove queue 5339.1736641973 (CCXP) for channel 2...
[01/12/25 01:04:58.772] [T289793] [info] CSXSEventQueueManager::CreateEventQueueIfNotExist: create queue 5637.1736643898 (CCXP)...
[01/12/25 02:06:00.625] [T289793] [info] CSXSEventQueueManager::RemoveEventQueueByChannel: remove queue 5637.1736643898 (CCXP) for channel 2...
[01/12/25 02:07:12.011] [T353046] [info] CSXSEventQueueManager::CreateEventQueueIfNotExist: create queue 6507.1736647632 (CCXP)...
[01/12/25 02:38:48.013] [T353046] [info] CSXSEventQueueManager::RemoveEventQueueByChannel: remove queue 6507.1736647632 (CCXP) for channel 2...
[01/12/25 02:39:52.166] [T364669] [info] CSXSEventQueueManager::CreateEventQueueIfNotExist: create queue 6641.1736649592 (CCXP)...
[01/12/25 19:25:53.113] [T629984] [info] CSXSEventQueueManager::CreateEventQueueIfNotExist: create queue 10009.1736709953 (CCH_UPI)...
[01/12/25 19:30:55.698] [T629984] [info] CSXSEventQueueManager::RemoveEventQueueByChannel: remove queue 10009.1736709953 (CCH_UPI) for channel 14...
[01/13/25 00:11:05.351] [T364671] [info] CSXSEventQueueManager::RemoveEventQueueByChannel: remove queue 6641.1736649592 (CCXP) for channel 3...
[01/13/25 00:12:19.369] [T781861] [info] CSXSEventQueueManager::CreateEventQueueIfNotExist: create queue 11575.1736727139 (CCXP)...
[01/13/25 00:43:21.297] [T781872] [info] CSXSEventQueueManager::RemoveEventQueueByChannel: remove queue 11575.1736727139 (CCXP) for channel 3...
[01/13/25 00:44:23.449] [T802734] [info] CSXSEventQueueManager::CreateEventQueueIfNotExist: create queue 11749.1736729063 (CCXP)...
[01/13/25 01:15:26.531] [T802740] [info] CSXSEventQueueManager::RemoveEventQueueByChannel: remove queue 11749.1736729063 (CCXP) for channel 3...
[01/13/25 01:16:37.922] [T829813] [info] CSXSEventQueueManager::CreateEventQueueIfNotExist: create queue 12165.1736730997 (CCXP)...
[01/13/25 01:47:40.309] [T829813] [info] CSXSEventQueueManager::RemoveEventQueueByChannel: remove queue 12165.1736730997 (CCXP) for channel 2...
[01/13/25 01:48:42.268] [T851020] [info] CSXSEventQueueManager::CreateEventQueueIfNotExist: create queue 12361.1736732922 (CCXP)...
[01/13/25 04:13:18.612] [T6936] [info] AdobeIPCBroker version: 7.2.1
[01/13/25 04:13:18.666] [T6956] [info] CSXSEventQueueManager::CreateEventQueueIfNotExist: create queue 790.1736741598 (CCXP)...
[01/13/25 04:13:19.560] [T7304] [info] CSXSEventQueueManager::CreateEventQueueIfNotExist: create queue 731.1736741599 (ACCC)...
[01/13/25 04:13:20.308] [T7496] [info] CSXSEventQueueManager::CreateEventQueueIfNotExist: create queue 849.1736741600 (ACHP)...
[01/13/25 04:13:20.311] [T7499] [info] CSXSEventQueueManager::CreateEventQueueIfNotExist: create queue 843.1736741600 (ADCS)...
[01/13/25 04:13:28.961] [T8692] [info] CSXSEventQueueManager::CreateEventQueueIfNotExist: create queue 930.1736741608 (COSY)...
[01/13/25 04:13:29.342] [T8792] [info] CSXSEventQueueManager::CreateEventQueueIfNotExist: create queue 939.1736741609 (COSY)...
[01/13/25 04:13:32.645] [T9189] [info] CSXSEventQueueManager::CreateEventQueueIfNotExist: create queue 978.1736741612 (CCH_UPI)...
[01/13/25 04:18:35.344] [T9207] [info] CSXSEventQueueManager::RemoveEventQueueByChannel: remove queue 978.1736741612 (CCH_UPI) for channel 15...
[01/14/25 00:13:54.365] [T6992] [info] CSXSEventQueueManager::RemoveEventQueueByChannel: remove queue 790.1736741598 (CCXP) for channel 3...
[01/14/25 00:14:55.342] [T801046] [info] CSXSEventQueueManager::CreateEventQueueIfNotExist: create queue 14473.1736813695 (CCXP)...
[01/14/25 00:45:57.415] [T801047] [info] CSXSEventQueueManager::RemoveEventQueueByChannel: remove queue 14473.1736813695 (CCXP) for channel 3...
[01/14/25 00:47:08.813] [T824967] [info] CSXSEventQueueManager::CreateEventQueueIfNotExist: create queue 14872.1736815628 (CCXP)...
[01/14/25 01:18:09.929] [T824968] [info] CSXSEventQueueManager::RemoveEventQueueByChannel: remove queue 14872.1736815628 (CCXP) for channel 3...
[01/14/25 01:19:15.019] [T853845] [info] CSXSEventQueueManager::CreateEventQueueIfNotExist: create queue 15554.1736817555 (CCXP)...
[01/14/25 01:50:15.941] [T853845] [info] CSXSEventQueueManager::RemoveEventQueueByChannel: remove queue 15554.1736817555 (CCXP) for channel 2...
[01/14/25 01:51:17.135] [T877977] [info] CSXSEventQueueManager::CreateEventQueueIfNotExist: create queue 15946.1736819477 (CCXP)...
[01/14/25 04:10:39.553] [T979804] [info] CSXSEventQueueManager::CreateEventQueueIfNotExist: create queue 16998.1736827839 (CCH_UPI)...
[01/14/25 04:15:41.978] [T979804] [info] CSXSEventQueueManager::RemoveEventQueueByChannel: remove queue 16998.1736827839 (CCH_UPI) for channel 14...
[01/14/25 05:38:22.258] [T7049] [info] AdobeIPCBroker version: 7.2.1
[01/14/25 05:38:22.304] [T7063] [info] CSXSEventQueueManager::CreateEventQueueIfNotExist: create queue 795.1736833102 (CCXP)...
[01/14/25 05:38:22.766] [T7190] [info] CSXSEventQueueManager::CreateEventQueueIfNotExist: create queue 727.1736833102 (ACCC)...
[01/14/25 05:38:25.698] [T7841] [info] CSXSEventQueueManager::CreateEventQueueIfNotExist: create queue 864.1736833105 (ADCS)...
[01/14/25 05:38:25.713] [T7845] [info] CSXSEventQueueManager::CreateEventQueueIfNotExist: create queue 898.1736833105 (ACHP)...
[01/14/25 05:38:33.653] [T8798] [info] CSXSEventQueueManager::CreateEventQueueIfNotExist: create queue 954.1736833113 (COSY)...
[01/14/25 05:38:34.914] [T8944] [info] CSXSEventQueueManager::CreateEventQueueIfNotExist: create queue 969.1736833114 (COSY)...
[01/14/25 05:38:38.350] [T9309] [info] CSXSEventQueueManager::CreateEventQueueIfNotExist: create queue 999.1736833118 (CCH_UPI)...
[01/14/25 05:43:40.799] [T9313] [info] CSXSEventQueueManager::RemoveEventQueueByChannel: remove queue 999.1736833118 (CCH_UPI) for channel 15...
[01/15/25 00:30:13.326] [T7063] [info] CSXSEventQueueManager::RemoveEventQueueByChannel: remove queue 795.1736833102 (CCXP) for channel 2...
[01/15/25 00:31:15.893] [T757665] [info] CSXSEventQueueManager::CreateEventQueueIfNotExist: create queue 9589.1736901075 (CCXP)...
[01/15/25 01:02:17.540] [T757672] [info] CSXSEventQueueManager::RemoveEventQueueByChannel: remove queue 9589.1736901075 (CCXP) for channel 3...
[01/15/25 01:03:18.759] [T789244] [info] CSXSEventQueueManager::CreateEventQueueIfNotExist: create queue 9819.1736902998 (CCXP)...
[01/15/25 01:34:20.439] [T789249] [info] CSXSEventQueueManager::RemoveEventQueueByChannel: remove queue 9819.1736902998 (CCXP) for channel 3...
[01/15/25 01:35:21.635] [T817943] [info] CSXSEventQueueManager::CreateEventQueueIfNotExist: create queue 10001.1736904921 (CCXP)...
[01/15/25 02:06:23.697] [T817943] [info] CSXSEventQueueManager::RemoveEventQueueByChannel: remove queue 10001.1736904921 (CCXP) for channel 2...
[01/15/25 02:07:25.350] [T844333] [info] CSXSEventQueueManager::CreateEventQueueIfNotExist: create queue 10267.1736906845 (CCXP)...
[01/15/25 05:35:43.041] [T1048437] [info] CSXSEventQueueManager::CreateEventQueueIfNotExist: create queue 13694.1736919343 (CCH_UPI)...
[01/15/25 05:40:45.644] [T1048437] [info] CSXSEventQueueManager::RemoveEventQueueByChannel: remove queue 13694.1736919343 (CCH_UPI) for channel 14...
[01/15/25 08:11:11.765] [T7007] [info] AdobeIPCBroker version: 7.2.1
[01/15/25 08:11:11.767] [T7019] [info] CSXSEventQueueManager::CreateEventQueueIfNotExist: create queue 766.1736928671 (CCXP)...
[01/15/25 08:11:12.174] [T7167] [info] CSXSEventQueueManager::CreateEventQueueIfNotExist: create queue 742.1736928672 (ACCC)...
[01/15/25 08:11:15.168] [T7641] [info] CSXSEventQueueManager::CreateEventQueueIfNotExist: create queue 870.1736928675 (ACHP)...
[01/15/25 08:11:15.262] [T7683] [info] CSXSEventQueueManager::CreateEventQueueIfNotExist: create queue 866.1736928675 (ADCS)...
[01/15/25 08:11:19.805] [T8164] [info] CSXSEventQueueManager::CreateEventQueueIfNotExist: create queue 899.1736928679 (COSY)...
[01/15/25 08:11:21.982] [T8390] [info] CSXSEventQueueManager::CreateEventQueueIfNotExist: create queue 913.1736928681 (COSY)...
[01/15/25 08:12:08.801] [T7646] [info] CSXSEventQueueManager::RemoveEventQueueByChannel: remove queue 870.1736928675 (ACHP) for channel 10...
[01/15/25 08:12:08.801] [T7167] [info] CSXSEventQueueManager::RemoveEventQueueByChannel: remove queue 742.1736928672 (ACCC) for channel 8...
[01/15/25 08:12:17.900] [T12717] [info] AdobeIPCBroker version: 7.2.1
[01/15/25 08:12:17.903] [T12725] [info] CSXSEventQueueManager::CreateEventQueueIfNotExist: create queue 766.1736928671 (CCXP)...
[01/15/25 08:12:17.939] [T12727] [info] CSXSEventQueueManager::CreateEventQueueIfNotExist: create queue 913.1736928681 (COSY)...
[01/15/25 08:12:22.798] [T13075] [info] CSXSEventQueueManager::CreateEventQueueIfNotExist: create queue 1257.1736928742 (ACCC)...
[01/15/25 08:12:25.487] [T13295] [info] CSXSEventQueueManager::CreateEventQueueIfNotExist: create queue 1305.1736928745 (ACHP)...
[01/15/25 08:12:26.010] [T13363] [info] CSXSEventQueueManager::CreateEventQueueIfNotExist: create queue 1301.1736928746 (ADCS)...
[01/15/25 08:12:38.646] [T14050] [info] CSXSEventQueueManager::CreateEventQueueIfNotExist: create queue 1355.1736928758 (COSY)...
[01/15/25 08:12:40.958] [T14154] [info] CSXSEventQueueManager::CreateEventQueueIfNotExist: create queue 1361.1736928760 (CCH_UPI)...
[01/15/25 08:17:43.881] [T14188] [info] CSXSEventQueueManager::RemoveEventQueueByChannel: remove queue 1361.1736928760 (CCH_UPI) for channel 14...
[01/16/25 00:12:15.755] [T12725] [info] CSXSEventQueueManager::RemoveEventQueueByChannel: remove queue 766.1736928671 (CCXP) for channel 2...
[01/16/25 00:13:22.877] [T492726] [info] CSXSEventQueueManager::CreateEventQueueIfNotExist: create queue 7762.1736986402 (CCXP)...
[01/16/25 00:44:25.154] [T492727] [info] CSXSEventQueueManager::RemoveEventQueueByChannel: remove queue 7762.1736986402 (CCXP) for channel 13...
[01/16/25 00:45:27.192] [T512471] [info] CSXSEventQueueManager::CreateEventQueueIfNotExist: create queue 8058.1736988327 (CCXP)...
[01/16/25 01:16:29.446] [T512471] [info] CSXSEventQueueManager::RemoveEventQueueByChannel: remove queue 8058.1736988327 (CCXP) for channel 2...
[01/16/25 01:17:31.429] [T532203] [info] CSXSEventQueueManager::CreateEventQueueIfNotExist: create queue 8385.1736990251 (CCXP)...
[01/16/25 01:48:33.759] [T532207] [info] CSXSEventQueueManager::RemoveEventQueueByChannel: remove queue 8385.1736990251 (CCXP) for channel 13...
[01/16/25 01:49:36.777] [T553137] [info] CSXSEventQueueManager::CreateEventQueueIfNotExist: create queue 8762.1736992176 (CCXP)...
[01/16/25 03:24:20.277] [T7101] [info] AdobeIPCBroker version: 7.2.1
[01/16/25 03:24:20.309] [T7136] [info] CSXSEventQueueManager::CreateEventQueueIfNotExist: create queue 768.1736997860 (CCXP)...
[01/16/25 03:24:20.852] [T7297] [info] CSXSEventQueueManager::CreateEventQueueIfNotExist: create queue 717.1736997860 (ACCC)...
[01/16/25 03:24:22.043] [T7612] [info] CSXSEventQueueManager::CreateEventQueueIfNotExist: create queue 847.1736997862 (ADCS)...
[01/16/25 03:24:23.111] [T7824] [info] CSXSEventQueueManager::CreateEventQueueIfNotExist: create queue 889.1736997863 (ACHP)...
[01/16/25 03:24:26.805] [T8318] [info] CSXSEventQueueManager::CreateEventQueueIfNotExist: create queue 921.1736997866 (COSY)...
[01/16/25 03:24:29.411] [T8715] [info] CSXSEventQueueManager::CreateEventQueueIfNotExist: create queue 935.1736997869 (COSY)...
[01/16/25 03:24:33.122] [T9294] [info] CSXSEventQueueManager::CreateEventQueueIfNotExist: create queue 987.1736997873 (CCH_UPI)...
[01/16/25 03:29:38.767] [T9664] [info] CSXSEventQueueManager::RemoveEventQueueByChannel: remove queue 987.1736997873 (CCH_UPI) for channel 25...
[01/17/25 00:10:49.639] [T7144] [info] CSXSEventQueueManager::RemoveEventQueueByChannel: remove queue 768.1736997860 (CCXP) for channel 8...
[01/17/25 00:11:51.010] [T532210] [info] CSXSEventQueueManager::CreateEventQueueIfNotExist: create queue 8039.1737072711 (CCXP)...
[01/17/25 00:42:51.836] [T532213] [info] CSXSEventQueueManager::RemoveEventQueueByChannel: remove queue 8039.1737072711 (CCXP) for channel 8...
[01/17/25 00:43:55.229] [T567839] [info] CSXSEventQueueManager::CreateEventQueueIfNotExist: create queue 8739.1737074635 (CCXP)...
[01/17/25 01:14:56.406] [T567839] [info] CSXSEventQueueManager::RemoveEventQueueByChannel: remove queue 8739.1737074635 (CCXP) for channel 7...
[01/17/25 01:15:58.009] [T598744] [info] CSXSEventQueueManager::CreateEventQueueIfNotExist: create queue 9290.1737076558 (CCXP)...
[01/17/25 01:47:02.316] [T598746] [info] CSXSEventQueueManager::RemoveEventQueueByChannel: remove queue 9290.1737076558 (CCXP) for channel 8...
[01/17/25 01:48:08.711] [T619155] [info] CSXSEventQueueManager::CreateEventQueueIfNotExist: create queue 9619.1737078488 (CCXP)...
[01/17/25 03:30:57.219] [T711696] [info] CSXSEventQueueManager::CreateEventQueueIfNotExist: create queue 10786.1737084657 (CCH_UPI)...
[01/17/25 03:31:03.853] [T8718] [info] CSXSEventQueueManager::RemoveEventQueueByChannel: remove queue 935.1736997869 (COSY) for channel 23...
[01/17/25 03:31:36.091] [T713145] [info] CSXSEventQueueManager::CreateEventQueueIfNotExist: create queue 10889.1737084696 (COSY)...
[01/17/25 04:07:48.709] [T711696] [info] CSXSEventQueueManager::RemoveEventQueueByChannel: remove queue 10786.1737084657 (CCH_UPI) for channel 19...
[01/17/25 15:10:53.613] [T7390] [info] AdobeIPCBroker version: 7.2.1
[01/17/25 15:10:53.615] [T7401] [info] CSXSEventQueueManager::CreateEventQueueIfNotExist: create queue 793.1737126653 (CCXP)...
[01/17/25 15:10:54.185] [T7540] [info] CSXSEventQueueManager::CreateEventQueueIfNotExist: create queue 720.1737126654 (ACCC)...
[01/17/25 15:10:57.669] [T8259] [info] CSXSEventQueueManager::CreateEventQueueIfNotExist: create queue 865.1737126657 (ADCS)...
[01/17/25 15:10:57.724] [T8281] [info] CSXSEventQueueManager::CreateEventQueueIfNotExist: create queue 886.1737126657 (ACHP)...
[01/17/25 15:11:04.335] [T9375] [info] CSXSEventQueueManager::CreateEventQueueIfNotExist: create queue 967.1737126664 (COSY)...
[01/17/25 15:11:04.750] [T9501] [info] CSXSEventQueueManager::CreateEventQueueIfNotExist: create queue 978.1737126664 (COSY)...
[01/17/25 15:11:07.216] [T9834] [info] CSXSEventQueueManager::CreateEventQueueIfNotExist: create queue 1003.1737126667 (CCH_UPI)...
[01/17/25 15:16:09.514] [T9834] [info] CSXSEventQueueManager::RemoveEventQueueByChannel: remove queue 1003.1737126667 (CCH_UPI) for channel 14...
[01/18/25 00:22:18.048] [T7429] [info] CSXSEventQueueManager::RemoveEventQueueByChannel: remove queue 793.1737126653 (CCXP) for channel 3...
[01/18/25 00:23:31.464] [T493495] [info] CSXSEventQueueManager::CreateEventQueueIfNotExist: create queue 8769.1737159811 (CCXP)...
[01/18/25 00:54:33.591] [T493495] [info] CSXSEventQueueManager::RemoveEventQueueByChannel: remove queue 8769.1737159811 (CCXP) for channel 2...
[01/18/25 00:55:37.826] [T530504] [info] CSXSEventQueueManager::CreateEventQueueIfNotExist: create queue 9417.1737161737 (CCXP)...
[01/18/25 01:26:40.498] [T530504] [info] CSXSEventQueueManager::RemoveEventQueueByChannel: remove queue 9417.1737161737 (CCXP) for channel 2...
[01/18/25 01:27:42.381] [T554983] [info] CSXSEventQueueManager::CreateEventQueueIfNotExist: create queue 9604.1737163662 (CCXP)...
[01/18/25 01:58:43.543] [T554991] [info] CSXSEventQueueManager::RemoveEventQueueByChannel: remove queue 9604.1737163662 (CCXP) for channel 3...
[01/18/25 01:59:49.755] [T597511] [info] CSXSEventQueueManager::CreateEventQueueIfNotExist: create queue 10106.1737165589 (CCXP)...
[01/18/25 05:27:29.705] [T7182] [info] AdobeIPCBroker version: 7.2.1
[01/18/25 05:27:29.748] [T7215] [info] CSXSEventQueueManager::CreateEventQueueIfNotExist: create queue 804.1737178049 (CCXP)...
[01/18/25 05:27:30.505] [T7527] [info] CSXSEventQueueManager::CreateEventQueueIfNotExist: create queue 733.1737178050 (ACCC)...
[01/18/25 05:27:31.339] [T7770] [info] CSXSEventQueueManager::CreateEventQueueIfNotExist: create queue 861.1737178051 (ACHP)...
[01/18/25 05:27:31.354] [T7782] [info] CSXSEventQueueManager::CreateEventQueueIfNotExist: create queue 857.1737178051 (ADCS)...
[01/18/25 05:27:38.416] [T8520] [info] CSXSEventQueueManager::CreateEventQueueIfNotExist: create queue 902.1737178058 (COSY)...
[01/18/25 05:27:38.895] [T8619] [info] CSXSEventQueueManager::CreateEventQueueIfNotExist: create queue 914.1737178058 (COSY)...
[01/18/25 05:27:41.795] [T9108] [info] CSXSEventQueueManager::CreateEventQueueIfNotExist: create queue 964.1737178061 (CCH_UPI)...
[01/18/25 05:32:46.534] [T9108] [info] CSXSEventQueueManager::RemoveEventQueueByChannel: remove queue 964.1737178061 (CCH_UPI) for channel 14...
[01/19/25 00:13:00.184] [T7215] [info] CSXSEventQueueManager::RemoveEventQueueByChannel: remove queue 804.1737178049 (CCXP) for channel 2...
[01/19/25 00:14:01.528] [T567373] [info] CSXSEventQueueManager::CreateEventQueueIfNotExist: create queue 10181.1737245641 (CCXP)...
[01/19/25 00:45:03.297] [T567373] [info] CSXSEventQueueManager::RemoveEventQueueByChannel: remove queue 10181.1737245641 (CCXP) for channel 2...
[01/19/25 00:46:10.151] [T595369] [info] CSXSEventQueueManager::CreateEventQueueIfNotExist: create queue 10502.1737247570 (CCXP)...
[01/19/25 01:21:49.799] [T595377] [info] CSXSEventQueueManager::RemoveEventQueueByChannel: remove queue 10502.1737247570 (CCXP) for channel 3...
[01/19/25 01:22:51.505] [T616432] [info] CSXSEventQueueManager::CreateEventQueueIfNotExist: create queue 10809.1737249771 (CCXP)...
[01/19/25 01:53:54.559] [T616434] [info] CSXSEventQueueManager::RemoveEventQueueByChannel: remove queue 10809.1737249771 (CCXP) for channel 3...
[01/19/25 01:55:07.982] [T641944] [info] CSXSEventQueueManager::CreateEventQueueIfNotExist: create queue 11064.1737251707 (CCXP)...
[01/19/25 05:24:47.305] [T835961] [info] CSXSEventQueueManager::CreateEventQueueIfNotExist: create queue 13732.1737264287 (CCH_UPI)...
[01/19/25 05:29:50.183] [T835979] [info] CSXSEventQueueManager::RemoveEventQueueByChannel: remove queue 13732.1737264287 (CCH_UPI) for channel 15...
[01/19/25 07:00:17.014] [T10371] [info] AdobeIPCBroker version: 7.2.1
[01/19/25 07:00:17.059] [T10383] [info] CSXSEventQueueManager::CreateEventQueueIfNotExist: create queue 961.1737270016 (CCXP)...
[01/19/25 07:00:19.958] [T10731] [info] CSXSEventQueueManager::CreateEventQueueIfNotExist: create queue 949.1737270019 (ACCC)...
[01/19/25 07:00:40.053] [T12246] [info] CSXSEventQueueManager::CreateEventQueueIfNotExist: create queue 1026.1737270040 (ADCS)...
[01/19/25 07:00:51.537] [T12826] [info] CSXSEventQueueManager::CreateEventQueueIfNotExist: create queue 1033.1737270051 (ACHP)...
[01/19/25 07:01:03.455] [T13540] [info] CSXSEventQueueManager::CreateEventQueueIfNotExist: create queue 1067.1737270063 (COSY)...
[01/19/25 07:01:08.486] [T13788] [info] CSXSEventQueueManager::CreateEventQueueIfNotExist: create queue 1077.1737270068 (COSY)...
[01/19/25 07:01:13.471] [T14192] [info] CSXSEventQueueManager::CreateEventQueueIfNotExist: create queue 1087.1737270073 (CCH_UPI)...
[01/19/25 07:06:20.911] [T14192] [info] CSXSEventQueueManager::RemoveEventQueueByChannel: remove queue 1087.1737270073 (CCH_UPI) for channel 14...
[01/19/25 07:37:25.917] [T6723] [info] AdobeIPCBroker version: 7.2.1
[01/19/25 07:37:25.943] [T6774] [info] CSXSEventQueueManager::CreateEventQueueIfNotExist: create queue 764.1737272245 (CCXP)...
[01/19/25 07:37:26.858] [T7134] [info] CSXSEventQueueManager::CreateEventQueueIfNotExist: create queue 715.1737272246 (ACCC)...
[01/19/25 07:37:27.396] [T7306] [info] CSXSEventQueueManager::CreateEventQueueIfNotExist: create queue 826.1737272247 (ACHP)...
[01/19/25 07:37:27.409] [T7310] [info] CSXSEventQueueManager::CreateEventQueueIfNotExist: create queue 822.1737272247 (ADCS)...
[01/19/25 07:37:35.670] [T8310] [info] CSXSEventQueueManager::CreateEventQueueIfNotExist: create queue 907.1737272255 (COSY)...
[01/19/25 07:37:36.573] [T8420] [info] CSXSEventQueueManager::CreateEventQueueIfNotExist: create queue 922.1737272256 (COSY)...
[01/19/25 07:37:39.419] [T8878] [info] CSXSEventQueueManager::CreateEventQueueIfNotExist: create queue 966.1737272259 (CCH_UPI)...
[01/19/25 07:42:43.437] [T8878] [info] CSXSEventQueueManager::RemoveEventQueueByChannel: remove queue 966.1737272259 (CCH_UPI) for channel 14...
[01/20/25 00:28:28.177] [T6800] [info] CSXSEventQueueManager::RemoveEventQueueByChannel: remove queue 764.1737272245 (CCXP) for channel 3...
[01/20/25 00:29:43.428] [T630757] [info] CSXSEventQueueManager::CreateEventQueueIfNotExist: create queue 9607.1737332983 (CCXP)...
[01/20/25 01:15:21.162] [T630764] [info] CSXSEventQueueManager::RemoveEventQueueByChannel: remove queue 9607.1737332983 (CCXP) for channel 3...
[01/20/25 01:32:00.044] [T647117] [info] CSXSEventQueueManager::CreateEventQueueIfNotExist: create queue 9913.1737336720 (CCXP)...
[01/20/25 02:05:38.101] [T647119] [info] CSXSEventQueueManager::RemoveEventQueueByChannel: remove queue 9913.1737336720 (CCXP) for channel 3...
[01/20/25 02:06:39.280] [T653814] [info] CSXSEventQueueManager::CreateEventQueueIfNotExist: create queue 10033.1737338799 (CCXP)...
[01/20/25 02:37:41.573] [T653820] [info] CSXSEventQueueManager::RemoveEventQueueByChannel: remove queue 10033.1737338799 (CCXP) for channel 3...
[01/20/25 02:38:48.494] [T679906] [info] CSXSEventQueueManager::CreateEventQueueIfNotExist: create queue 10272.1737340728 (CCXP)...
[01/20/25 07:34:43.754] [T946799] [info] CSXSEventQueueManager::CreateEventQueueIfNotExist: create queue 13641.1737358483 (CCH_UPI)...
[01/20/25 07:39:45.651] [T946799] [info] CSXSEventQueueManager::RemoveEventQueueByChannel: remove queue 13641.1737358483 (CCH_UPI) for channel 14...
[01/20/25 11:27:03.210] [T6713] [info] AdobeIPCBroker version: 7.2.1
[01/20/25 11:27:03.257] [T6746] [info] CSXSEventQueueManager::CreateEventQueueIfNotExist: create queue 754.1737372423 (CCXP)...
[01/20/25 11:27:05.176] [T7354] [info] CSXSEventQueueManager::CreateEventQueueIfNotExist: create queue 720.1737372425 (ACCC)...
[01/20/25 11:27:09.129] [T7898] [info] CSXSEventQueueManager::CreateEventQueueIfNotExist: create queue 867.1737372429 (ACHP)...
[01/20/25 11:27:09.156] [T7905] [info] CSXSEventQueueManager::CreateEventQueueIfNotExist: create queue 838.1737372429 (ADCS)...
[01/20/25 11:27:16.611] [T8747] [info] CSXSEventQueueManager::CreateEventQueueIfNotExist: create queue 935.1737372436 (COSY)...
[01/20/25 11:27:17.738] [T8868] [info] CSXSEventQueueManager::CreateEventQueueIfNotExist: create queue 952.1737372437 (COSY)...
[01/20/25 11:27:20.822] [T9291] [info] CSXSEventQueueManager::CreateEventQueueIfNotExist: create queue 990.1737372440 (CCH_UPI)...
[01/20/25 11:32:23.095] [T9291] [info] CSXSEventQueueManager::RemoveEventQueueByChannel: remove queue 990.1737372440 (CCH_UPI) for channel 14...
[01/20/25 11:44:10.200] [T7105] [info] AdobeIPCBroker version: 7.2.1
[01/20/25 11:44:10.252] [T7146] [info] CSXSEventQueueManager::CreateEventQueueIfNotExist: create queue 799.1737373450 (CCXP)...
[01/20/25 11:44:11.421] [T7416] [info] CSXSEventQueueManager::CreateEventQueueIfNotExist: create queue 732.1737373451 (ACCC)...
[01/20/25 11:44:12.127] [T7567] [info] CSXSEventQueueManager::CreateEventQueueIfNotExist: create queue 857.1737373452 (ACHP)...
[01/20/25 11:44:12.177] [T7610] [info] CSXSEventQueueManager::CreateEventQueueIfNotExist: create queue 852.1737373452 (ADCS)...
[01/20/25 11:44:15.549] [T8136] [info] CSXSEventQueueManager::CreateEventQueueIfNotExist: create queue 888.1737373455 (COSY)...
[01/20/25 11:44:16.338] [T8255] [info] CSXSEventQueueManager::CreateEventQueueIfNotExist: create queue 900.1737373456 (COSY)...
[01/20/25 11:44:21.472] [T8824] [info] CSXSEventQueueManager::CreateEventQueueIfNotExist: create queue 953.1737373461 (CCH_UPI)...
[01/20/25 11:49:23.873] [T8824] [info] CSXSEventQueueManager::RemoveEventQueueByChannel: remove queue 953.1737373461 (CCH_UPI) for channel 14...
[01/21/25 00:26:16.996] [T7146] [info] CSXSEventQueueManager::RemoveEventQueueByChannel: remove queue 799.1737373450 (CCXP) for channel 2...
[01/21/25 00:27:21.442] [T358219] [info] CSXSEventQueueManager::CreateEventQueueIfNotExist: create queue 6049.1737419241 (CCXP)...
[01/21/25 00:58:24.260] [T358220] [info] CSXSEventQueueManager::RemoveEventQueueByChannel: remove queue 6049.1737419241 (CCXP) for channel 3...
[01/21/25 00:59:25.368] [T371092] [info] CSXSEventQueueManager::CreateEventQueueIfNotExist: create queue 6143.1737421165 (CCXP)...
[01/21/25 01:44:04.281] [T371092] [info] CSXSEventQueueManager::RemoveEventQueueByChannel: remove queue 6143.1737421165 (CCXP) for channel 2...
[01/21/25 01:45:05.801] [T377120] [info] CSXSEventQueueManager::CreateEventQueueIfNotExist: create queue 6221.1737423905 (CCXP)...
[01/21/25 02:28:08.543] [T377121] [info] CSXSEventQueueManager::RemoveEventQueueByChannel: remove queue 6221.1737423905 (CCXP) for channel 3...
[01/21/25 02:29:10.031] [T386904] [info] CSXSEventQueueManager::CreateEventQueueIfNotExist: create queue 6346.1737426550 (CCXP)...
[01/21/25 11:41:27.906] [T489868] [info] CSXSEventQueueManager::CreateEventQueueIfNotExist: create queue 7618.1737459687 (ACHP)...
[01/21/25 11:41:28.138] [T489951] [info] CSXSEventQueueManager::CreateEventQueueIfNotExist: create queue 7622.1737459688 (CCH_UPI)...
[01/21/25 11:41:30.060] [T7583] [info] CSXSEventQueueManager::RemoveEventQueueByChannel: remove queue 857.1737373452 (ACHP) for channel 6...
[01/21/25 11:46:31.072] [T489951] [info] CSXSEventQueueManager::RemoveEventQueueByChannel: remove queue 7622.1737459688 (CCH_UPI) for channel 16...
[01/22/25 00:35:40.929] [T386905] [info] CSXSEventQueueManager::RemoveEventQueueByChannel: remove queue 6346.1737426550 (CCXP) for channel 3...
[01/22/25 00:36:52.417] [T1197846] [info] CSXSEventQueueManager::CreateEventQueueIfNotExist: create queue 15146.1737506212 (CCXP)...
[01/22/25 01:07:55.964] [T1197854] [info] CSXSEventQueueManager::RemoveEventQueueByChannel: remove queue 15146.1737506212 (CCXP) for channel 3...
[01/22/25 01:09:07.330] [T1242161] [info] CSXSEventQueueManager::CreateEventQueueIfNotExist: create queue 15762.1737508147 (CCXP)...
[01/22/25 01:40:10.333] [T1242164] [info] CSXSEventQueueManager::RemoveEventQueueByChannel: remove queue 15762.1737508147 (CCXP) for channel 3...
[01/22/25 01:41:21.784] [T1280110] [info] CSXSEventQueueManager::CreateEventQueueIfNotExist: create queue 16475.1737510081 (CCXP)...
[01/22/25 02:12:23.474] [T1280113] [info] CSXSEventQueueManager::RemoveEventQueueByChannel: remove queue 16475.1737510081 (CCXP) for channel 3...
[01/22/25 02:13:24.828] [T1317212] [info] CSXSEventQueueManager::CreateEventQueueIfNotExist: create queue 16886.1737512004 (CCXP)...
[01/22/25 03:42:10.379] [T489876] [info] CSXSEventQueueManager::RemoveEventQueueByChannel: remove queue 7618.1737459687 (ACHP) for channel 15...
[01/22/25 03:42:10.385] [T7706] [info] CSXSEventQueueManager::RemoveEventQueueByChannel: remove queue 732.1737373451 (ACCC) for channel 9...
[01/22/25 03:49:00.140] [T8089] [info] AdobeIPCBroker version: 7.2.1
[01/22/25 03:49:00.165] [T8105] [info] CSXSEventQueueManager::CreateEventQueueIfNotExist: create queue 790.1737517740 (CCXP)...
[01/22/25 03:49:01.947] [T8632] [info] CSXSEventQueueManager::CreateEventQueueIfNotExist: create queue 739.1737517741 (ACCC)...
[01/22/25 03:49:02.612] [T8823] [info] CSXSEventQueueManager::CreateEventQueueIfNotExist: create queue 874.1737517742 (ACHP)...
[01/22/25 03:49:02.616] [T8827] [info] CSXSEventQueueManager::CreateEventQueueIfNotExist: create queue 869.1737517742 (ADCS)...
[01/22/25 03:49:11.891] [T9632] [info] CSXSEventQueueManager::CreateEventQueueIfNotExist: create queue 939.1737517751 (COSY)...
[01/22/25 03:49:12.418] [T9711] [info] CSXSEventQueueManager::CreateEventQueueIfNotExist: create queue 951.1737517752 (COSY)...
[01/22/25 03:49:14.911] [T10215] [info] CSXSEventQueueManager::CreateEventQueueIfNotExist: create queue 978.1737517754 (CCH_UPI)...
[01/22/25 03:54:17.142] [T10215] [info] CSXSEventQueueManager::RemoveEventQueueByChannel: remove queue 978.1737517754 (CCH_UPI) for channel 23...
[01/23/25 00:24:18.763] [T8107] [info] CSXSEventQueueManager::RemoveEventQueueByChannel: remove queue 790.1737517740 (CCXP) for channel 8...
[01/23/25 00:25:27.561] [T588346] [info] CSXSEventQueueManager::CreateEventQueueIfNotExist: create queue 9135.1737591927 (CCXP)...
[01/23/25 00:56:29.732] [T588348] [info] CSXSEventQueueManager::RemoveEventQueueByChannel: remove queue 9135.1737591927 (CCXP) for channel 8...
[01/23/25 00:57:30.952] [T618051] [info] CSXSEventQueueManager::CreateEventQueueIfNotExist: create queue 9568.1737593850 (CCXP)...
[01/23/25 01:28:31.323] [T618051] [info] CSXSEventQueueManager::RemoveEventQueueByChannel: remove queue 9568.1737593850 (CCXP) for channel 7...
[01/23/25 01:29:34.718] [T644151] [info] CSXSEventQueueManager::CreateEventQueueIfNotExist: create queue 9880.1737595774 (CCXP)...
[01/23/25 02:00:35.256] [T644152] [info] CSXSEventQueueManager::RemoveEventQueueByChannel: remove queue 9880.1737595774 (CCXP) for channel 8...
[01/23/25 02:01:37.674] [T672052] [info] CSXSEventQueueManager::CreateEventQueueIfNotExist: create queue 10253.1737597697 (CCXP)...
[01/23/25 03:46:21.059] [T768222] [info] CSXSEventQueueManager::CreateEventQueueIfNotExist: create queue 11421.1737603981 (CCH_UPI)...
[01/23/25 03:51:23.194] [T768232] [info] CSXSEventQueueManager::RemoveEventQueueByChannel: remove queue 11421.1737603981 (CCH_UPI) for channel 24...
[01/23/25 08:50:38.344] [T7417] [info] AdobeIPCBroker version: 7.2.1
[01/23/25 08:50:38.391] [T7445] [info] CSXSEventQueueManager::CreateEventQueueIfNotExist: create queue 780.1737622238 (CCXP)...
[01/23/25 08:50:39.592] [T7863] [info] CSXSEventQueueManager::CreateEventQueueIfNotExist: create queue 689.1737622239 (ACCC)...
[01/23/25 08:50:40.978] [T8125] [info] CSXSEventQueueManager::CreateEventQueueIfNotExist: create queue 850.1737622240 (ADCS)...
[01/23/25 08:50:41.057] [T8151] [info] CSXSEventQueueManager::CreateEventQueueIfNotExist: create queue 868.1737622241 (ACHP)...
[01/23/25 08:50:47.187] [T8849] [info] CSXSEventQueueManager::CreateEventQueueIfNotExist: create queue 917.1737622247 (COSY)...
[01/23/25 08:50:47.844] [T8959] [info] CSXSEventQueueManager::CreateEventQueueIfNotExist: create queue 932.1737622247 (COSY)...
[01/23/25 08:50:50.539] [T9320] [info] CSXSEventQueueManager::CreateEventQueueIfNotExist: create queue 962.1737622250 (CCH_UPI)...
[01/23/25 08:55:53.152] [T9320] [info] CSXSEventQueueManager::RemoveEventQueueByChannel: remove queue 962.1737622250 (CCH_UPI) for channel 14...
[01/24/25 00:31:52.049] [T7468] [info] CSXSEventQueueManager::RemoveEventQueueByChannel: remove queue 780.1737622238 (CCXP) for channel 3...
[01/24/25 00:33:03.212] [T742116] [info] CSXSEventQueueManager::CreateEventQueueIfNotExist: create queue 10621.1737678783 (CCXP)...
[01/24/25 01:04:04.029] [T742119] [info] CSXSEventQueueManager::RemoveEventQueueByChannel: remove queue 10621.1737678783 (CCXP) for channel 3...
[01/24/25 01:05:07.153] [T778397] [info] CSXSEventQueueManager::CreateEventQueueIfNotExist: create queue 11182.1737680707 (CCXP)...
[01/24/25 15:16:57.325] [T8858] [info] AdobeIPCBroker version: 7.2.1
[01/24/25 15:16:57.368] [T8874] [info] CSXSEventQueueManager::CreateEventQueueIfNotExist: create queue 799.1737731817 (CCXP)...
[01/24/25 15:16:58.042] [T9007] [info] CSXSEventQueueManager::CreateEventQueueIfNotExist: create queue 738.1737731818 (ACCC)...
[01/24/25 15:16:59.956] [T9333] [info] CSXSEventQueueManager::CreateEventQueueIfNotExist: create queue 844.1737731819 (ADCS)...
[01/24/25 15:17:00.038] [T9354] [info] CSXSEventQueueManager::CreateEventQueueIfNotExist: create queue 861.1737731820 (ACHP)...
[01/24/25 15:17:03.225] [T10011] [info] CSXSEventQueueManager::CreateEventQueueIfNotExist: create queue 908.1737731823 (COSY)...
[01/24/25 15:17:03.992] [T10123] [info] CSXSEventQueueManager::CreateEventQueueIfNotExist: create queue 921.1737731823 (COSY)...
[01/24/25 15:17:08.645] [T10650] [info] CSXSEventQueueManager::CreateEventQueueIfNotExist: create queue 975.1737731828 (CCH_UPI)...
[01/24/25 15:22:11.072] [T10650] [info] CSXSEventQueueManager::RemoveEventQueueByChannel: remove queue 975.1737731828 (CCH_UPI) for channel 22...
[01/24/25 16:17:59.569] [T8874] [info] CSXSEventQueueManager::RemoveEventQueueByChannel: remove queue 799.1737731817 (CCXP) for channel 10...
[01/24/25 16:19:05.711] [T65985] [info] CSXSEventQueueManager::CreateEventQueueIfNotExist: create queue 1905.1737735545 (CCXP)...
[01/25/25 00:20:07.356] [T65985] [info] CSXSEventQueueManager::RemoveEventQueueByChannel: remove queue 1905.1737735545 (CCXP) for channel 10...
[01/25/25 00:21:13.753] [T390025] [info] CSXSEventQueueManager::CreateEventQueueIfNotExist: create queue 7709.1737764473 (CCXP)...
[01/25/25 00:52:15.971] [T390028] [info] CSXSEventQueueManager::RemoveEventQueueByChannel: remove queue 7709.1737764473 (CCXP) for channel 11...
[01/25/25 00:53:18.266] [T419667] [info] CSXSEventQueueManager::CreateEventQueueIfNotExist: create queue 8012.1737766398 (CCXP)...
[01/25/25 01:24:20.049] [T419667] [info] CSXSEventQueueManager::RemoveEventQueueByChannel: remove queue 8012.1737766398 (CCXP) for channel 10...
[01/25/25 01:25:24.519] [T441424] [info] CSXSEventQueueManager::CreateEventQueueIfNotExist: create queue 8361.1737768324 (CCXP)...
[01/25/25 01:56:26.937] [T441425] [info] CSXSEventQueueManager::RemoveEventQueueByChannel: remove queue 8361.1737768324 (CCXP) for channel 11...
[01/25/25 01:57:30.382] [T460070] [info] CSXSEventQueueManager::CreateEventQueueIfNotExist: create queue 8532.1737770250 (CCXP)...
[01/25/25 15:14:32.339] [T1043742] [info] CSXSEventQueueManager::CreateEventQueueIfNotExist: create queue 19618.1737818072 (CCH_UPI)...
[01/25/25 15:51:43.906] [T1043761] [info] CSXSEventQueueManager::RemoveEventQueueByChannel: remove queue 19618.1737818072 (CCH_UPI) for channel 23...
[01/25/25 23:59:34.036] [T7000] [info] AdobeIPCBroker version: 7.2.1
[01/25/25 23:59:34.073] [T7037] [info] CSXSEventQueueManager::CreateEventQueueIfNotExist: create queue 788.1737849573 (CCXP)...
[01/25/25 23:59:35.254] [T7351] [info] CSXSEventQueueManager::CreateEventQueueIfNotExist: create queue 741.1737849575 (ACCC)...
[01/25/25 23:59:36.075] [T7495] [info] CSXSEventQueueManager::CreateEventQueueIfNotExist: create queue 848.1737849576 (ACHP)...
[01/25/25 23:59:36.096] [T7507] [info] CSXSEventQueueManager::CreateEventQueueIfNotExist: create queue 844.1737849576 (ADCS)...
[01/25/25 23:59:44.390] [T8538] [info] CSXSEventQueueManager::CreateEventQueueIfNotExist: create queue 915.1737849584 (COSY)...
[01/25/25 23:59:44.814] [T8685] [info] CSXSEventQueueManager::CreateEventQueueIfNotExist: create queue 943.1737849584 (COSY)...
[01/25/25 23:59:47.308] [T9090] [info] CSXSEventQueueManager::CreateEventQueueIfNotExist: create queue 991.1737849587 (CCH_UPI)...
[01/26/25 00:04:49.431] [T9090] [info] CSXSEventQueueManager::RemoveEventQueueByChannel: remove queue 991.1737849587 (CCH_UPI) for channel 14...
[01/26/25 00:30:36.263] [T7037] [info] CSXSEventQueueManager::RemoveEventQueueByChannel: remove queue 788.1737849573 (CCXP) for channel 2...
[01/26/25 00:31:42.654] [T50557] [info] CSXSEventQueueManager::CreateEventQueueIfNotExist: create queue 1824.1737851502 (CCXP)...
[01/26/25 01:02:44.150] [T50557] [info] CSXSEventQueueManager::RemoveEventQueueByChannel: remove queue 1824.1737851502 (CCXP) for channel 2...
[01/26/25 01:03:55.295] [T76882] [info] CSXSEventQueueManager::CreateEventQueueIfNotExist: create queue 2362.1737853435 (CCXP)...
[01/26/25 01:44:07.594] [T76882] [info] CSXSEventQueueManager::RemoveEventQueueByChannel: remove queue 2362.1737853435 (CCXP) for channel 2...
[01/26/25 01:45:14.897] [T96806] [info] CSXSEventQueueManager::CreateEventQueueIfNotExist: create queue 2663.1737855914 (CCXP)...
[01/26/25 02:19:11.444] [T96810] [info] CSXSEventQueueManager::RemoveEventQueueByChannel: remove queue 2663.1737855914 (CCXP) for channel 3...
[01/26/25 02:20:43.889] [T104915] [info] CSXSEventQueueManager::CreateEventQueueIfNotExist: create queue 2846.1737858043 (CCXP)...
[01/26/25 17:53:10.686] [T6752] [info] AdobeIPCBroker version: 7.2.1
[01/26/25 17:53:10.733] [T6785] [info] CSXSEventQueueManager::CreateEventQueueIfNotExist: create queue 770.1737913990 (CCXP)...
[01/26/25 17:53:12.207] [T7300] [info] CSXSEventQueueManager::CreateEventQueueIfNotExist: create queue 714.1737913992 (ACCC)...
[01/26/25 17:53:12.830] [T7447] [info] CSXSEventQueueManager::CreateEventQueueIfNotExist: create queue 846.1737913992 (ACHP)...
[01/26/25 17:53:12.849] [T7463] [info] CSXSEventQueueManager::CreateEventQueueIfNotExist: create queue 842.1737913992 (ADCS)...
[01/26/25 17:53:20.722] [T8217] [info] CSXSEventQueueManager::CreateEventQueueIfNotExist: create queue 896.1737914000 (COSY)...
[01/26/25 17:53:21.134] [T8277] [info] CSXSEventQueueManager::CreateEventQueueIfNotExist: create queue 905.1737914001 (COSY)...
[01/26/25 17:53:25.827] [T8995] [info] CSXSEventQueueManager::CreateEventQueueIfNotExist: create queue 967.1737914005 (CCH_UPI)...
[01/26/25 17:58:27.471] [T8995] [info] CSXSEventQueueManager::RemoveEventQueueByChannel: remove queue 967.1737914005 (CCH_UPI) for channel 14...
[01/26/25 21:36:30.320] [T10504] [info] AdobeIPCBroker version: 7.2.1
[01/26/25 21:36:30.371] [T10540] [info] CSXSEventQueueManager::CreateEventQueueIfNotExist: create queue 798.1737927390 (CCXP)...
[01/26/25 21:36:30.989] [T10722] [info] CSXSEventQueueManager::CreateEventQueueIfNotExist: create queue 727.1737927390 (ACCC)...
[01/26/25 21:36:33.217] [T11372] [info] CSXSEventQueueManager::CreateEventQueueIfNotExist: create queue 888.1737927393 (ACHP)...
[01/26/25 21:36:33.257] [T11400] [info] CSXSEventQueueManager::CreateEventQueueIfNotExist: create queue 884.1737927393 (ADCS)...
[01/26/25 21:36:37.319] [T11935] [info] CSXSEventQueueManager::CreateEventQueueIfNotExist: create queue 923.1737927397 (COSY)...
[01/26/25 21:36:38.230] [T12071] [info] CSXSEventQueueManager::CreateEventQueueIfNotExist: create queue 938.1737927398 (COSY)...
[01/26/25 21:36:41.765] [T12690] [info] CSXSEventQueueManager::CreateEventQueueIfNotExist: create queue 990.1737927401 (CCH_UPI)...
[01/26/25 21:41:44.240] [T12705] [info] CSXSEventQueueManager::RemoveEventQueueByChannel: remove queue 990.1737927401 (CCH_UPI) for channel 15...
[01/27/25 00:11:01.207] [T10550] [info] CSXSEventQueueManager::RemoveEventQueueByChannel: remove queue 798.1737927390 (CCXP) for channel 2...
[01/27/25 00:12:13.782] [T94516] [info] CSXSEventQueueManager::CreateEventQueueIfNotExist: create queue 1929.1737936733 (CCXP)...
[01/27/25 00:43:15.287] [T94516] [info] CSXSEventQueueManager::RemoveEventQueueByChannel: remove queue 1929.1737936733 (CCXP) for channel 2...
[01/27/25 00:44:17.771] [T117176] [info] CSXSEventQueueManager::CreateEventQueueIfNotExist: create queue 2129.1737938657 (CCXP)...
[01/27/25 01:15:19.976] [T117177] [info] CSXSEventQueueManager::RemoveEventQueueByChannel: remove queue 2129.1737938657 (CCXP) for channel 3...
[01/27/25 01:16:21.267] [T143845] [info] CSXSEventQueueManager::CreateEventQueueIfNotExist: create queue 2696.1737940581 (CCXP)...
[01/27/25 01:47:21.572] [T143845] [info] CSXSEventQueueManager::RemoveEventQueueByChannel: remove queue 2696.1737940581 (CCXP) for channel 2...
[01/27/25 01:48:24.154] [T165791] [info] CSXSEventQueueManager::CreateEventQueueIfNotExist: create queue 2886.1737942504 (CCXP)...
[01/27/25 16:56:49.600] [T6974] [info] AdobeIPCBroker version: 7.2.1
[01/27/25 16:56:49.655] [T6989] [info] CSXSEventQueueManager::CreateEventQueueIfNotExist: create queue 775.1737997009 (CCXP)...
[01/27/25 16:56:51.053] [T7360] [info] CSXSEventQueueManager::CreateEventQueueIfNotExist: create queue 717.1737997011 (ACCC)...
[01/27/25 16:56:52.250] [T7815] [info] CSXSEventQueueManager::CreateEventQueueIfNotExist: create queue 864.1737997012 (ACHP)...
[01/27/25 16:56:52.289] [T7836] [info] CSXSEventQueueManager::CreateEventQueueIfNotExist: create queue 859.1737997012 (ADCS)...
[01/27/25 16:56:57.974] [T8469] [info] CSXSEventQueueManager::CreateEventQueueIfNotExist: create queue 897.1737997017 (COSY)...
[01/27/25 16:56:58.388] [T8537] [info] CSXSEventQueueManager::CreateEventQueueIfNotExist: create queue 914.1737997018 (COSY)...
[01/27/25 16:57:00.935] [T8884] [info] CSXSEventQueueManager::CreateEventQueueIfNotExist: create queue 945.1737997020 (CCH_UPI)...
[01/27/25 17:02:02.582] [T8884] [info] CSXSEventQueueManager::RemoveEventQueueByChannel: remove queue 945.1737997020 (CCH_UPI) for channel 14...
[01/28/25 00:30:09.199] [T6989] [info] CSXSEventQueueManager::RemoveEventQueueByChannel: remove queue 775.1737997009 (CCXP) for channel 2...
[01/28/25 00:31:20.560] [T420416] [info] CSXSEventQueueManager::CreateEventQueueIfNotExist: create queue 8386.1738024280 (CCXP)...
[01/28/25 01:02:21.412] [T420420] [info] CSXSEventQueueManager::RemoveEventQueueByChannel: remove queue 8386.1738024280 (CCXP) for channel 3...
[01/28/25 01:03:27.095] [T463620] [info] CSXSEventQueueManager::CreateEventQueueIfNotExist: create queue 9416.1738026207 (CCXP)...
[01/28/25 01:34:27.936] [T463623] [info] CSXSEventQueueManager::RemoveEventQueueByChannel: remove queue 9416.1738026207 (CCXP) for channel 3...
[01/28/25 01:35:36.560] [T505922] [info] CSXSEventQueueManager::CreateEventQueueIfNotExist: create queue 10122.1738028136 (CCXP)...
[01/28/25 02:06:39.590] [T505925] [info] CSXSEventQueueManager::RemoveEventQueueByChannel: remove queue 10122.1738028136 (CCXP) for channel 3...
[01/28/25 02:07:40.861] [T525428] [info] CSXSEventQueueManager::CreateEventQueueIfNotExist: create queue 10221.1738030060 (CCXP)...
[01/28/25 16:54:37.058] [T964322] [info] CSXSEventQueueManager::CreateEventQueueIfNotExist: create queue 17670.1738083277 (CCH_UPI)...
[01/28/25 16:59:43.126] [T964322] [info] CSXSEventQueueManager::RemoveEventQueueByChannel: remove queue 17670.1738083277 (CCH_UPI) for channel 14...
[01/28/25 18:38:37.943] [T7085] [info] AdobeIPCBroker version: 7.2.1
[01/28/25 18:38:37.998] [T7120] [info] CSXSEventQueueManager::CreateEventQueueIfNotExist: create queue 788.1738089517 (CCXP)...
[01/28/25 18:38:40.051] [T7822] [info] CSXSEventQueueManager::CreateEventQueueIfNotExist: create queue 743.1738089520 (ACCC)...
[01/28/25 18:38:43.206] [T8375] [info] CSXSEventQueueManager::CreateEventQueueIfNotExist: create queue 903.1738089523 (ADCS)...
[01/28/25 18:38:44.250] [T8574] [info] CSXSEventQueueManager::CreateEventQueueIfNotExist: create queue 927.1738089524 (ACHP)...
[01/28/25 18:38:48.445] [T9266] [info] CSXSEventQueueManager::CreateEventQueueIfNotExist: create queue 971.1738089528 (COSY)...
[01/28/25 18:38:49.115] [T9382] [info] CSXSEventQueueManager::CreateEventQueueIfNotExist: create queue 982.1738089529 (COSY)...
[01/28/25 18:38:52.930] [T9881] [info] CSXSEventQueueManager::CreateEventQueueIfNotExist: create queue 1021.1738089532 (CCH_UPI)...
[01/28/25 18:43:56.063] [T9881] [info] CSXSEventQueueManager::RemoveEventQueueByChannel: remove queue 1021.1738089532 (CCH_UPI) for channel 23...
[01/28/25 23:10:14.617] [T6767] [info] AdobeIPCBroker version: 7.2.1
[01/28/25 23:10:14.661] [T6799] [info] CSXSEventQueueManager::CreateEventQueueIfNotExist: create queue 776.1738105814 (CCXP)...
[01/28/25 23:10:15.636] [T7122] [info] CSXSEventQueueManager::CreateEventQueueIfNotExist: create queue 683.1738105815 (ACCC)...
[01/28/25 23:10:16.321] [T7262] [info] CSXSEventQueueManager::CreateEventQueueIfNotExist: create queue 826.1738105816 (ACHP)...
[01/28/25 23:10:16.327] [T7265] [info] CSXSEventQueueManager::CreateEventQueueIfNotExist: create queue 822.1738105816 (ADCS)...
[01/28/25 23:10:20.341] [T8268] [info] CSXSEventQueueManager::CreateEventQueueIfNotExist: create queue 895.1738105820 (COSY)...
[01/28/25 23:10:20.668] [T8318] [info] CSXSEventQueueManager::CreateEventQueueIfNotExist: create queue 902.1738105820 (COSY)...
[01/28/25 23:10:22.982] [T8688] [info] CSXSEventQueueManager::CreateEventQueueIfNotExist: create queue 927.1738105822 (CCH_UPI)...
[01/28/25 23:15:25.519] [T8708] [info] CSXSEventQueueManager::RemoveEventQueueByChannel: remove queue 927.1738105822 (CCH_UPI) for channel 15...
[01/29/25 00:06:02.225] [T6906] [info] AdobeIPCBroker version: 7.2.1
[01/29/25 00:06:02.270] [T6914] [info] CSXSEventQueueManager::CreateEventQueueIfNotExist: create queue 773.1738109162 (CCXP)...
[01/29/25 00:06:03.673] [T7294] [info] CSXSEventQueueManager::CreateEventQueueIfNotExist: create queue 737.1738109163 (ACCC)...
[01/29/25 00:06:05.293] [T7870] [info] CSXSEventQueueManager::CreateEventQueueIfNotExist: create queue 857.1738109165 (ACHP)...
[01/29/25 00:06:05.310] [T7885] [info] CSXSEventQueueManager::CreateEventQueueIfNotExist: create queue 852.1738109165 (ADCS)...
[01/29/25 00:06:07.438] [T8211] [info] CSXSEventQueueManager::CreateEventQueueIfNotExist: create queue 889.1738109167 (COSY)...
[01/29/25 00:06:08.232] [T8294] [info] CSXSEventQueueManager::CreateEventQueueIfNotExist: create queue 898.1738109168 (COSY)...
[01/29/25 00:06:10.748] [T8591] [info] CSXSEventQueueManager::CreateEventQueueIfNotExist: create queue 919.1738109170 (CCH_UPI)...
[01/29/25 00:11:12.922] [T8591] [info] CSXSEventQueueManager::RemoveEventQueueByChannel: remove queue 919.1738109170 (CCH_UPI) for channel 14...
[01/29/25 00:37:07.152] [T6918] [info] CSXSEventQueueManager::RemoveEventQueueByChannel: remove queue 773.1738109162 (CCXP) for channel 3...
[01/29/25 00:38:08.258] [T46262] [info] CSXSEventQueueManager::CreateEventQueueIfNotExist: create queue 1543.1738111088 (CCXP)...
[01/29/25 01:09:09.371] [T46262] [info] CSXSEventQueueManager::RemoveEventQueueByChannel: remove queue 1543.1738111088 (CCXP) for channel 2...
[01/29/25 01:10:13.677] [T86831] [info] CSXSEventQueueManager::CreateEventQueueIfNotExist: create queue 2243.1738113013 (CCXP)...
[01/29/25 01:41:15.702] [T86831] [info] CSXSEventQueueManager::RemoveEventQueueByChannel: remove queue 2243.1738113013 (CCXP) for channel 2...
[01/29/25 01:42:29.539] [T121525] [info] CSXSEventQueueManager::CreateEventQueueIfNotExist: create queue 2849.1738114949 (CCXP)...
[01/29/25 02:13:30.263] [T121525] [info] CSXSEventQueueManager::RemoveEventQueueByChannel: remove queue 2849.1738114949 (CCXP) for channel 2...
[01/29/25 02:14:37.349] [T150349] [info] CSXSEventQueueManager::CreateEventQueueIfNotExist: create queue 3481.1738116877 (CCXP)...
[01/29/25 04:35:16.795] [T9242] [info] AdobeIPCBroker version: 7.2.1
[01/29/25 04:35:16.818] [T9284] [info] CSXSEventQueueManager::CreateEventQueueIfNotExist: create queue 935.1738125316 (CCXP)...
[01/29/25 04:35:18.677] [T9536] [info] CSXSEventQueueManager::CreateEventQueueIfNotExist: create queue 923.1738125318 (ACCC)...
[01/29/25 04:35:19.991] [T9978] [info] CSXSEventQueueManager::CreateEventQueueIfNotExist: create queue 990.1738125319 (ADCS)...
[01/29/25 04:35:20.036] [T9983] [info] CSXSEventQueueManager::CreateEventQueueIfNotExist: create queue 1002.1738125320 (ACHP)...
[01/29/25 04:35:21.024] [T10169] [info] CSXSEventQueueManager::CreateEventQueueIfNotExist: create queue 1009.1738125321 (COSY)...
[01/29/25 04:35:21.892] [T10302] [info] CSXSEventQueueManager::CreateEventQueueIfNotExist: create queue 1019.1738125321 (COSY)...
[01/29/25 04:35:26.807] [T10830] [info] CSXSEventQueueManager::CreateEventQueueIfNotExist: create queue 1033.1738125326 (CCH_UPI)...
[01/29/25 04:40:28.496] [T10830] [info] CSXSEventQueueManager::RemoveEventQueueByChannel: remove queue 1033.1738125326 (CCH_UPI) for channel 23...
[01/29/25 10:22:33.945] [T10306] [info] CSXSEventQueueManager::RemoveEventQueueByChannel: remove queue 1019.1738125321 (COSY) for channel 22...
[01/29/25 10:23:55.897] [T467836] [info] CSXSEventQueueManager::CreateEventQueueIfNotExist: create queue 8236.1738146235 (COSY)...
[01/29/25 10:37:30.232] [T6863] [info] AdobeIPCBroker version: 7.2.1
[01/29/25 10:37:30.233] [T6875] [info] CSXSEventQueueManager::CreateEventQueueIfNotExist: create queue 788.1738147050 (CCXP)...
[01/29/25 10:37:30.990] [T7051] [info] CSXSEventQueueManager::CreateEventQueueIfNotExist: create queue 743.1738147050 (ACCC)...
[01/29/25 10:37:32.107] [T7443] [info] CSXSEventQueueManager::CreateEventQueueIfNotExist: create queue 827.1738147052 (ADCS)...
[01/29/25 10:37:32.286] [T7537] [info] CSXSEventQueueManager::CreateEventQueueIfNotExist: create queue 848.1738147052 (ACHP)...
[01/29/25 10:37:34.340] [T7808] [info] CSXSEventQueueManager::CreateEventQueueIfNotExist: create queue 868.1738147054 (COSY)...
[01/29/25 10:37:35.016] [T7895] [info] CSXSEventQueueManager::CreateEventQueueIfNotExist: create queue 877.1738147055 (COSY)...
[01/29/25 10:37:37.242] [T8200] [info] CSXSEventQueueManager::CreateEventQueueIfNotExist: create queue 901.1738147057 (CCH_UPI)...
[01/29/25 10:42:39.684] [T8204] [info] CSXSEventQueueManager::RemoveEventQueueByChannel: remove queue 901.1738147057 (CCH_UPI) for channel 15...
[01/29/25 22:20:21.400] [T6790] [info] AdobeIPCBroker version: 7.2.1
[01/29/25 22:20:21.408] [T6802] [info] CSXSEventQueueManager::CreateEventQueueIfNotExist: create queue 774.1738189221 (CCXP)...
[01/29/25 22:20:22.942] [T7351] [info] CSXSEventQueueManager::CreateEventQueueIfNotExist: create queue 746.1738189222 (ACCC)...
[01/29/25 22:20:24.245] [T7756] [info] CSXSEventQueueManager::CreateEventQueueIfNotExist: create queue 861.1738189224 (ADCS)...
[01/29/25 22:20:24.277] [T7768] [info] CSXSEventQueueManager::CreateEventQueueIfNotExist: create queue 869.1738189224 (ACHP)...
[01/29/25 22:20:28.125] [T8239] [info] CSXSEventQueueManager::CreateEventQueueIfNotExist: create queue 910.1738189228 (COSY)...
[01/29/25 22:20:28.710] [T8339] [info] CSXSEventQueueManager::CreateEventQueueIfNotExist: create queue 925.1738189228 (COSY)...
[01/29/25 22:20:30.995] [T8658] [info] CSXSEventQueueManager::CreateEventQueueIfNotExist: create queue 950.1738189230 (CCH_UPI)...
[01/29/25 22:25:33.159] [T8658] [info] CSXSEventQueueManager::RemoveEventQueueByChannel: remove queue 950.1738189230 (CCH_UPI) for channel 14...
[01/30/25 00:21:22.417] [T6802] [info] CSXSEventQueueManager::RemoveEventQueueByChannel: remove queue 774.1738189221 (CCXP) for channel 2...
[01/30/25 00:22:28.805] [T107785] [info] CSXSEventQueueManager::CreateEventQueueIfNotExist: create queue 2300.1738196548 (CCXP)...
[01/30/25 00:53:30.855] [T107786] [info] CSXSEventQueueManager::RemoveEventQueueByChannel: remove queue 2300.1738196548 (CCXP) for channel 3...
[01/30/25 00:54:34.094] [T134758] [info] CSXSEventQueueManager::CreateEventQueueIfNotExist: create queue 2638.1738198474 (CCXP)...
[01/30/25 01:25:36.153] [T134759] [info] CSXSEventQueueManager::RemoveEventQueueByChannel: remove queue 2638.1738198474 (CCXP) for channel 3...
[01/30/25 01:26:37.775] [T160048] [info] CSXSEventQueueManager::CreateEventQueueIfNotExist: create queue 2933.1738200397 (CCXP)...
[01/30/25 01:57:38.700] [T160049] [info] CSXSEventQueueManager::RemoveEventQueueByChannel: remove queue 2933.1738200397 (CCXP) for channel 3...
[01/30/25 01:58:42.246] [T189273] [info] CSXSEventQueueManager::CreateEventQueueIfNotExist: create queue 3325.1738202322 (CCXP)...
[01/30/25 07:16:15.716] [T7127] [info] AdobeIPCBroker version: 7.2.1
[01/30/25 07:16:15.731] [T7145] [info] CSXSEventQueueManager::CreateEventQueueIfNotExist: create queue 794.1738221375 (CCXP)...
[01/30/25 07:16:16.460] [T7304] [info] CSXSEventQueueManager::CreateEventQueueIfNotExist: create queue 731.1738221376 (ACCC)...
[01/30/25 07:16:17.220] [T7529] [info] CSXSEventQueueManager::CreateEventQueueIfNotExist: create queue 848.1738221377 (ACHP)...
[01/30/25 07:16:17.229] [T7533] [info] CSXSEventQueueManager::CreateEventQueueIfNotExist: create queue 839.1738221377 (ADCS)...
[01/30/25 07:16:22.336] [T8361] [info] CSXSEventQueueManager::CreateEventQueueIfNotExist: create queue 897.1738221382 (COSY)...
[01/30/25 07:16:22.693] [T8406] [info] CSXSEventQueueManager::CreateEventQueueIfNotExist: create queue 904.1738221382 (COSY)...
[01/30/25 07:16:25.015] [T8724] [info] CSXSEventQueueManager::CreateEventQueueIfNotExist: create queue 931.1738221385 (CCH_UPI)...
[01/30/25 07:21:27.200] [T8724] [info] CSXSEventQueueManager::RemoveEventQueueByChannel: remove queue 931.1738221385 (CCH_UPI) for channel 14...
[01/30/25 13:36:41.831] [T6748] [info] AdobeIPCBroker version: 7.2.1
[01/30/25 13:36:41.862] [T6774] [info] CSXSEventQueueManager::CreateEventQueueIfNotExist: create queue 768.1738244201 (CCXP)...
[01/30/25 13:36:43.006] [T7027] [info] CSXSEventQueueManager::CreateEventQueueIfNotExist: create queue 732.1738244203 (ACCC)...
[01/30/25 13:36:43.978] [T7412] [info] CSXSEventQueueManager::CreateEventQueueIfNotExist: create queue 843.1738244203 (ACHP)...
[01/30/25 13:36:44.160] [T7497] [info] CSXSEventQueueManager::CreateEventQueueIfNotExist: create queue 823.1738244204 (ADCS)...
[01/30/25 13:36:47.503] [T7885] [info] CSXSEventQueueManager::CreateEventQueueIfNotExist: create queue 871.1738244207 (COSY)...
[01/30/25 13:36:47.978] [T8004] [info] CSXSEventQueueManager::CreateEventQueueIfNotExist: create queue 889.1738244207 (COSY)...
[01/30/25 13:36:50.270] [T8473] [info] CSXSEventQueueManager::CreateEventQueueIfNotExist: create queue 926.1738244210 (CCH_UPI)...
[01/30/25 13:41:52.698] [T8473] [info] CSXSEventQueueManager::RemoveEventQueueByChannel: remove queue 926.1738244210 (CCH_UPI) for channel 14...
[01/31/25 00:22:56.429] [T6780] [info] CSXSEventQueueManager::RemoveEventQueueByChannel: remove queue 768.1738244201 (CCXP) for channel 3...
[01/31/25 00:24:00.017] [T542210] [info] CSXSEventQueueManager::CreateEventQueueIfNotExist: create queue 8080.1738283040 (CCXP)...
[01/31/25 00:55:01.923] [T542210] [info] CSXSEventQueueManager::RemoveEventQueueByChannel: remove queue 8080.1738283040 (CCXP) for channel 2...
[01/31/25 00:56:03.463] [T576419] [info] CSXSEventQueueManager::CreateEventQueueIfNotExist: create queue 10156.1738284963 (CCXP)...
[01/31/25 01:27:05.426] [T576420] [info] CSXSEventQueueManager::RemoveEventQueueByChannel: remove queue 10156.1738284963 (CCXP) for channel 3...
[01/31/25 01:28:07.770] [T605277] [info] CSXSEventQueueManager::CreateEventQueueIfNotExist: create queue 10469.1738286887 (CCXP)...
[01/31/25 01:59:09.400] [T605277] [info] CSXSEventQueueManager::RemoveEventQueueByChannel: remove queue 10469.1738286887 (CCXP) for channel 2...
[01/31/25 02:00:10.563] [T633420] [info] CSXSEventQueueManager::CreateEventQueueIfNotExist: create queue 10954.1738288810 (CCXP)...
[01/31/25 13:33:59.302] [T1289910] [info] CSXSEventQueueManager::CreateEventQueueIfNotExist: create queue 20585.1738330439 (CCH_UPI)...
[01/31/25 13:39:02.226] [T1289910] [info] CSXSEventQueueManager::RemoveEventQueueByChannel: remove queue 20585.1738330439 (CCH_UPI) for channel 14...
[01/31/25 16:02:20.874] [T10841] [info] AdobeIPCBroker version: 7.2.1
[01/31/25 16:02:20.906] [T10880] [info] CSXSEventQueueManager::CreateEventQueueIfNotExist: create queue 792.1738339340 (CCXP)...
[01/31/25 16:02:21.943] [T11224] [info] CSXSEventQueueManager::CreateEventQueueIfNotExist: create queue 738.1738339341 (ACCC)...
[01/31/25 16:02:26.841] [T11890] [info] CSXSEventQueueManager::CreateEventQueueIfNotExist: create queue 889.1738339346 (ACHP)...
[01/31/25 16:02:26.889] [T11934] [info] CSXSEventQueueManager::CreateEventQueueIfNotExist: create queue 883.1738339346 (ADCS)...
[01/31/25 16:02:27.962] [T12124] [info] CSXSEventQueueManager::CreateEventQueueIfNotExist: create queue 904.1738339347 (COSY)...
[01/31/25 16:02:28.396] [T12177] [info] CSXSEventQueueManager::CreateEventQueueIfNotExist: create queue 912.1738339348 (COSY)...
[01/31/25 16:02:31.443] [T12632] [info] CSXSEventQueueManager::CreateEventQueueIfNotExist: create queue 944.1738339351 (CCH_UPI)...
[01/31/25 16:07:34.326] [T12632] [info] CSXSEventQueueManager::RemoveEventQueueByChannel: remove queue 944.1738339351 (CCH_UPI) for channel 23...
[01/31/25 22:36:36.194] [T6845] [info] AdobeIPCBroker version: 7.2.1
[01/31/25 22:36:36.243] [T6904] [info] CSXSEventQueueManager::CreateEventQueueIfNotExist: create queue 787.1738362996 (CCXP)...
[01/31/25 22:36:37.177] [T7089] [info] CSXSEventQueueManager::CreateEventQueueIfNotExist: create queue 735.1738362997 (ACCC)...
[01/31/25 22:36:40.085] [T7668] [info] CSXSEventQueueManager::CreateEventQueueIfNotExist: create queue 869.1738363000 (ACHP)...
[01/31/25 22:36:40.184] [T7717] [info] CSXSEventQueueManager::CreateEventQueueIfNotExist: create queue 865.1738363000 (ADCS)...
[01/31/25 22:36:42.217] [T8030] [info] CSXSEventQueueManager::CreateEventQueueIfNotExist: create queue 883.1738363002 (COSY)...
[01/31/25 22:36:42.666] [T8124] [info] CSXSEventQueueManager::CreateEventQueueIfNotExist: create queue 892.1738363002 (COSY)...
[01/31/25 22:36:46.384] [T8887] [info] CSXSEventQueueManager::CreateEventQueueIfNotExist: create queue 947.1738363006 (CCH_UPI)...
[01/31/25 22:41:48.821] [T8887] [info] CSXSEventQueueManager::RemoveEventQueueByChannel: remove queue 947.1738363006 (CCH_UPI) for channel 23...
[02/01/25 00:07:37.116] [T6918] [info] CSXSEventQueueManager::RemoveEventQueueByChannel: remove queue 787.1738362996 (CCXP) for channel 7...
[02/01/25 00:08:43.351] [T81042] [info] CSXSEventQueueManager::CreateEventQueueIfNotExist: create queue 1741.1738368523 (CCXP)...
[02/01/25 00:39:44.712] [T81042] [info] CSXSEventQueueManager::RemoveEventQueueByChannel: remove queue 1741.1738368523 (CCXP) for channel 6...
[02/01/25 00:40:47.091] [T112682] [info] CSXSEventQueueManager::CreateEventQueueIfNotExist: create queue 2272.1738370447 (CCXP)...
[02/01/25 01:11:49.227] [T112682] [info] CSXSEventQueueManager::RemoveEventQueueByChannel: remove queue 2272.1738370447 (CCXP) for channel 6...
[02/01/25 01:12:51.527] [T141909] [info] CSXSEventQueueManager::CreateEventQueueIfNotExist: create queue 2655.1738372371 (CCXP)...
[02/01/25 01:43:53.405] [T141910] [info] CSXSEventQueueManager::RemoveEventQueueByChannel: remove queue 2655.1738372371 (CCXP) for channel 7...
[02/01/25 01:44:54.436] [T177314] [info] CSXSEventQueueManager::CreateEventQueueIfNotExist: create queue 3321.1738374294 (CCXP)...
[02/01/25 11:16:43.355] [T20695] [info] AdobeIPCBroker version: 7.2.1
[02/01/25 11:16:43.407] [T20753] [info] CSXSEventQueueManager::CreateEventQueueIfNotExist: create queue 774.1738408603 (CCXP)...
[02/01/25 11:16:44.542] [T21147] [info] CSXSEventQueueManager::CreateEventQueueIfNotExist: create queue 738.1738408604 (ACCC)...
[02/01/25 11:16:47.156] [T21552] [info] CSXSEventQueueManager::CreateEventQueueIfNotExist: create queue 865.1738408607 (ACHP)...
[02/01/25 11:16:47.214] [T21592] [info] CSXSEventQueueManager::CreateEventQueueIfNotExist: create queue 861.1738408607 (ADCS)...
[02/01/25 11:16:49.515] [T21880] [info] CSXSEventQueueManager::CreateEventQueueIfNotExist: create queue 882.1738408609 (COSY)...
[02/01/25 11:16:50.228] [T22177] [info] CSXSEventQueueManager::CreateEventQueueIfNotExist: create queue 905.1738408610 (COSY)...
[02/01/25 11:16:54.381] [T22747] [info] CSXSEventQueueManager::CreateEventQueueIfNotExist: create queue 948.1738408614 (CCH_UPI)...
[02/01/25 11:21:56.489] [T22747] [info] CSXSEventQueueManager::RemoveEventQueueByChannel: remove queue 948.1738408614 (CCH_UPI) for channel 23...
[02/01/25 16:02:51.888] [T6641] [info] AdobeIPCBroker version: 7.2.1
[02/01/25 16:02:51.938] [T6694] [info] CSXSEventQueueManager::CreateEventQueueIfNotExist: create queue 766.1738425771 (CCXP)...
[02/01/25 16:02:52.985] [T7036] [info] CSXSEventQueueManager::CreateEventQueueIfNotExist: create queue 719.1738425772 (ACCC)...
[02/01/25 16:02:55.623] [T7525] [info] CSXSEventQueueManager::CreateEventQueueIfNotExist: create queue 849.1738425775 (ACHP)...
[02/01/25 16:02:55.774] [T7596] [info] CSXSEventQueueManager::CreateEventQueueIfNotExist: create queue 845.1738425775 (ADCS)...
[02/01/25 16:02:58.261] [T7993] [info] CSXSEventQueueManager::CreateEventQueueIfNotExist: create queue 879.1738425778 (COSY)...
[02/01/25 16:02:58.700] [T8059] [info] CSXSEventQueueManager::CreateEventQueueIfNotExist: create queue 887.1738425778 (COSY)...
[02/01/25 16:03:01.208] [T8534] [info] CSXSEventQueueManager::CreateEventQueueIfNotExist: create queue 934.1738425781 (CCH_UPI)...
[02/01/25 16:08:03.496] [T8534] [info] CSXSEventQueueManager::RemoveEventQueueByChannel: remove queue 934.1738425781 (CCH_UPI) for channel 14...
[02/02/25 00:34:06.557] [T6710] [info] CSXSEventQueueManager::RemoveEventQueueByChannel: remove queue 766.1738425771 (CCXP) for channel 3...
[02/02/25 00:36:04.934] [T584862] [info] CSXSEventQueueManager::CreateEventQueueIfNotExist: create queue 9976.1738456564 (CCXP)...
[02/02/25 01:05:51.223] [T6651] [info] AdobeIPCBroker version: 7.2.1
[02/02/25 01:05:51.260] [T6685] [info] CSXSEventQueueManager::CreateEventQueueIfNotExist: create queue 772.1738458351 (CCXP)...
[02/02/25 01:05:52.099] [T6978] [info] CSXSEventQueueManager::CreateEventQueueIfNotExist: create queue 728.1738458352 (ACCC)...
[02/02/25 01:05:53.026] [T7213] [info] CSXSEventQueueManager::CreateEventQueueIfNotExist: create queue 827.1738458353 (ACHP)...
[02/02/25 01:05:53.078] [T7253] [info] CSXSEventQueueManager::CreateEventQueueIfNotExist: create queue 823.1738458353 (ADCS)...
[02/02/25 01:05:58.390] [T8082] [info] CSXSEventQueueManager::CreateEventQueueIfNotExist: create queue 880.1738458358 (COSY)...
[02/02/25 01:05:59.065] [T8173] [info] CSXSEventQueueManager::CreateEventQueueIfNotExist: create queue 890.1738458359 (COSY)...
[02/02/25 01:06:01.335] [T8583] [info] CSXSEventQueueManager::CreateEventQueueIfNotExist: create queue 938.1738458361 (CCH_UPI)...
[02/02/25 01:11:03.418] [T8600] [info] CSXSEventQueueManager::RemoveEventQueueByChannel: remove queue 938.1738458361 (CCH_UPI) for channel 24...
[02/02/25 01:36:52.776] [T6698] [info] CSXSEventQueueManager::RemoveEventQueueByChannel: remove queue 772.1738458351 (CCXP) for channel 7...
[02/02/25 01:37:53.601] [T43548] [info] CSXSEventQueueManager::CreateEventQueueIfNotExist: create queue 1634.1738460273 (CCXP)...
[02/02/25 02:08:55.417] [T43548] [info] CSXSEventQueueManager::RemoveEventQueueByChannel: remove queue 1634.1738460273 (CCXP) for channel 6...
[02/02/25 02:10:09.018] [T77003] [info] CSXSEventQueueManager::CreateEventQueueIfNotExist: create queue 2029.1738462209 (CCXP)...
[02/03/25 00:25:45.743] [T77004] [info] CSXSEventQueueManager::RemoveEventQueueByChannel: remove queue 2029.1738462209 (CCXP) for channel 7...
[02/03/25 00:26:46.965] [T537305] [info] CSXSEventQueueManager::CreateEventQueueIfNotExist: create queue 8765.1738542406 (CCXP)...
[02/03/25 00:57:47.707] [T537305] [info] CSXSEventQueueManager::RemoveEventQueueByChannel: remove queue 8765.1738542406 (CCXP) for channel 6...
[02/03/25 00:58:54.052] [T572534] [info] CSXSEventQueueManager::CreateEventQueueIfNotExist: create queue 9447.1738544334 (CCXP)...
[02/03/25 01:03:09.175] [T577409] [info] CSXSEventQueueManager::CreateEventQueueIfNotExist: create queue 9535.1738544589 (CCH_UPI)...
[02/03/25 01:08:11.024] [T577409] [info] CSXSEventQueueManager::RemoveEventQueueByChannel: remove queue 9535.1738544589 (CCH_UPI) for channel 18...
[02/03/25 01:29:55.539] [T572534] [info] CSXSEventQueueManager::RemoveEventQueueByChannel: remove queue 9447.1738544334 (CCXP) for channel 6...
[02/03/25 01:31:01.935] [T657166] [info] CSXSEventQueueManager::CreateEventQueueIfNotExist: create queue 22681.1738546261 (CCXP)...
[02/03/25 02:02:04.161] [T657167] [info] CSXSEventQueueManager::RemoveEventQueueByChannel: remove queue 22681.1738546261 (CCXP) for channel 7...
[02/03/25 02:03:06.662] [T693387] [info] CSXSEventQueueManager::CreateEventQueueIfNotExist: create queue 23340.1738548186 (CCXP)...
[02/03/25 03:32:46.753] [T6916] [info] AdobeIPCBroker version: 7.2.1
[02/03/25 03:32:46.793] [T6933] [info] CSXSEventQueueManager::CreateEventQueueIfNotExist: create queue 786.1738553566 (CCXP)...
[02/03/25 03:32:50.098] [T7611] [info] CSXSEventQueueManager::CreateEventQueueIfNotExist: create queue 726.1738553570 (ACCC)...
[02/03/25 03:32:51.701] [T7930] [info] CSXSEventQueueManager::CreateEventQueueIfNotExist: create queue 875.1738553571 (ADCS)...
[02/03/25 03:32:51.741] [T7938] [info] CSXSEventQueueManager::CreateEventQueueIfNotExist: create queue 881.1738553571 (ACHP)...
[02/03/25 03:32:58.866] [T9152] [info] CSXSEventQueueManager::CreateEventQueueIfNotExist: create queue 935.1738553578 (COSY)...
[02/03/25 03:33:01.435] [T9466] [info] CSXSEventQueueManager::CreateEventQueueIfNotExist: create queue 964.1738553581 (CCH_UPI)...
[02/03/25 03:33:06.385] [T9923] [info] CSXSEventQueueManager::CreateEventQueueIfNotExist: create queue 1004.1738553586 (COSY)...
[02/03/25 03:38:03.334] [T9466] [info] CSXSEventQueueManager::RemoveEventQueueByChannel: remove queue 964.1738553581 (CCH_UPI) for channel 12...
[02/03/25 08:36:34.292] [T6797] [info] AdobeIPCBroker version: 7.2.1
[02/03/25 08:36:34.341] [T6820] [info] CSXSEventQueueManager::CreateEventQueueIfNotExist: create queue 788.1738571794 (CCXP)...
[02/03/25 08:36:35.577] [T6965] [info] CSXSEventQueueManager::CreateEventQueueIfNotExist: create queue 767.1738571795 (ACCC)...
[02/03/25 08:36:37.113] [T7385] [info] CSXSEventQueueManager::CreateEventQueueIfNotExist: create queue 849.1738571797 (ACHP)...
[02/03/25 08:36:37.160] [T7409] [info] CSXSEventQueueManager::CreateEventQueueIfNotExist: create queue 828.1738571797 (ADCS)...
[02/03/25 08:36:42.145] [T8041] [info] CSXSEventQueueManager::CreateEventQueueIfNotExist: create queue 887.1738571802 (COSY)...
[02/03/25 08:36:42.494] [T8165] [info] CSXSEventQueueManager::CreateEventQueueIfNotExist: create queue 900.1738571802 (COSY)...
[02/03/25 08:36:44.935] [T8517] [info] CSXSEventQueueManager::CreateEventQueueIfNotExist: create queue 945.1738571804 (CCH_UPI)...
[02/03/25 08:41:47.177] [T8517] [info] CSXSEventQueueManager::RemoveEventQueueByChannel: remove queue 945.1738571804 (CCH_UPI) for channel 14...
[02/04/25 00:10:26.434] [T6820] [info] CSXSEventQueueManager::RemoveEventQueueByChannel: remove queue 788.1738571794 (CCXP) for channel 2...
[02/04/25 00:12:01.660] [T811667] [info] CSXSEventQueueManager::CreateEventQueueIfNotExist: create queue 12980.1738627921 (CCXP)...
[02/04/25 00:43:02.935] [T811667] [info] CSXSEventQueueManager::RemoveEventQueueByChannel: remove queue 12980.1738627921 (CCXP) for channel 2...
[02/04/25 00:44:03.852] [T834927] [info] CSXSEventQueueManager::CreateEventQueueIfNotExist: create queue 13234.1738629843 (CCXP)...
[02/04/25 01:15:06.076] [T834930] [info] CSXSEventQueueManager::RemoveEventQueueByChannel: remove queue 13234.1738629843 (CCXP) for channel 3...
[02/04/25 01:16:07.812] [T859652] [info] CSXSEventQueueManager::CreateEventQueueIfNotExist: create queue 13466.1738631767 (CCXP)...
[02/04/25 01:47:09.267] [T859652] [info] CSXSEventQueueManager::RemoveEventQueueByChannel: remove queue 13466.1738631767 (CCXP) for channel 2...
[02/04/25 01:48:11.849] [T886005] [info] CSXSEventQueueManager::CreateEventQueueIfNotExist: create queue 13725.1738633691 (CCXP)...
[02/04/25 04:55:08.750] [T7049] [info] AdobeIPCBroker version: 7.2.1
[02/04/25 04:55:08.763] [T7082] [info] CSXSEventQueueManager::CreateEventQueueIfNotExist: create queue 802.1738644908 (CCXP)...
[02/04/25 04:55:09.870] [T7436] [info] CSXSEventQueueManager::CreateEventQueueIfNotExist: create queue 726.1738644909 (ACCC)...
[02/04/25 04:55:12.797] [T7831] [info] CSXSEventQueueManager::CreateEventQueueIfNotExist: create queue 854.1738644912 (ADCS)...
[02/04/25 04:55:12.858] [T7859] [info] CSXSEventQueueManager::CreateEventQueueIfNotExist: create queue 885.1738644912 (ACHP)...
[02/04/25 04:55:17.200] [T8390] [info] CSXSEventQueueManager::CreateEventQueueIfNotExist: create queue 914.1738644917 (COSY)...
[02/04/25 04:55:17.709] [T8512] [info] CSXSEventQueueManager::CreateEventQueueIfNotExist: create queue 931.1738644917 (COSY)...
[02/04/25 04:55:19.602] [T8536] [info] CSXSEventQueueManager::RemoveEventQueueByChannel: remove queue 931.1738644917 (COSY) for channel 23...
[02/04/25 04:55:20.320] [T8863] [info] CSXSEventQueueManager::CreateEventQueueIfNotExist: create queue 964.1738644920 (CCH_UPI)...
[02/04/25 04:55:24.120] [T9292] [info] CSXSEventQueueManager::CreateEventQueueIfNotExist: create queue 998.1738644924 (COSY)...
[02/04/25 05:00:21.645] [T8863] [info] CSXSEventQueueManager::RemoveEventQueueByChannel: remove queue 964.1738644920 (CCH_UPI) for channel 22...
[02/04/25 14:20:18.306] [T13238] [info] AdobeIPCBroker version: 7.2.1
[02/04/25 14:20:18.325] [T13257] [info] CSXSEventQueueManager::CreateEventQueueIfNotExist: create queue 788.1738678818 (CCXP)...
[02/04/25 14:20:19.626] [T13714] [info] CSXSEventQueueManager::CreateEventQueueIfNotExist: create queue 733.1738678819 (ACCC)...
[02/04/25 14:20:21.056] [T14036] [info] CSXSEventQueueManager::CreateEventQueueIfNotExist: create queue 861.1738678821 (ACHP)...
[02/04/25 14:20:21.056] [T14038] [info] CSXSEventQueueManager::CreateEventQueueIfNotExist: create queue 851.1738678821 (ADCS)...
[02/04/25 14:20:26.885] [T14760] [info] CSXSEventQueueManager::CreateEventQueueIfNotExist: create queue 919.1738678826 (COSY)...
[02/04/25 14:20:27.315] [T14845] [info] CSXSEventQueueManager::CreateEventQueueIfNotExist: create queue 930.1738678827 (COSY)...
[02/04/25 14:20:29.590] [T15188] [info] CSXSEventQueueManager::CreateEventQueueIfNotExist: create queue 961.1738678829 (CCH_UPI)...
[02/04/25 14:25:31.968] [T15188] [info] CSXSEventQueueManager::RemoveEventQueueByChannel: remove queue 961.1738678829 (CCH_UPI) for channel 14...
[02/05/25 00:29:07.394] [T13263] [info] CSXSEventQueueManager::RemoveEventQueueByChannel: remove queue 788.1738678818 (CCXP) for channel 3...
[02/05/25 00:30:18.397] [T352461] [info] CSXSEventQueueManager::CreateEventQueueIfNotExist: create queue 4679.1738715418 (CCXP)...
[02/05/25 01:01:20.498] [T352462] [info] CSXSEventQueueManager::RemoveEventQueueByChannel: remove queue 4679.1738715418 (CCXP) for channel 3...
[02/05/25 01:02:22.342] [T373698] [info] CSXSEventQueueManager::CreateEventQueueIfNotExist: create queue 4912.1738717342 (CCXP)...
[02/05/25 01:33:24.330] [T373703] [info] CSXSEventQueueManager::RemoveEventQueueByChannel: remove queue 4912.1738717342 (CCXP) for channel 3...
[02/05/25 01:34:26.236] [T406501] [info] CSXSEventQueueManager::CreateEventQueueIfNotExist: create queue 5536.1738719266 (CCXP)...
[02/05/25 02:05:26.681] [T406502] [info] CSXSEventQueueManager::RemoveEventQueueByChannel: remove queue 5536.1738719266 (CCXP) for channel 3...
[02/05/25 02:06:40.421] [T440188] [info] CSXSEventQueueManager::CreateEventQueueIfNotExist: create queue 6026.1738721200 (CCXP)...
[02/05/25 04:21:31.844] [T6895] [info] AdobeIPCBroker version: 7.2.1
[02/05/25 04:21:31.889] [T6923] [info] CSXSEventQueueManager::CreateEventQueueIfNotExist: create queue 789.1738729291 (CCXP)...
[02/05/25 04:21:33.002] [T7205] [info] CSXSEventQueueManager::CreateEventQueueIfNotExist: create queue 748.1738729293 (ACCC)...
[02/05/25 04:21:33.858] [T7581] [info] CSXSEventQueueManager::CreateEventQueueIfNotExist: create queue 852.1738729293 (ACHP)...
[02/05/25 04:21:33.863] [T7584] [info] CSXSEventQueueManager::CreateEventQueueIfNotExist: create queue 848.1738729293 (ADCS)...
[02/05/25 04:21:37.153] [T8057] [info] CSXSEventQueueManager::CreateEventQueueIfNotExist: create queue 879.1738729297 (COSY)...
[02/05/25 04:21:37.501] [T8104] [info] CSXSEventQueueManager::CreateEventQueueIfNotExist: create queue 888.1738729297 (COSY)...
[02/05/25 04:21:39.684] [T8388] [info] CSXSEventQueueManager::CreateEventQueueIfNotExist: create queue 915.1738729299 (CCH_UPI)...
[02/05/25 04:26:41.308] [T8410] [info] CSXSEventQueueManager::RemoveEventQueueByChannel: remove queue 915.1738729299 (CCH_UPI) for channel 15...
[02/06/25 00:07:56.425] [T6934] [info] CSXSEventQueueManager::RemoveEventQueueByChannel: remove queue 789.1738729291 (CCXP) for channel 3...
[02/06/25 00:09:12.729] [T960558] [info] CSXSEventQueueManager::CreateEventQueueIfNotExist: create queue 13300.1738800552 (CCXP)...
[02/06/25 00:40:14.545] [T960559] [info] CSXSEventQueueManager::RemoveEventQueueByChannel: remove queue 13300.1738800552 (CCXP) for channel 3...
[02/06/25 00:41:19.565] [T987251] [info] CSXSEventQueueManager::CreateEventQueueIfNotExist: create queue 13792.1738802479 (CCXP)...
[02/06/25 01:12:19.956] [T987252] [info] CSXSEventQueueManager::RemoveEventQueueByChannel: remove queue 13792.1738802479 (CCXP) for channel 3...
[02/06/25 01:13:29.772] [T1021437] [info] CSXSEventQueueManager::CreateEventQueueIfNotExist: create queue 14294.1738804409 (CCXP)...
[02/06/25 01:44:32.286] [T1021443] [info] CSXSEventQueueManager::RemoveEventQueueByChannel: remove queue 14294.1738804409 (CCXP) for channel 3...
[02/06/25 01:45:35.698] [T1056949] [info] CSXSEventQueueManager::CreateEventQueueIfNotExist: create queue 15097.1738806335 (CCXP)...
[02/06/25 04:18:43.769] [T1217337] [info] CSXSEventQueueManager::CreateEventQueueIfNotExist: create queue 18034.1738815523 (CCH_UPI)...
[02/06/25 04:23:46.952] [T1217337] [info] CSXSEventQueueManager::RemoveEventQueueByChannel: remove queue 18034.1738815523 (CCH_UPI) for channel 14...
[02/06/25 13:05:20.957] [T7399] [info] AdobeIPCBroker version: 7.2.1
[02/06/25 13:05:21.007] [T7418] [info] CSXSEventQueueManager::CreateEventQueueIfNotExist: create queue 788.1738847120 (CCXP)...
[02/06/25 13:05:21.406] [T7460] [info] CSXSEventQueueManager::CreateEventQueueIfNotExist: create queue 748.1738847121 (ACCC)...
[02/06/25 13:05:24.110] [T7965] [info] CSXSEventQueueManager::CreateEventQueueIfNotExist: create queue 881.1738847124 (ACHP)...
[02/06/25 13:05:24.246] [T8012] [info] CSXSEventQueueManager::CreateEventQueueIfNotExist: create queue 874.1738847124 (ADCS)...
[02/06/25 13:05:29.909] [T8904] [info] CSXSEventQueueManager::CreateEventQueueIfNotExist: create queue 934.1738847129 (COSY)...
[02/06/25 13:05:31.796] [T9044] [info] CSXSEventQueueManager::CreateEventQueueIfNotExist: create queue 946.1738847131 (COSY)...
[02/06/25 13:05:32.914] [T9235] [info] CSXSEventQueueManager::CreateEventQueueIfNotExist: create queue 967.1738847132 (CCH_UPI)...
[02/06/25 13:10:35.701] [T9235] [info] CSXSEventQueueManager::RemoveEventQueueByChannel: remove queue 967.1738847132 (CCH_UPI) for channel 14...
[02/07/25 00:38:11.585] [T7426] [info] CSXSEventQueueManager::RemoveEventQueueByChannel: remove queue 788.1738847120 (CCXP) for channel 3...
[02/07/25 00:39:12.955] [T589280] [info] CSXSEventQueueManager::CreateEventQueueIfNotExist: create queue 10026.1738888752 (CCXP)...
[02/07/25 01:10:15.293] [T589281] [info] CSXSEventQueueManager::RemoveEventQueueByChannel: remove queue 10026.1738888752 (CCXP) for channel 3...
[02/07/25 01:11:18.628] [T625354] [info] CSXSEventQueueManager::CreateEventQueueIfNotExist: create queue 10607.1738890678 (CCXP)...
[02/07/25 01:42:19.768] [T625354] [info] CSXSEventQueueManager::RemoveEventQueueByChannel: remove queue 10607.1738890678 (CCXP) for channel 2...
[02/07/25 01:43:25.987] [T663078] [info] CSXSEventQueueManager::CreateEventQueueIfNotExist: create queue 12905.1738892605 (CCXP)...
[02/07/25 02:21:48.102] [T663079] [info] CSXSEventQueueManager::RemoveEventQueueByChannel: remove queue 12905.1738892605 (CCXP) for channel 3...
[02/07/25 02:22:51.457] [T688301] [info] CSXSEventQueueManager::CreateEventQueueIfNotExist: create queue 13376.1738894971 (CCXP)...
[02/07/25 11:50:46.466] [T7135] [info] AdobeIPCBroker version: 7.2.1
[02/07/25 11:50:46.515] [T7167] [info] CSXSEventQueueManager::CreateEventQueueIfNotExist: create queue 794.1738929046 (CCXP)...
[02/07/25 11:50:46.525] [T7170] [info] CSXSEventQueueManager::CreateEventQueueIfNotExist: create queue 755.1738929046 (ACCC)...
[02/07/25 11:50:48.906] [T7858] [info] CSXSEventQueueManager::CreateEventQueueIfNotExist: create queue 869.1738929048 (ACHP)...
[02/07/25 11:50:49.341] [T7989] [info] CSXSEventQueueManager::CreateEventQueueIfNotExist: create queue 864.1738929049 (ADCS)...
[02/07/25 11:50:50.834] [T8209] [info] CSXSEventQueueManager::CreateEventQueueIfNotExist: create queue 896.1738929050 (COSY)...
[02/07/25 11:50:52.785] [T8507] [info] CSXSEventQueueManager::CreateEventQueueIfNotExist: create queue 908.1738929052 (COSY)...
[02/07/25 11:50:53.337] [T8642] [info] CSXSEventQueueManager::CreateEventQueueIfNotExist: create queue 948.1738929053 (CCH_UPI)...
[02/07/25 11:55:54.635] [T8642] [info] CSXSEventQueueManager::RemoveEventQueueByChannel: remove queue 948.1738929053 (CCH_UPI) for channel 17...
[02/07/25 14:41:42.276] [T8516] [info] CSXSEventQueueManager::RemoveEventQueueByChannel: remove queue 908.1738929052 (COSY) for channel 16...
[02/07/25 14:42:12.455] [T138989] [info] CSXSEventQueueManager::CreateEventQueueIfNotExist: create queue 2126.1738939332 (COSY)...
[02/08/25 00:13:59.859] [T7182] [info] CSXSEventQueueManager::RemoveEventQueueByChannel: remove queue 794.1738929046 (CCXP) for channel 7...
[02/08/25 00:15:01.888] [T603039] [info] CSXSEventQueueManager::CreateEventQueueIfNotExist: create queue 9518.1738973701 (CCXP)...
[02/08/25 00:46:05.339] [T603041] [info] CSXSEventQueueManager::RemoveEventQueueByChannel: remove queue 9518.1738973701 (CCXP) for channel 7...
[02/08/25 00:47:18.530] [T655132] [info] CSXSEventQueueManager::CreateEventQueueIfNotExist: create queue 10611.1738975638 (CCXP)...
[02/08/25 01:18:21.058] [T655132] [info] CSXSEventQueueManager::RemoveEventQueueByChannel: remove queue 10611.1738975638 (CCXP) for channel 5...
[02/08/25 01:19:30.717] [T691454] [info] CSXSEventQueueManager::CreateEventQueueIfNotExist: create queue 10993.1738977570 (CCXP)...
[02/08/25 01:50:31.318] [T691458] [info] CSXSEventQueueManager::RemoveEventQueueByChannel: remove queue 10993.1738977570 (CCXP) for channel 7...
[02/08/25 01:51:37.594] [T725282] [info] CSXSEventQueueManager::CreateEventQueueIfNotExist: create queue 11622.1738979497 (CCXP)...
[02/08/25 11:47:59.461] [T1250239] [info] CSXSEventQueueManager::CreateEventQueueIfNotExist: create queue 19040.1739015279 (CCH_UPI)...
[02/08/25 11:53:02.056] [T1250245] [info] CSXSEventQueueManager::RemoveEventQueueByChannel: remove queue 19040.1739015279 (CCH_UPI) for channel 18...
[02/09/25 00:03:56.920] [T725287] [info] CSXSEventQueueManager::RemoveEventQueueByChannel: remove queue 11622.1738979497 (CCXP) for channel 7...
[02/09/25 00:05:03.295] [T1709760] [info] CSXSEventQueueManager::CreateEventQueueIfNotExist: create queue 24225.1739059503 (CCXP)...
[02/09/25 00:36:05.434] [T1709771] [info] CSXSEventQueueManager::RemoveEventQueueByChannel: remove queue 24225.1739059503 (CCXP) for channel 7...
[02/09/25 00:37:09.013] [T1738045] [info] CSXSEventQueueManager::CreateEventQueueIfNotExist: create queue 24442.1739061429 (CCXP)...
[02/09/25 01:08:10.696] [T1738047] [info] CSXSEventQueueManager::RemoveEventQueueByChannel: remove queue 24442.1739061429 (CCXP) for channel 7...
[02/09/25 01:09:14.611] [T1771439] [info] CSXSEventQueueManager::CreateEventQueueIfNotExist: create queue 24661.1739063354 (CCXP)...
[02/09/25 01:40:16.056] [T1771445] [info] CSXSEventQueueManager::RemoveEventQueueByChannel: remove queue 24661.1739063354 (CCXP) for channel 7...
[02/09/25 01:41:22.528] [T1801611] [info] CSXSEventQueueManager::CreateEventQueueIfNotExist: create queue 25005.1739065282 (CCXP)...
[02/09/25 10:17:54.322] [T9716] [info] AdobeIPCBroker version: 7.2.1
[02/09/25 10:17:54.357] [T9725] [info] CSXSEventQueueManager::CreateEventQueueIfNotExist: create queue 967.1739096274 (CCXP)...
[02/09/25 10:17:58.403] [T10180] [info] CSXSEventQueueManager::CreateEventQueueIfNotExist: create queue 956.1739096278 (ACCC)...
[02/09/25 10:18:04.059] [T11027] [info] CSXSEventQueueManager::CreateEventQueueIfNotExist: create queue 1028.1739096284 (ACHP)...
[02/09/25 10:18:04.200] [T11076] [info] CSXSEventQueueManager::CreateEventQueueIfNotExist: create queue 1024.1739096284 (ADCS)...
[02/09/25 10:18:11.876] [T11938] [info] CSXSEventQueueManager::CreateEventQueueIfNotExist: create queue 1043.1739096291 (COSY)...
[02/09/25 10:18:15.137] [T12366] [info] CSXSEventQueueManager::CreateEventQueueIfNotExist: create queue 1072.1739096295 (COSY)...
[02/09/25 10:18:22.505] [T12898] [info] CSXSEventQueueManager::CreateEventQueueIfNotExist: create queue 1083.1739096302 (CCH_UPI)...
[02/09/25 10:23:30.371] [T12898] [info] CSXSEventQueueManager::RemoveEventQueueByChannel: remove queue 1083.1739096302 (CCH_UPI) for channel 14...
[02/09/25 12:53:19.032] [T6863] [info] AdobeIPCBroker version: 7.2.1
[02/09/25 12:53:19.084] [T6879] [info] CSXSEventQueueManager::CreateEventQueueIfNotExist: create queue 786.1739105598 (CCXP)...
[02/09/25 12:53:21.345] [T7380] [info] CSXSEventQueueManager::CreateEventQueueIfNotExist: create queue 752.1739105601 (ACCC)...
[02/09/25 12:53:22.537] [T7753] [info] CSXSEventQueueManager::CreateEventQueueIfNotExist: create queue 855.1739105602 (ADCS)...
[02/09/25 12:53:22.731] [T7811] [info] CSXSEventQueueManager::CreateEventQueueIfNotExist: create queue 871.1739105602 (ACHP)...
[02/09/25 12:53:23.977] [T8092] [info] CSXSEventQueueManager::CreateEventQueueIfNotExist: create queue 893.1739105603 (COSY)...
[02/09/25 12:53:24.656] [T8184] [info] CSXSEventQueueManager::CreateEventQueueIfNotExist: create queue 905.1739105604 (COSY)...
[02/09/25 12:53:27.331] [T8499] [info] CSXSEventQueueManager::CreateEventQueueIfNotExist: create queue 938.1739105607 (CCH_UPI)...
[02/09/25 12:58:29.719] [T8499] [info] CSXSEventQueueManager::RemoveEventQueueByChannel: remove queue 938.1739105607 (CCH_UPI) for channel 24...
[02/09/25 21:12:13.425] [T12734] [info] AdobeIPCBroker version: 7.2.1
[02/09/25 21:12:13.468] [T12744] [info] CSXSEventQueueManager::CreateEventQueueIfNotExist: create queue 855.1739135533 (CCXP)...
[02/09/25 21:12:15.088] [T13074] [info] CSXSEventQueueManager::CreateEventQueueIfNotExist: create queue 811.1739135535 (ACCC)...
[02/09/25 21:12:16.117] [T13300] [info] CSXSEventQueueManager::CreateEventQueueIfNotExist: create queue 909.1739135536 (ACHP)...
[02/09/25 21:12:16.138] [T13312] [info] CSXSEventQueueManager::CreateEventQueueIfNotExist: create queue 905.1739135536 (ADCS)...
[02/09/25 21:12:26.798] [T14429] [info] CSXSEventQueueManager::CreateEventQueueIfNotExist: create queue 974.1739135546 (COSY)...
[02/09/25 21:12:27.530] [T14488] [info] CSXSEventQueueManager::CreateEventQueueIfNotExist: create queue 983.1739135547 (COSY)...
[02/09/25 21:12:30.216] [T14822] [info] CSXSEventQueueManager::CreateEventQueueIfNotExist: create queue 1007.1739135550 (CCH_UPI)...
[02/09/25 21:17:31.931] [T14822] [info] CSXSEventQueueManager::RemoveEventQueueByChannel: remove queue 1007.1739135550 (CCH_UPI) for channel 14...
[02/10/25 00:13:14.206] [T12762] [info] CSXSEventQueueManager::RemoveEventQueueByChannel: remove queue 855.1739135533 (CCXP) for channel 3...
[02/10/25 00:14:16.172] [T174653] [info] CSXSEventQueueManager::CreateEventQueueIfNotExist: create queue 3224.1739146456 (CCXP)...
[02/10/25 00:45:16.795] [T174659] [info] CSXSEventQueueManager::RemoveEventQueueByChannel: remove queue 3224.1739146456 (CCXP) for channel 3...
[02/10/25 00:46:21.225] [T204067] [info] CSXSEventQueueManager::CreateEventQueueIfNotExist: create queue 3479.1739148381 (CCXP)...
[02/10/25 01:17:23.519] [T204067] [info] CSXSEventQueueManager::RemoveEventQueueByChannel: remove queue 3479.1739148381 (CCXP) for channel 2...
[02/10/25 01:18:26.855] [T234873] [info] CSXSEventQueueManager::CreateEventQueueIfNotExist: create queue 3847.1739150306 (CCXP)...
[02/10/25 01:49:27.434] [T234873] [info] CSXSEventQueueManager::RemoveEventQueueByChannel: remove queue 3847.1739150306 (CCXP) for channel 2...
[02/10/25 01:50:31.671] [T262446] [info] CSXSEventQueueManager::CreateEventQueueIfNotExist: create queue 4006.1739152231 (CCXP)...
[02/10/25 21:09:40.470] [T1185575] [info] CSXSEventQueueManager::CreateEventQueueIfNotExist: create queue 16647.1739221780 (CCH_UPI)...
[02/10/25 21:10:17.397] [T262447] [info] CSXSEventQueueManager::RemoveEventQueueByChannel: remove queue 4006.1739152231 (CCXP) for channel 3...
[02/10/25 21:11:15.740] [T1189738] [info] CSXSEventQueueManager::CreateEventQueueIfNotExist: create queue 16784.1739221875 (CCXP)...
[02/10/25 21:15:21.030] [T1185575] [info] CSXSEventQueueManager::RemoveEventQueueByChannel: remove queue 16647.1739221780 (CCH_UPI) for channel 14...
[02/11/25 00:07:03.662] [T7027] [info] AdobeIPCBroker version: 7.2.1
[02/11/25 00:07:03.691] [T7057] [info] CSXSEventQueueManager::CreateEventQueueIfNotExist: create queue 789.1739232423 (CCXP)...
[02/11/25 00:07:04.684] [T7433] [info] CSXSEventQueueManager::CreateEventQueueIfNotExist: create queue 718.1739232424 (ACCC)...
[02/11/25 00:07:05.280] [T7586] [info] CSXSEventQueueManager::CreateEventQueueIfNotExist: create queue 837.1739232425 (ADCS)...
[02/11/25 00:07:05.300] [T7594] [info] CSXSEventQueueManager::CreateEventQueueIfNotExist: create queue 843.1739232425 (ACHP)...
[02/11/25 00:07:14.326] [T8643] [info] CSXSEventQueueManager::CreateEventQueueIfNotExist: create queue 929.1739232434 (COSY)...
[02/11/25 00:07:17.405] [T9070] [info] CSXSEventQueueManager::CreateEventQueueIfNotExist: create queue 968.1739232437 (CCH_UPI)...
[02/11/25 00:07:19.127] [T9234] [info] CSXSEventQueueManager::CreateEventQueueIfNotExist: create queue 984.1739232439 (COSY)...
[02/11/25 00:12:19.682] [T9070] [info] CSXSEventQueueManager::RemoveEventQueueByChannel: remove queue 968.1739232437 (CCH_UPI) for channel 12...
[02/11/25 00:38:04.506] [T7066] [info] CSXSEventQueueManager::RemoveEventQueueByChannel: remove queue 789.1739232423 (CCXP) for channel 3...
[02/11/25 00:39:15.855] [T36298] [info] CSXSEventQueueManager::CreateEventQueueIfNotExist: create queue 1465.1739234355 (CCXP)...
[02/11/25 01:10:17.294] [T36298] [info] CSXSEventQueueManager::RemoveEventQueueByChannel: remove queue 1465.1739234355 (CCXP) for channel 2...
[02/11/25 01:11:20.225] [T58238] [info] CSXSEventQueueManager::CreateEventQueueIfNotExist: create queue 1704.1739236280 (CCXP)...
[02/11/25 01:42:22.857] [T58238] [info] CSXSEventQueueManager::RemoveEventQueueByChannel: remove queue 1704.1739236280 (CCXP) for channel 2...
[02/11/25 01:43:26.893] [T82600] [info] CSXSEventQueueManager::CreateEventQueueIfNotExist: create queue 1929.1739238206 (CCXP)...
[02/11/25 02:14:29.314] [T82600] [info] CSXSEventQueueManager::RemoveEventQueueByChannel: remove queue 1929.1739238206 (CCXP) for channel 2...
[02/11/25 02:15:32.752] [T110128] [info] CSXSEventQueueManager::CreateEventQueueIfNotExist: create queue 2518.1739240132 (CCXP)...
[02/12/25 00:06:44.433] [T853932] [info] CSXSEventQueueManager::CreateEventQueueIfNotExist: create queue 12671.1739318804 (CCH_UPI)...
[02/12/25 00:11:49.276] [T854016] [info] CSXSEventQueueManager::RemoveEventQueueByChannel: remove queue 12671.1739318804 (CCH_UPI) for channel 13...
[02/12/25 00:37:34.534] [T110129] [info] CSXSEventQueueManager::RemoveEventQueueByChannel: remove queue 2518.1739240132 (CCXP) for channel 3...
[02/12/25 00:38:48.490] [T881979] [info] CSXSEventQueueManager::CreateEventQueueIfNotExist: create queue 13141.1739320728 (CCXP)...
[02/12/25 01:09:49.767] [T881979] [info] CSXSEventQueueManager::RemoveEventQueueByChannel: remove queue 13141.1739320728 (CCXP) for channel 2...
[02/12/25 01:10:54.337] [T905456] [info] CSXSEventQueueManager::CreateEventQueueIfNotExist: create queue 13387.1739322654 (CCXP)...
[02/12/25 01:41:55.664] [T905456] [info] CSXSEventQueueManager::RemoveEventQueueByChannel: remove queue 13387.1739322654 (CCXP) for channel 2...
[02/12/25 01:43:02.327] [T932958] [info] CSXSEventQueueManager::CreateEventQueueIfNotExist: create queue 13705.1739324582 (CCXP)...
[02/12/25 02:14:03.987] [T932958] [info] CSXSEventQueueManager::RemoveEventQueueByChannel: remove queue 13705.1739324582 (CCXP) for channel 2...
[02/12/25 02:15:14.220] [T961863] [info] CSXSEventQueueManager::CreateEventQueueIfNotExist: create queue 14092.1739326514 (CCXP)...
[02/12/25 04:39:36.176] [T6968] [info] AdobeIPCBroker version: 7.2.1
[02/12/25 04:39:36.227] [T6991] [info] CSXSEventQueueManager::CreateEventQueueIfNotExist: create queue 788.1739335176 (CCXP)...
[02/12/25 04:39:37.294] [T7381] [info] CSXSEventQueueManager::CreateEventQueueIfNotExist: create queue 749.1739335177 (ACCC)...
[02/12/25 04:39:38.472] [T7659] [info] CSXSEventQueueManager::CreateEventQueueIfNotExist: create queue 845.1739335178 (ADCS)...
[02/12/25 04:39:38.488] [T7663] [info] CSXSEventQueueManager::CreateEventQueueIfNotExist: create queue 853.1739335178 (ACHP)...
[02/12/25 04:39:49.874] [T8689] [info] CSXSEventQueueManager::CreateEventQueueIfNotExist: create queue 930.1739335189 (COSY)...
[02/12/25 04:39:50.411] [T8852] [info] CSXSEventQueueManager::CreateEventQueueIfNotExist: create queue 948.1739335190 (COSY)...
[02/12/25 04:39:52.718] [T9130] [info] CSXSEventQueueManager::CreateEventQueueIfNotExist: create queue 968.1739335192 (CCH_UPI)...
[02/12/25 04:44:53.761] [T9130] [info] CSXSEventQueueManager::RemoveEventQueueByChannel: remove queue 968.1739335192 (CCH_UPI) for channel 14...
[02/13/25 00:34:55.834] [T6998] [info] CSXSEventQueueManager::RemoveEventQueueByChannel: remove queue 788.1739335176 (CCXP) for channel 3...
[02/13/25 00:35:59.023] [T1250112] [info] CSXSEventQueueManager::CreateEventQueueIfNotExist: create queue 18853.1739406959 (CCXP)...
[02/13/25 01:37:02.504] [T1250120] [info] CSXSEventQueueManager::RemoveEventQueueByChannel: remove queue 18853.1739406959 (CCXP) for channel 3...
[02/13/25 01:38:46.706] [T1309865] [info] CSXSEventQueueManager::CreateEventQueueIfNotExist: create queue 19808.1739410726 (CCXP)...
[02/13/25 02:09:49.712] [T1309865] [info] CSXSEventQueueManager::RemoveEventQueueByChannel: remove queue 19808.1739410726 (CCXP) for channel 2...
[02/13/25 02:11:01.893] [T1348699] [info] CSXSEventQueueManager::CreateEventQueueIfNotExist: create queue 20403.1739412661 (CCXP)...
[02/13/25 02:42:02.365] [T1348699] [info] CSXSEventQueueManager::RemoveEventQueueByChannel: remove queue 20403.1739412661 (CCXP) for channel 2...
[02/13/25 02:43:16.181] [T1371949] [info] CSXSEventQueueManager::CreateEventQueueIfNotExist: create queue 20823.1739414596 (CCXP)...
[02/13/25 04:36:56.490] [T1460054] [info] CSXSEventQueueManager::CreateEventQueueIfNotExist: create queue 21948.1739421416 (CCH_UPI)...
[02/13/25 04:42:04.720] [T1460062] [info] CSXSEventQueueManager::RemoveEventQueueByChannel: remove queue 21948.1739421416 (CCH_UPI) for channel 15...
[02/13/25 11:30:02.137] [T6853] [info] AdobeIPCBroker version: 7.2.1
[02/13/25 11:30:02.146] [T6867] [info] CSXSEventQueueManager::CreateEventQueueIfNotExist: create queue 797.1739446202 (CCXP)...
[02/13/25 11:30:03.185] [T7153] [info] CSXSEventQueueManager::CreateEventQueueIfNotExist: create queue 756.1739446203 (ACCC)...
[02/13/25 11:30:04.459] [T7647] [info] CSXSEventQueueManager::CreateEventQueueIfNotExist: create queue 868.1739446204 (ADCS)...
[02/13/25 11:30:04.494] [T7666] [info] CSXSEventQueueManager::CreateEventQueueIfNotExist: create queue 879.1739446204 (ACHP)...
[02/13/25 11:30:11.434] [T8708] [info] CSXSEventQueueManager::CreateEventQueueIfNotExist: create queue 941.1739446211 (COSY)...
[02/13/25 11:30:12.270] [T8824] [info] CSXSEventQueueManager::CreateEventQueueIfNotExist: create queue 952.1739446212 (COSY)...
[02/13/25 11:30:14.538] [T9163] [info] CSXSEventQueueManager::CreateEventQueueIfNotExist: create queue 991.1739446214 (CCH_UPI)...
[02/13/25 11:35:16.677] [T9163] [info] CSXSEventQueueManager::RemoveEventQueueByChannel: remove queue 991.1739446214 (CCH_UPI) for channel 14...
[02/14/25 00:31:07.108] [T6873] [info] CSXSEventQueueManager::RemoveEventQueueByChannel: remove queue 797.1739446202 (CCXP) for channel 3...
[02/14/25 00:32:13.296] [T609330] [info] CSXSEventQueueManager::CreateEventQueueIfNotExist: create queue 12633.1739493133 (CCXP)...
[02/14/25 01:03:16.243] [T609330] [info] CSXSEventQueueManager::RemoveEventQueueByChannel: remove queue 12633.1739493133 (CCXP) for channel 2...
[02/14/25 01:04:24.212] [T640426] [info] CSXSEventQueueManager::CreateEventQueueIfNotExist: create queue 12995.1739495064 (CCXP)...
[02/14/25 01:35:25.063] [T640432] [info] CSXSEventQueueManager::RemoveEventQueueByChannel: remove queue 12995.1739495064 (CCXP) for channel 3...
[02/14/25 01:36:30.138] [T681710] [info] CSXSEventQueueManager::CreateEventQueueIfNotExist: create queue 13952.1739496990 (CCXP)...
[02/14/25 02:07:30.643] [T681717] [info] CSXSEventQueueManager::RemoveEventQueueByChannel: remove queue 13952.1739496990 (CCXP) for channel 3...
[02/14/25 02:08:37.950] [T725273] [info] CSXSEventQueueManager::CreateEventQueueIfNotExist: create queue 14511.1739498917 (CCXP)...
[02/14/25 11:27:21.556] [T1045342] [info] CSXSEventQueueManager::CreateEventQueueIfNotExist: create queue 18777.1739532441 (CCH_UPI)...
[02/14/25 11:32:26.092] [T1045342] [info] CSXSEventQueueManager::RemoveEventQueueByChannel: remove queue 18777.1739532441 (CCH_UPI) for channel 14...
[02/15/25 00:39:41.231] [T725279] [info] CSXSEventQueueManager::RemoveEventQueueByChannel: remove queue 14511.1739498917 (CCXP) for channel 3...
[02/15/25 00:40:42.759] [T1551921] [info] CSXSEventQueueManager::CreateEventQueueIfNotExist: create queue 27710.1739580042 (CCXP)...
[02/15/25 01:11:43.945] [T1551921] [info] CSXSEventQueueManager::RemoveEventQueueByChannel: remove queue 27710.1739580042 (CCXP) for channel 2...
[02/15/25 01:12:51.079] [T1585957] [info] CSXSEventQueueManager::CreateEventQueueIfNotExist: create queue 28186.1739581971 (CCXP)...
[02/15/25 01:43:53.095] [T1585957] [info] CSXSEventQueueManager::RemoveEventQueueByChannel: remove queue 28186.1739581971 (CCXP) for channel 2...
[02/15/25 01:44:57.426] [T1622675] [info] CSXSEventQueueManager::CreateEventQueueIfNotExist: create queue 28637.1739583897 (CCXP)...
[02/15/25 02:10:40.118] [T6782] [info] AdobeIPCBroker version: 7.2.1
[02/15/25 02:10:40.127] [T6815] [info] CSXSEventQueueManager::CreateEventQueueIfNotExist: create queue 783.1739585440 (CCXP)...
[02/15/25 02:10:41.238] [T7206] [info] CSXSEventQueueManager::CreateEventQueueIfNotExist: create queue 738.1739585441 (ACCC)...
[02/15/25 02:10:42.263] [T7544] [info] CSXSEventQueueManager::CreateEventQueueIfNotExist: create queue 851.1739585442 (ADCS)...
[02/15/25 02:10:42.292] [T7559] [info] CSXSEventQueueManager::CreateEventQueueIfNotExist: create queue 855.1739585442 (ACHP)...
[02/15/25 02:10:49.342] [T8197] [info] CSXSEventQueueManager::CreateEventQueueIfNotExist: create queue 898.1739585449 (COSY)...
[02/15/25 02:10:49.884] [T8288] [info] CSXSEventQueueManager::CreateEventQueueIfNotExist: create queue 908.1739585449 (COSY)...
[02/15/25 02:10:53.279] [T8935] [info] CSXSEventQueueManager::CreateEventQueueIfNotExist: create queue 953.1739585453 (CCH_UPI)...
[02/15/25 02:15:56.404] [T8948] [info] CSXSEventQueueManager::RemoveEventQueueByChannel: remove queue 953.1739585453 (CCH_UPI) for channel 15...
[02/15/25 08:08:12.946] [T7772] [info] AdobeIPCBroker version: 7.2.1
[02/15/25 08:08:12.987] [T7790] [info] CSXSEventQueueManager::CreateEventQueueIfNotExist: create queue 802.1739606892 (CCXP)...
[02/15/25 08:08:14.016] [T8058] [info] CSXSEventQueueManager::CreateEventQueueIfNotExist: create queue 740.1739606894 (ACCC)...
[02/15/25 08:08:15.359] [T8565] [info] CSXSEventQueueManager::CreateEventQueueIfNotExist: create queue 874.1739606895 (ACHP)...
[02/15/25 08:08:15.361] [T8567] [info] CSXSEventQueueManager::CreateEventQueueIfNotExist: create queue 870.1739606895 (ADCS)...
[02/15/25 08:08:19.326] [T8888] [info] CSXSEventQueueManager::CreateEventQueueIfNotExist: create queue 899.1739606899 (COSY)...
[02/15/25 08:08:20.104] [T8984] [info] CSXSEventQueueManager::CreateEventQueueIfNotExist: create queue 909.1739606900 (COSY)...
[02/15/25 08:08:21.988] [T9242] [info] CSXSEventQueueManager::CreateEventQueueIfNotExist: create queue 927.1739606901 (CCH_UPI)...
[02/15/25 08:13:23.720] [T9242] [info] CSXSEventQueueManager::RemoveEventQueueByChannel: remove queue 927.1739606901 (CCH_UPI) for channel 23...
[02/16/25 00:11:14.667] [T7790] [info] CSXSEventQueueManager::RemoveEventQueueByChannel: remove queue 802.1739606892 (CCXP) for channel 6...
[02/16/25 00:12:26.143] [T864585] [info] CSXSEventQueueManager::CreateEventQueueIfNotExist: create queue 11993.1739664746 (CCXP)...
[02/16/25 00:43:26.552] [T864592] [info] CSXSEventQueueManager::RemoveEventQueueByChannel: remove queue 11993.1739664746 (CCXP) for channel 7...
[02/16/25 00:44:27.837] [T904395] [info] CSXSEventQueueManager::CreateEventQueueIfNotExist: create queue 12885.1739666667 (CCXP)...
[02/16/25 00:59:47.205] [T6788] [info] AdobeIPCBroker version: 7.2.1
[02/16/25 00:59:47.239] [T6817] [info] CSXSEventQueueManager::CreateEventQueueIfNotExist: create queue 790.1739667587 (CCXP)...
[02/16/25 00:59:48.159] [T7115] [info] CSXSEventQueueManager::CreateEventQueueIfNotExist: create queue 736.1739667588 (ACCC)...
[02/16/25 00:59:50.305] [T7644] [info] CSXSEventQueueManager::CreateEventQueueIfNotExist: create queue 868.1739667590 (ADCS)...
[02/16/25 00:59:50.325] [T7646] [info] CSXSEventQueueManager::CreateEventQueueIfNotExist: create queue 881.1739667590 (ACHP)...
[02/16/25 00:59:53.675] [T8073] [info] CSXSEventQueueManager::CreateEventQueueIfNotExist: create queue 903.1739667593 (COSY)...
[02/16/25 00:59:54.335] [T8174] [info] CSXSEventQueueManager::CreateEventQueueIfNotExist: create queue 913.1739667594 (COSY)...
[02/16/25 00:59:56.557] [T8407] [info] CSXSEventQueueManager::CreateEventQueueIfNotExist: create queue 935.1739667596 (CCH_UPI)...
[02/16/25 01:04:58.680] [T8407] [info] CSXSEventQueueManager::RemoveEventQueueByChannel: remove queue 935.1739667596 (CCH_UPI) for channel 14...
[02/16/25 01:30:49.659] [T6834] [info] CSXSEventQueueManager::RemoveEventQueueByChannel: remove queue 790.1739667587 (CCXP) for channel 3...
[02/16/25 01:31:56.529] [T29029] [info] CSXSEventQueueManager::CreateEventQueueIfNotExist: create queue 1248.1739669516 (CCXP)...
[02/17/25 00:02:58.082] [T29029] [info] CSXSEventQueueManager::RemoveEventQueueByChannel: remove queue 1248.1739669516 (CCXP) for channel 2...
[02/17/25 00:04:00.839] [T1119332] [info] CSXSEventQueueManager::CreateEventQueueIfNotExist: create queue 16528.1739750640 (CCXP)...
[02/17/25 00:35:02.001] [T1119332] [info] CSXSEventQueueManager::RemoveEventQueueByChannel: remove queue 16528.1739750640 (CCXP) for channel 2...
[02/17/25 00:36:03.052] [T1150581] [info] CSXSEventQueueManager::CreateEventQueueIfNotExist: create queue 16938.1739752563 (CCXP)...
[02/17/25 00:57:03.932] [T1169343] [info] CSXSEventQueueManager::CreateEventQueueIfNotExist: create queue 17078.1739753823 (CCH_UPI)...
[02/17/25 01:02:07.093] [T1169343] [info] CSXSEventQueueManager::RemoveEventQueueByChannel: remove queue 17078.1739753823 (CCH_UPI) for channel 14...
[02/17/25 01:07:04.892] [T1150581] [info] CSXSEventQueueManager::RemoveEventQueueByChannel: remove queue 16938.1739752563 (CCXP) for channel 2...
[02/17/25 01:08:11.087] [T1177508] [info] CSXSEventQueueManager::CreateEventQueueIfNotExist: create queue 17241.1739754491 (CCXP)...
[02/17/25 01:39:13.937] [T1177514] [info] CSXSEventQueueManager::RemoveEventQueueByChannel: remove queue 17241.1739754491 (CCXP) for channel 3...
[02/17/25 01:40:19.503] [T1212864] [info] CSXSEventQueueManager::CreateEventQueueIfNotExist: create queue 17816.1739756419 (CCXP)...
[02/17/25 04:00:24.834] [T6316] [info] AdobeIPCBroker version: 7.2.1
[02/17/25 04:00:24.888] [T6343] [info] CSXSEventQueueManager::CreateEventQueueIfNotExist: create queue 745.1739764824 (CCXP)...
[02/17/25 04:00:27.009] [T6963] [info] CSXSEventQueueManager::CreateEventQueueIfNotExist: create queue 713.1739764827 (ACCC)...
[02/17/25 04:00:31.343] [T7775] [info] CSXSEventQueueManager::CreateEventQueueIfNotExist: create queue 878.1739764831 (ACHP)...
[02/17/25 04:00:31.391] [T7785] [info] CSXSEventQueueManager::CreateEventQueueIfNotExist: create queue 872.1739764831 (ADCS)...
[02/17/25 04:00:34.961] [T8173] [info] CSXSEventQueueManager::CreateEventQueueIfNotExist: create queue 914.1739764834 (COSY)...
[02/17/25 04:00:35.572] [T8284] [info] CSXSEventQueueManager::CreateEventQueueIfNotExist: create queue 924.1739764835 (COSY)...
[02/17/25 04:00:37.350] [T8567] [info] CSXSEventQueueManager::CreateEventQueueIfNotExist: create queue 962.1739764837 (CCH_UPI)...
[02/17/25 04:05:38.643] [T8585] [info] CSXSEventQueueManager::RemoveEventQueueByChannel: remove queue 962.1739764837 (CCH_UPI) for channel 15...
[02/17/25 15:11:16.744] [T6714] [info] AdobeIPCBroker version: 7.2.1
[02/17/25 15:11:16.780] [T6743] [info] CSXSEventQueueManager::CreateEventQueueIfNotExist: create queue 777.1739805076 (CCXP)...
[02/17/25 15:11:17.930] [T7124] [info] CSXSEventQueueManager::CreateEventQueueIfNotExist: create queue 721.1739805077 (ACCC)...
[02/17/25 15:11:19.089] [T7532] [info] CSXSEventQueueManager::CreateEventQueueIfNotExist: create queue 865.1739805079 (ACHP)...
[02/17/25 15:11:19.091] [T7538] [info] CSXSEventQueueManager::CreateEventQueueIfNotExist: create queue 855.1739805079 (ADCS)...
[02/17/25 15:11:25.342] [T8200] [info] CSXSEventQueueManager::CreateEventQueueIfNotExist: create queue 910.1739805085 (COSY)...
[02/17/25 15:11:25.745] [T8251] [info] CSXSEventQueueManager::CreateEventQueueIfNotExist: create queue 917.1739805085 (COSY)...
[02/17/25 15:11:28.539] [T8600] [info] CSXSEventQueueManager::CreateEventQueueIfNotExist: create queue 938.1739805088 (CCH_UPI)...
[02/17/25 15:16:31.866] [T8726] [info] CSXSEventQueueManager::RemoveEventQueueByChannel: remove queue 938.1739805088 (CCH_UPI) for channel 23...
[02/18/25 00:13:34.356] [T6754] [info] CSXSEventQueueManager::RemoveEventQueueByChannel: remove queue 777.1739805076 (CCXP) for channel 7...
[02/18/25 00:14:40.896] [T630559] [info] CSXSEventQueueManager::CreateEventQueueIfNotExist: create queue 5417.1739837680 (CCXP)...
[02/18/25 00:45:42.770] [T630572] [info] CSXSEventQueueManager::RemoveEventQueueByChannel: remove queue 5417.1739837680 (CCXP) for channel 7...
[02/18/25 00:46:57.205] [T664361] [info] CSXSEventQueueManager::CreateEventQueueIfNotExist: create queue 5646.1739839617 (CCXP)...
[02/18/25 01:17:59.517] [T664361] [info] CSXSEventQueueManager::RemoveEventQueueByChannel: remove queue 5646.1739839617 (CCXP) for channel 6...
[02/18/25 01:19:00.746] [T686853] [info] CSXSEventQueueManager::CreateEventQueueIfNotExist: create queue 5920.1739841540 (CCXP)...
[02/18/25 01:50:03.077] [T686853] [info] CSXSEventQueueManager::RemoveEventQueueByChannel: remove queue 5920.1739841540 (CCXP) for channel 6...
[02/18/25 01:51:05.570] [T715891] [info] CSXSEventQueueManager::CreateEventQueueIfNotExist: create queue 6317.1739843465 (CCXP)...
[02/18/25 15:08:36.986] [T1462780] [info] CSXSEventQueueManager::CreateEventQueueIfNotExist: create queue 17570.1739891316 (CCH_UPI)...
[02/18/25 15:13:37.892] [T1462787] [info] CSXSEventQueueManager::RemoveEventQueueByChannel: remove queue 17570.1739891316 (CCH_UPI) for channel 23...
[02/19/25 00:25:20.278] [T715891] [info] CSXSEventQueueManager::RemoveEventQueueByChannel: remove queue 6317.1739843465 (CCXP) for channel 6...
[02/19/25 00:26:34.594] [T1996989] [info] CSXSEventQueueManager::CreateEventQueueIfNotExist: create queue 29594.1739924794 (CCXP)...
[02/19/25 00:57:38.045] [T1996989] [info] CSXSEventQueueManager::RemoveEventQueueByChannel: remove queue 29594.1739924794 (CCXP) for channel 6...
[02/19/25 00:58:44.531] [T2032543] [info] CSXSEventQueueManager::CreateEventQueueIfNotExist: create queue 30152.1739926724 (CCXP)...
[02/19/25 01:29:48.598] [T2032543] [info] CSXSEventQueueManager::RemoveEventQueueByChannel: remove queue 30152.1739926724 (CCXP) for channel 6...
[02/19/25 01:31:06.147] [T2074149] [info] CSXSEventQueueManager::CreateEventQueueIfNotExist: create queue 31254.1739928666 (CCXP)...
[02/19/25 02:02:12.553] [T2074149] [info] CSXSEventQueueManager::RemoveEventQueueByChannel: remove queue 31254.1739928666 (CCXP) for channel 6...
[02/19/25 02:03:46.171] [T2115560] [info] CSXSEventQueueManager::CreateEventQueueIfNotExist: create queue 31849.1739930626 (CCXP)...
[02/19/25 15:05:39.175] [T2743500] [info] CSXSEventQueueManager::CreateEventQueueIfNotExist: create queue 38549.1739977539 (CCH_UPI)...
[02/19/25 15:10:42.073] [T2743500] [info] CSXSEventQueueManager::RemoveEventQueueByChannel: remove queue 38549.1739977539 (CCH_UPI) for channel 22...
[02/19/25 18:22:28.794] [T6686] [info] AdobeIPCBroker version: 7.2.1
[02/19/25 18:22:28.810] [T6693] [info] CSXSEventQueueManager::CreateEventQueueIfNotExist: create queue 778.1739989348 (CCXP)...
[02/19/25 18:22:31.417] [T7194] [info] CSXSEventQueueManager::CreateEventQueueIfNotExist: create queue 738.1739989351 (ACCC)...
[02/19/25 18:22:33.000] [T7674] [info] CSXSEventQueueManager::CreateEventQueueIfNotExist: create queue 864.1739989353 (ADCS)...
[02/19/25 18:22:33.010] [T7677] [info] CSXSEventQueueManager::CreateEventQueueIfNotExist: create queue 869.1739989353 (ACHP)...
[02/19/25 18:22:36.441] [T8090] [info] CSXSEventQueueManager::CreateEventQueueIfNotExist: create queue 898.1739989356 (COSY)...
[02/19/25 18:22:36.921] [T8179] [info] CSXSEventQueueManager::CreateEventQueueIfNotExist: create queue 906.1739989356 (COSY)...
[02/19/25 18:22:38.921] [T8419] [info] CSXSEventQueueManager::CreateEventQueueIfNotExist: create queue 924.1739989358 (CCH_UPI)...
[02/19/25 18:27:40.843] [T8419] [info] CSXSEventQueueManager::RemoveEventQueueByChannel: remove queue 924.1739989358 (CCH_UPI) for channel 14...
[02/20/25 00:29:32.204] [T6699] [info] CSXSEventQueueManager::RemoveEventQueueByChannel: remove queue 778.1739989348 (CCXP) for channel 3...
[02/20/25 00:30:33.209] [T330190] [info] CSXSEventQueueManager::CreateEventQueueIfNotExist: create queue 5957.1740011433 (CCXP)...
[02/20/25 01:01:34.135] [T330195] [info] CSXSEventQueueManager::RemoveEventQueueByChannel: remove queue 5957.1740011433 (CCXP) for channel 3...
[02/20/25 01:02:35.139] [T352278] [info] CSXSEventQueueManager::CreateEventQueueIfNotExist: create queue 6239.1740013355 (CCXP)...
[02/20/25 01:33:37.182] [T352283] [info] CSXSEventQueueManager::RemoveEventQueueByChannel: remove queue 6239.1740013355 (CCXP) for channel 3...
[02/20/25 01:34:38.021] [T375512] [info] CSXSEventQueueManager::CreateEventQueueIfNotExist: create queue 6472.1740015278 (CCXP)...
[02/20/25 02:05:39.255] [T375512] [info] CSXSEventQueueManager::RemoveEventQueueByChannel: remove queue 6472.1740015278 (CCXP) for channel 2...
[02/20/25 02:06:53.911] [T417935] [info] CSXSEventQueueManager::CreateEventQueueIfNotExist: create queue 6741.1740017213 (CCXP)...
[02/20/25 06:29:57.534] [T6673] [info] AdobeIPCBroker version: 7.2.1
[02/20/25 06:29:57.584] [T6687] [info] CSXSEventQueueManager::CreateEventQueueIfNotExist: create queue 768.1740032997 (CCXP)...
[02/20/25 06:29:58.929] [T7027] [info] CSXSEventQueueManager::CreateEventQueueIfNotExist: create queue 733.1740032998 (ACCC)...
[02/20/25 06:30:00.139] [T7508] [info] CSXSEventQueueManager::CreateEventQueueIfNotExist: create queue 857.1740033000 (ACHP)...
[02/20/25 06:30:00.166] [T7529] [info] CSXSEventQueueManager::CreateEventQueueIfNotExist: create queue 853.1740033000 (ADCS)...
[02/20/25 06:30:05.455] [T8461] [info] CSXSEventQueueManager::CreateEventQueueIfNotExist: create queue 930.1740033005 (COSY)...
[02/20/25 06:30:06.222] [T8605] [info] CSXSEventQueueManager::CreateEventQueueIfNotExist: create queue 948.1740033006 (COSY)...
[02/20/25 06:30:09.205] [T8994] [info] CSXSEventQueueManager::CreateEventQueueIfNotExist: create queue 986.1740033009 (CCH_UPI)...
[02/20/25 06:30:12.168] [T6696] [info] CSXSEventQueueManager::RemoveEventQueueByChannel: remove queue 768.1740032997 (CCXP) for channel 3...
[02/20/25 06:30:47.173] [T13126] [info] CSXSEventQueueManager::CreateEventQueueIfNotExist: create queue 1158.1740033047 (CCXP)...
[02/20/25 06:35:13.165] [T8994] [info] CSXSEventQueueManager::RemoveEventQueueByChannel: remove queue 986.1740033009 (CCH_UPI) for channel 14...
[02/20/25 15:39:05.065] [T7656] [info] AdobeIPCBroker version: 7.2.1
[02/20/25 15:39:05.069] [T7673] [info] CSXSEventQueueManager::CreateEventQueueIfNotExist: create queue 780.1740065945 (CCXP)...
[02/20/25 15:39:06.397] [T8176] [info] CSXSEventQueueManager::CreateEventQueueIfNotExist: create queue 741.1740065946 (ACCC)...
[02/20/25 15:39:07.275] [T8376] [info] CSXSEventQueueManager::CreateEventQueueIfNotExist: create queue 851.1740065947 (ACHP)...
[02/20/25 15:39:07.275] [T8378] [info] CSXSEventQueueManager::CreateEventQueueIfNotExist: create queue 848.1740065947 (ADCS)...
[02/20/25 15:39:14.747] [T9228] [info] CSXSEventQueueManager::CreateEventQueueIfNotExist: create queue 908.1740065954 (COSY)...
[02/20/25 15:39:15.540] [T9344] [info] CSXSEventQueueManager::CreateEventQueueIfNotExist: create queue 922.1740065955 (COSY)...
[02/20/25 15:39:18.501] [T9570] [info] CSXSEventQueueManager::CreateEventQueueIfNotExist: create queue 932.1740065958 (CCH_UPI)...
[02/20/25 15:44:23.052] [T9570] [info] CSXSEventQueueManager::RemoveEventQueueByChannel: remove queue 932.1740065958 (CCH_UPI) for channel 14...
[02/20/25 21:52:27.385] [T6754] [info] AdobeIPCBroker version: 7.2.1
[02/20/25 21:52:27.438] [T6779] [info] CSXSEventQueueManager::CreateEventQueueIfNotExist: create queue 790.1740088347 (CCXP)...
[02/20/25 21:52:28.246] [T7126] [info] CSXSEventQueueManager::CreateEventQueueIfNotExist: create queue 757.1740088348 (ACCC)...
[02/20/25 21:52:28.837] [T7262] [info] CSXSEventQueueManager::CreateEventQueueIfNotExist: create queue 840.1740088348 (ACHP)...
[02/20/25 21:52:28.851] [T7275] [info] CSXSEventQueueManager::CreateEventQueueIfNotExist: create queue 836.1740088348 (ADCS)...
[02/20/25 21:52:33.438] [T7985] [info] CSXSEventQueueManager::CreateEventQueueIfNotExist: create queue 905.1740088353 (COSY)...
[02/20/25 21:52:33.874] [T8091] [info] CSXSEventQueueManager::CreateEventQueueIfNotExist: create queue 915.1740088353 (COSY)...
[02/20/25 21:52:37.473] [T8458] [info] CSXSEventQueueManager::CreateEventQueueIfNotExist: create queue 953.1740088357 (CCH_UPI)...
[02/20/25 21:57:39.833] [T8458] [info] CSXSEventQueueManager::RemoveEventQueueByChannel: remove queue 953.1740088357 (CCH_UPI) for channel 14...
[02/21/25 00:23:29.875] [T6815] [info] CSXSEventQueueManager::RemoveEventQueueByChannel: remove queue 790.1740088347 (CCXP) for channel 2...
[02/21/25 00:24:38.688] [T106574] [info] CSXSEventQueueManager::CreateEventQueueIfNotExist: create queue 1961.1740097478 (CCXP)...
[02/21/25 00:55:40.030] [T106574] [info] CSXSEventQueueManager::RemoveEventQueueByChannel: remove queue 1961.1740097478 (CCXP) for channel 2...
[02/21/25 00:56:43.450] [T131150] [info] CSXSEventQueueManager::CreateEventQueueIfNotExist: create queue 2201.1740099403 (CCXP)...
[02/21/25 01:27:45.926] [T131150] [info] CSXSEventQueueManager::RemoveEventQueueByChannel: remove queue 2201.1740099403 (CCXP) for channel 2...
[02/21/25 01:28:47.798] [T153470] [info] CSXSEventQueueManager::CreateEventQueueIfNotExist: create queue 2439.1740101327 (CCXP)...
[02/21/25 01:59:49.898] [T153471] [info] CSXSEventQueueManager::RemoveEventQueueByChannel: remove queue 2439.1740101327 (CCXP) for channel 3...
[02/21/25 02:00:50.954] [T176064] [info] CSXSEventQueueManager::CreateEventQueueIfNotExist: create queue 4413.1740103250 (CCXP)...
[02/21/25 21:49:40.488] [T979831] [info] CSXSEventQueueManager::CreateEventQueueIfNotExist: create queue 15198.1740174580 (CCH_UPI)...
[02/21/25 21:54:43.361] [T979831] [info] CSXSEventQueueManager::RemoveEventQueueByChannel: remove queue 15198.1740174580 (CCH_UPI) for channel 14...
[02/22/25 00:13:56.725] [T176064] [info] CSXSEventQueueManager::RemoveEventQueueByChannel: remove queue 4413.1740103250 (CCXP) for channel 2...
[02/22/25 00:15:08.045] [T1059275] [info] CSXSEventQueueManager::CreateEventQueueIfNotExist: create queue 16520.1740183308 (CCXP)...
[02/22/25 00:46:10.270] [T1059275] [info] CSXSEventQueueManager::RemoveEventQueueByChannel: remove queue 16520.1740183308 (CCXP) for channel 2...
[02/22/25 00:47:24.654] [T1084813] [info] CSXSEventQueueManager::CreateEventQueueIfNotExist: create queue 16963.1740185244 (CCXP)...
[02/22/25 01:18:25.978] [T1084813] [info] CSXSEventQueueManager::RemoveEventQueueByChannel: remove queue 16963.1740185244 (CCXP) for channel 2...
[02/22/25 01:19:26.902] [T1106830] [info] CSXSEventQueueManager::CreateEventQueueIfNotExist: create queue 17278.1740187166 (CCXP)...
[02/22/25 01:50:28.212] [T1106838] [info] CSXSEventQueueManager::RemoveEventQueueByChannel: remove queue 17278.1740187166 (CCXP) for channel 3...
[02/22/25 01:51:29.345] [T1130823] [info] CSXSEventQueueManager::CreateEventQueueIfNotExist: create queue 17522.1740189089 (CCXP)...
[02/22/25 06:06:59.877] [T6811] [info] AdobeIPCBroker version: 7.2.1
[02/22/25 06:06:59.893] [T6876] [info] CSXSEventQueueManager::CreateEventQueueIfNotExist: create queue 781.1740204419 (CCXP)...
[02/22/25 06:07:01.488] [T7408] [info] CSXSEventQueueManager::CreateEventQueueIfNotExist: create queue 728.1740204421 (ACCC)...
[02/22/25 06:07:02.120] [T7567] [info] CSXSEventQueueManager::CreateEventQueueIfNotExist: create queue 863.1740204422 (ACHP)...
[02/22/25 06:07:02.125] [T7575] [info] CSXSEventQueueManager::CreateEventQueueIfNotExist: create queue 854.1740204422 (ADCS)...
[02/22/25 06:07:08.671] [T8211] [info] CSXSEventQueueManager::CreateEventQueueIfNotExist: create queue 914.1740204428 (COSY)...
[02/22/25 06:07:09.795] [T8472] [info] CSXSEventQueueManager::CreateEventQueueIfNotExist: create queue 925.1740204429 (COSY)...
[02/22/25 06:07:12.565] [T8700] [info] CSXSEventQueueManager::CreateEventQueueIfNotExist: create queue 940.1740204432 (CCH_UPI)...
[02/22/25 06:12:14.979] [T8700] [info] CSXSEventQueueManager::RemoveEventQueueByChannel: remove queue 940.1740204432 (CCH_UPI) for channel 22...
[02/22/25 16:03:22.900] [T6410] [info] AdobeIPCBroker version: 7.2.1
[02/22/25 16:03:22.949] [T6461] [info] CSXSEventQueueManager::CreateEventQueueIfNotExist: create queue 755.1740240202 (CCXP)...
[02/22/25 16:03:23.807] [T6683] [info] CSXSEventQueueManager::CreateEventQueueIfNotExist: create queue 720.1740240203 (ACCC)...
[02/22/25 16:03:26.413] [T7409] [info] CSXSEventQueueManager::CreateEventQueueIfNotExist: create queue 851.1740240206 (ACHP)...
[02/22/25 16:03:26.446] [T7425] [info] CSXSEventQueueManager::CreateEventQueueIfNotExist: create queue 847.1740240206 (ADCS)...
[02/22/25 16:03:33.232] [T8386] [info] CSXSEventQueueManager::CreateEventQueueIfNotExist: create queue 922.1740240213 (COSY)...
[02/22/25 16:03:33.621] [T8444] [info] CSXSEventQueueManager::CreateEventQueueIfNotExist: create queue 929.1740240213 (COSY)...
[02/22/25 16:03:36.670] [T8894] [info] CSXSEventQueueManager::CreateEventQueueIfNotExist: create queue 952.1740240216 (CCH_UPI)...
[02/22/25 16:08:38.960] [T8894] [info] CSXSEventQueueManager::RemoveEventQueueByChannel: remove queue 952.1740240216 (CCH_UPI) for channel 23...
[02/22/25 20:50:52.523] [T8890] [info] AdobeIPCBroker version: 7.2.1
[02/22/25 20:50:52.568] [T8904] [info] CSXSEventQueueManager::CreateEventQueueIfNotExist: create queue 923.1740257452 (CCXP)...
[02/22/25 20:50:54.546] [T9191] [info] CSXSEventQueueManager::CreateEventQueueIfNotExist: create queue 912.1740257454 (ACCC)...
[02/22/25 20:50:58.614] [T9949] [info] CSXSEventQueueManager::CreateEventQueueIfNotExist: create queue 996.1740257458 (ADCS)...
[02/22/25 20:50:58.687] [T9972] [info] CSXSEventQueueManager::CreateEventQueueIfNotExist: create queue 1007.1740257458 (ACHP)...
[02/22/25 20:50:59.940] [T10138] [info] CSXSEventQueueManager::CreateEventQueueIfNotExist: create queue 1012.1740257459 (COSY)...
[02/22/25 20:51:00.504] [T10208] [info] CSXSEventQueueManager::CreateEventQueueIfNotExist: create queue 1023.1740257460 (COSY)...
[02/22/25 20:51:03.094] [T10437] [info] CSXSEventQueueManager::CreateEventQueueIfNotExist: create queue 1038.1740257463 (CCH_UPI)...
[02/22/25 20:56:05.176] [T10437] [info] CSXSEventQueueManager::RemoveEventQueueByChannel: remove queue 1038.1740257463 (CCH_UPI) for channel 23...
[02/23/25 00:21:54.023] [T8908] [info] CSXSEventQueueManager::RemoveEventQueueByChannel: remove queue 923.1740257452 (CCXP) for channel 11...
[02/23/25 00:23:00.011] [T129889] [info] CSXSEventQueueManager::CreateEventQueueIfNotExist: create queue 2709.1740270180 (CCXP)...
[02/23/25 00:54:01.120] [T129891] [info] CSXSEventQueueManager::RemoveEventQueueByChannel: remove queue 2709.1740270180 (CCXP) for channel 11...
[02/23/25 00:55:02.204] [T155734] [info] CSXSEventQueueManager::CreateEventQueueIfNotExist: create queue 3027.1740272102 (CCXP)...
[02/23/25 01:26:04.492] [T155741] [info] CSXSEventQueueManager::RemoveEventQueueByChannel: remove queue 3027.1740272102 (CCXP) for channel 11...
[02/23/25 01:27:06.473] [T178158] [info] CSXSEventQueueManager::CreateEventQueueIfNotExist: create queue 3207.1740274026 (CCXP)...
[02/23/25 01:58:08.409] [T178159] [info] CSXSEventQueueManager::RemoveEventQueueByChannel: remove queue 3207.1740274026 (CCXP) for channel 11...
[02/23/25 01:59:10.629] [T206481] [info] CSXSEventQueueManager::CreateEventQueueIfNotExist: create queue 3699.1740275950 (CCXP)...
[02/23/25 05:03:30.966] [T6589] [info] AdobeIPCBroker version: 7.2.1
[02/23/25 05:03:30.972] [T6598] [info] CSXSEventQueueManager::CreateEventQueueIfNotExist: create queue 769.1740287010 (CCXP)...
[02/23/25 05:03:32.817] [T7140] [info] CSXSEventQueueManager::CreateEventQueueIfNotExist: create queue 739.1740287012 (ACCC)...
[02/23/25 05:03:33.870] [T7472] [info] CSXSEventQueueManager::CreateEventQueueIfNotExist: create queue 854.1740287013 (ACHP)...
[02/23/25 05:03:33.877] [T7477] [info] CSXSEventQueueManager::CreateEventQueueIfNotExist: create queue 850.1740287013 (ADCS)...
[02/23/25 05:03:37.901] [T7983] [info] CSXSEventQueueManager::CreateEventQueueIfNotExist: create queue 887.1740287017 (COSY)...
[02/23/25 05:03:41.324] [T8367] [info] CSXSEventQueueManager::CreateEventQueueIfNotExist: create queue 933.1740287021 (CCH_UPI)...
[02/23/25 05:03:43.852] [T8804] [info] CSXSEventQueueManager::CreateEventQueueIfNotExist: create queue 978.1740287023 (COSY)...
[02/23/25 05:08:43.300] [T8373] [info] CSXSEventQueueManager::RemoveEventQueueByChannel: remove queue 933.1740287021 (CCH_UPI) for channel 13...
[02/23/25 10:08:28.498] [T8421] [info] AdobeIPCBroker version: 7.2.1
[02/23/25 10:08:28.514] [T8429] [info] CSXSEventQueueManager::CreateEventQueueIfNotExist: create queue 919.1740305308 (CCXP)...
[02/23/25 10:08:30.005] [T8636] [info] CSXSEventQueueManager::CreateEventQueueIfNotExist: create queue 904.1740305310 (ACCC)...
[02/23/25 10:08:37.053] [T9727] [info] CSXSEventQueueManager::CreateEventQueueIfNotExist: create queue 981.1740305317 (ADCS)...
[02/23/25 10:08:37.451] [T9792] [info] CSXSEventQueueManager::CreateEventQueueIfNotExist: create queue 997.1740305317 (ACHP)...
[02/23/25 10:08:40.725] [T10093] [info] CSXSEventQueueManager::CreateEventQueueIfNotExist: create queue 1004.1740305320 (COSY)...
[02/23/25 10:08:41.299] [T10162] [info] CSXSEventQueueManager::CreateEventQueueIfNotExist: create queue 1014.1740305321 (COSY)...
[02/23/25 10:08:45.223] [T10463] [info] CSXSEventQueueManager::CreateEventQueueIfNotExist: create queue 1027.1740305325 (CCH_UPI)...
[02/23/25 10:13:51.177] [T10463] [info] CSXSEventQueueManager::RemoveEventQueueByChannel: remove queue 1027.1740305325 (CCH_UPI) for channel 14...
[02/24/25 00:30:48.143] [T8429] [info] CSXSEventQueueManager::RemoveEventQueueByChannel: remove queue 919.1740305308 (CCXP) for channel 2...
[02/24/25 00:31:59.378] [T452744] [info] CSXSEventQueueManager::CreateEventQueueIfNotExist: create queue 7775.1740357119 (CCXP)...
[02/24/25 01:03:01.258] [T452744] [info] CSXSEventQueueManager::RemoveEventQueueByChannel: remove queue 7775.1740357119 (CCXP) for channel 2...
[02/24/25 01:04:07.737] [T490099] [info] CSXSEventQueueManager::CreateEventQueueIfNotExist: create queue 8303.1740359047 (CCXP)...
[02/24/25 01:35:09.112] [T490103] [info] CSXSEventQueueManager::RemoveEventQueueByChannel: remove queue 8303.1740359047 (CCXP) for channel 3...
[02/24/25 01:36:16.134] [T518020] [info] CSXSEventQueueManager::CreateEventQueueIfNotExist: create queue 8748.1740360976 (CCXP)...
[02/24/25 02:07:16.826] [T518020] [info] CSXSEventQueueManager::RemoveEventQueueByChannel: remove queue 8748.1740360976 (CCXP) for channel 2...
[02/24/25 02:08:23.946] [T543852] [info] CSXSEventQueueManager::CreateEventQueueIfNotExist: create queue 9186.1740362903 (CCXP)...
[02/24/25 10:13:05.940] [T823223] [info] CSXSEventQueueManager::CreateEventQueueIfNotExist: create queue 14088.1740391985 (CCH_UPI)...
[02/24/25 10:24:57.242] [T823253] [info] CSXSEventQueueManager::RemoveEventQueueByChannel: remove queue 14088.1740391985 (CCH_UPI) for channel 15...
[02/25/25 00:07:54.607] [T543852] [info] CSXSEventQueueManager::RemoveEventQueueByChannel: remove queue 9186.1740362903 (CCXP) for channel 2...
[02/25/25 00:09:10.041] [T1417212] [info] CSXSEventQueueManager::CreateEventQueueIfNotExist: create queue 37737.1740442150 (CCXP)...
[02/25/25 00:40:12.573] [T1417212] [info] CSXSEventQueueManager::RemoveEventQueueByChannel: remove queue 37737.1740442150 (CCXP) for channel 2...
[02/25/25 00:41:20.809] [T1451384] [info] CSXSEventQueueManager::CreateEventQueueIfNotExist: create queue 38354.1740444080 (CCXP)...
[02/25/25 01:12:22.107] [T1451384] [info] CSXSEventQueueManager::RemoveEventQueueByChannel: remove queue 38354.1740444080 (CCXP) for channel 2...
[02/25/25 01:13:23.988] [T1475911] [info] CSXSEventQueueManager::CreateEventQueueIfNotExist: create queue 38630.1740446003 (CCXP)...
[02/25/25 01:44:26.278] [T1475916] [info] CSXSEventQueueManager::RemoveEventQueueByChannel: remove queue 38630.1740446003 (CCXP) for channel 3...
[02/25/25 01:45:27.756] [T1504241] [info] CSXSEventQueueManager::CreateEventQueueIfNotExist: create queue 39222.1740447927 (CCXP)...
[02/25/25 04:45:30.378] [T9792] [info] CSXSEventQueueManager::RemoveEventQueueByChannel: remove queue 997.1740305317 (ACHP) for channel 6...
[02/25/25 04:45:30.380] [T8636] [info] CSXSEventQueueManager::RemoveEventQueueByChannel: remove queue 904.1740305310 (ACCC) for channel 4...
[02/25/25 04:46:17.594] [T6890] [info] AdobeIPCBroker version: 7.2.1
[02/25/25 04:46:17.647] [T6973] [info] CSXSEventQueueManager::CreateEventQueueIfNotExist: create queue 784.1740458777 (CCXP)...
[02/25/25 04:46:21.387] [T8030] [info] CSXSEventQueueManager::CreateEventQueueIfNotExist: create queue 756.1740458781 (ACCC)...
[02/25/25 04:46:23.024] [T8303] [info] CSXSEventQueueManager::CreateEventQueueIfNotExist: create queue 896.1740458783 (ADCS)...
[02/25/25 04:46:23.108] [T8332] [info] CSXSEventQueueManager::CreateEventQueueIfNotExist: create queue 916.1740458783 (ACHP)...
[02/25/25 04:46:27.801] [T8850] [info] CSXSEventQueueManager::CreateEventQueueIfNotExist: create queue 943.1740458787 (COSY)...
[02/25/25 04:46:28.361] [T8994] [info] CSXSEventQueueManager::CreateEventQueueIfNotExist: create queue 967.1740458788 (COSY)...
[02/25/25 04:46:32.269] [T9541] [info] CSXSEventQueueManager::CreateEventQueueIfNotExist: create queue 1003.1740458792 (CCH_UPI)...
[02/25/25 04:51:34.269] [T9548] [info] CSXSEventQueueManager::RemoveEventQueueByChannel: remove queue 1003.1740458792 (CCH_UPI) for channel 24...
[02/25/25 07:51:40.652] [T7070] [info] AdobeIPCBroker version: 7.2.1
[02/25/25 07:51:40.687] [T7088] [info] CSXSEventQueueManager::CreateEventQueueIfNotExist: create queue 782.1740469900 (CCXP)...
[02/25/25 07:51:41.713] [T7353] [info] CSXSEventQueueManager::CreateEventQueueIfNotExist: create queue 735.1740469901 (ACCC)...
[02/25/25 07:51:43.178] [T7854] [info] CSXSEventQueueManager::CreateEventQueueIfNotExist: create queue 855.1740469903 (ACHP)...
[02/25/25 07:51:43.252] [T7877] [info] CSXSEventQueueManager::CreateEventQueueIfNotExist: create queue 848.1740469903 (ADCS)...
[02/25/25 07:51:48.871] [T8756] [info] CSXSEventQueueManager::CreateEventQueueIfNotExist: create queue 921.1740469908 (COSY)...
[02/25/25 07:51:49.595] [T8856] [info] CSXSEventQueueManager::CreateEventQueueIfNotExist: create queue 933.1740469909 (COSY)...
[02/25/25 07:51:53.210] [T9266] [info] CSXSEventQueueManager::CreateEventQueueIfNotExist: create queue 972.1740469913 (CCH_UPI)...
[02/25/25 07:56:55.600] [T9266] [info] CSXSEventQueueManager::RemoveEventQueueByChannel: remove queue 972.1740469913 (CCH_UPI) for channel 14...
[02/25/25 13:09:30.472] [T256595] [info] AdobeIPCBroker version: 7.2.1
[02/25/25 13:09:30.490] [T256630] [info] CSXSEventQueueManager::CreateEventQueueIfNotExist: create queue 933.1740469909 (COSY)...
[02/25/25 13:09:30.524] [T256631] [info] CSXSEventQueueManager::CreateEventQueueIfNotExist: create queue 782.1740469900 (CCXP)...
[02/25/25 13:09:30.528] [T256633] [info] CSXSEventQueueManager::CreateEventQueueIfNotExist: create queue 735.1740469901 (ACCC)...
[02/25/25 13:09:30.529] [T256635] [info] CSXSEventQueueManager::CreateEventQueueIfNotExist: create queue 921.1740469908 (COSY)...
[02/25/25 13:09:30.712] [T256654] [info] CSXSEventQueueManager::CreateEventQueueIfNotExist: create queue 855.1740469903 (ACHP)...
[02/25/25 13:09:31.735] [T256688] [info] CSXSEventQueueManager::CreateEventQueueIfNotExist: create queue 5863.1740488971 (ADCS)...
[02/25/25 13:09:31.886] [T256635] [info] CSXSEventQueueManager::RemoveEventQueueByChannel: remove queue 921.1740469908 (COSY) for channel 11...
[02/25/25 13:09:42.787] [T257254] [info] CSXSEventQueueManager::CreateEventQueueIfNotExist: create queue 5900.1740488982 (COSY)...
[02/25/25 13:10:13.327] [T257982] [info] CSXSEventQueueManager::CreateEventQueueIfNotExist: create queue 5917.1740489013 (CCH_UPI)...
[02/25/25 13:15:15.902] [T257982] [info] CSXSEventQueueManager::RemoveEventQueueByChannel: remove queue 5917.1740489013 (CCH_UPI) for channel 25...
[02/25/25 15:11:58.686] [T7084] [info] AdobeIPCBroker version: 7.2.1
[02/25/25 15:11:58.737] [T7119] [info] CSXSEventQueueManager::CreateEventQueueIfNotExist: create queue 809.1740496318 (CCXP)...
[02/25/25 15:11:59.681] [T7461] [info] CSXSEventQueueManager::CreateEventQueueIfNotExist: create queue 733.1740496319 (ACCC)...
[02/25/25 15:12:00.337] [T7608] [info] CSXSEventQueueManager::CreateEventQueueIfNotExist: create queue 858.1740496320 (ADCS)...
[02/25/25 15:12:00.390] [T7624] [info] CSXSEventQueueManager::CreateEventQueueIfNotExist: create queue 864.1740496320 (ACHP)...
[02/25/25 15:12:07.848] [T8351] [info] CSXSEventQueueManager::CreateEventQueueIfNotExist: create queue 924.1740496327 (COSY)...
[02/25/25 15:12:08.482] [T8526] [info] CSXSEventQueueManager::CreateEventQueueIfNotExist: create queue 934.1740496328 (COSY)...
[02/25/25 15:12:11.121] [T8816] [info] CSXSEventQueueManager::CreateEventQueueIfNotExist: create queue 961.1740496331 (CCH_UPI)...
[02/25/25 15:17:12.806] [T8816] [info] CSXSEventQueueManager::RemoveEventQueueByChannel: remove queue 961.1740496331 (CCH_UPI) for channel 14...
[02/26/25 00:08:13.925] [T7138] [info] CSXSEventQueueManager::RemoveEventQueueByChannel: remove queue 809.1740496318 (CCXP) for channel 3...
[02/26/25 00:09:25.229] [T314343] [info] CSXSEventQueueManager::CreateEventQueueIfNotExist: create queue 6077.1740528565 (CCXP)...
[02/26/25 00:40:27.672] [T314346] [info] CSXSEventQueueManager::RemoveEventQueueByChannel: remove queue 6077.1740528565 (CCXP) for channel 3...
[02/26/25 00:41:28.860] [T346185] [info] CSXSEventQueueManager::CreateEventQueueIfNotExist: create queue 6784.1740530488 (CCXP)...
[02/26/25 01:12:29.628] [T346185] [info] CSXSEventQueueManager::RemoveEventQueueByChannel: remove queue 6784.1740530488 (CCXP) for channel 2...
[02/26/25 01:13:33.711] [T374550] [info] CSXSEventQueueManager::CreateEventQueueIfNotExist: create queue 7289.1740532413 (CCXP)...
[02/26/25 01:44:35.187] [T374550] [info] CSXSEventQueueManager::RemoveEventQueueByChannel: remove queue 7289.1740532413 (CCXP) for channel 2...
[02/26/25 01:45:40.196] [T414027] [info] CSXSEventQueueManager::CreateEventQueueIfNotExist: create queue 8326.1740534340 (CCXP)...
[02/26/25 02:17:13.150] [T7262] [info] AdobeIPCBroker version: 7.2.1
[02/26/25 02:17:13.155] [T7279] [info] CSXSEventQueueManager::CreateEventQueueIfNotExist: create queue 838.1740536233 (CCXP)...
[02/26/25 02:17:14.566] [T7472] [info] CSXSEventQueueManager::CreateEventQueueIfNotExist: create queue 827.1740536234 (ACCC)...
[02/26/25 02:17:15.391] [T7853] [info] CSXSEventQueueManager::CreateEventQueueIfNotExist: create queue 890.1740536235 (ACHP)...
[02/26/25 02:17:15.480] [T7891] [info] CSXSEventQueueManager::CreateEventQueueIfNotExist: create queue 885.1740536235 (ADCS)...
[02/26/25 02:17:17.953] [T8248] [info] CSXSEventQueueManager::CreateEventQueueIfNotExist: create queue 926.1740536237 (COSY)...
[02/26/25 02:17:19.231] [T8368] [info] CSXSEventQueueManager::CreateEventQueueIfNotExist: create queue 941.1740536239 (COSY)...
[02/26/25 02:17:21.530] [T8812] [info] CSXSEventQueueManager::CreateEventQueueIfNotExist: create queue 970.1740536241 (CCH_UPI)...
[02/26/25 02:22:24.817] [T8812] [info] CSXSEventQueueManager::RemoveEventQueueByChannel: remove queue 970.1740536241 (CCH_UPI) for channel 14...
[02/26/25 23:30:49.958] [T7283] [info] CSXSEventQueueManager::RemoveEventQueueByChannel: remove queue 838.1740536233 (CCXP) for channel 3...
[02/26/25 23:30:49.965] [T8267] [error] std::exception in thread "NCHost[10-11]": mutex lock failed: Invalid argument
[02/26/25 23:30:49.969] [T7891] [error] std::exception in thread "NCHost[6-7]": mutex lock failed: Invalid argument
[02/26/25 23:30:49.969] [T7279] [error] std::exception in thread "NCHost[1-2]": mutex lock failed: Invalid argument
[02/26/25 23:30:49.969] [T8248] [error] std::exception in thread "NCHost[9-10]": mutex lock failed: Invalid argument
[02/26/25 23:30:49.969] [T8005] [error] std::exception in thread "NCHost[7-8]": mutex lock failed: Invalid argument
[02/26/25 23:30:49.970] [T8368] [error] General Exception ocured while executiong request 'csxs.waitforevent'
[02/26/25 23:31:25.663] [T6486] [info] AdobeIPCBroker version: 7.2.1
[02/26/25 23:31:25.704] [T6514] [info] CSXSEventQueueManager::CreateEventQueueIfNotExist: create queue 765.1740612685 (CCXP)...
[02/26/25 23:31:27.247] [T7078] [info] CSXSEventQueueManager::CreateEventQueueIfNotExist: create queue 713.1740612687 (ACCC)...
[02/26/25 23:31:28.023] [T7301] [info] CSXSEventQueueManager::CreateEventQueueIfNotExist: create queue 850.1740612688 (ACHP)...
[02/26/25 23:31:28.045] [T7317] [info] CSXSEventQueueManager::CreateEventQueueIfNotExist: create queue 846.1740612688 (ADCS)...
[02/26/25 23:31:35.851] [T8240] [info] CSXSEventQueueManager::CreateEventQueueIfNotExist: create queue 915.1740612695 (COSY)...
[02/26/25 23:31:36.669] [T8434] [info] CSXSEventQueueManager::CreateEventQueueIfNotExist: create queue 929.1740612696 (COSY)...
[02/26/25 23:31:40.116] [T8792] [info] CSXSEventQueueManager::CreateEventQueueIfNotExist: create queue 964.1740612700 (CCH_UPI)...
[02/26/25 23:36:43.143] [T8792] [info] CSXSEventQueueManager::RemoveEventQueueByChannel: remove queue 964.1740612700 (CCH_UPI) for channel 14...
[02/27/25 00:32:27.284] [T6527] [info] CSXSEventQueueManager::RemoveEventQueueByChannel: remove queue 765.1740612685 (CCXP) for channel 3...
[02/27/25 00:33:38.482] [T54803] [info] CSXSEventQueueManager::CreateEventQueueIfNotExist: create queue 1898.1740616418 (CCXP)...
[02/27/25 01:04:40.532] [T54803] [info] CSXSEventQueueManager::RemoveEventQueueByChannel: remove queue 1898.1740616418 (CCXP) for channel 2...
[02/27/25 01:05:41.413] [T79803] [info] CSXSEventQueueManager::CreateEventQueueIfNotExist: create queue 2165.1740618341 (CCXP)...
[02/27/25 01:36:43.460] [T79803] [info] CSXSEventQueueManager::RemoveEventQueueByChannel: remove queue 2165.1740618341 (CCXP) for channel 2...
[02/27/25 01:37:49.600] [T110184] [info] CSXSEventQueueManager::CreateEventQueueIfNotExist: create queue 2696.1740620269 (CCXP)...
[02/27/25 02:08:51.676] [T110185] [info] CSXSEventQueueManager::RemoveEventQueueByChannel: remove queue 2696.1740620269 (CCXP) for channel 3...
[02/27/25 02:09:53.234] [T133573] [info] CSXSEventQueueManager::CreateEventQueueIfNotExist: create queue 3086.1740622193 (CCXP)...
[02/27/25 03:48:31.535] [T7117] [info] AdobeIPCBroker version: 7.2.1
[02/27/25 03:48:31.546] [T7128] [info] CSXSEventQueueManager::CreateEventQueueIfNotExist: create queue 798.1740628111 (CCXP)...
[02/27/25 03:48:31.548] [T7129] [info] CSXSEventQueueManager::CreateEventQueueIfNotExist: create queue 745.1740628111 (ACCC)...
[02/27/25 03:48:35.297] [T8106] [info] CSXSEventQueueManager::CreateEventQueueIfNotExist: create queue 898.1740628115 (ACHP)...
[02/27/25 03:48:35.420] [T8151] [info] CSXSEventQueueManager::CreateEventQueueIfNotExist: create queue 894.1740628115 (ADCS)...
[02/27/25 03:48:37.474] [T8441] [info] CSXSEventQueueManager::CreateEventQueueIfNotExist: create queue 927.1740628117 (COSY)...
[02/27/25 03:48:39.167] [T8643] [info] CSXSEventQueueManager::CreateEventQueueIfNotExist: create queue 938.1740628119 (COSY)...
[02/27/25 03:48:40.624] [T8880] [info] CSXSEventQueueManager::CreateEventQueueIfNotExist: create queue 969.1740628120 (CCH_UPI)...
[02/27/25 03:53:43.283] [T8880] [info] CSXSEventQueueManager::RemoveEventQueueByChannel: remove queue 969.1740628120 (CCH_UPI) for channel 14...
[02/27/25 06:20:10.552] [T7329] [info] AdobeIPCBroker version: 7.2.1
[02/27/25 06:20:10.559] [T7352] [info] CSXSEventQueueManager::CreateEventQueueIfNotExist: create queue 756.1740637210 (CCXP)...
[02/27/25 06:20:11.014] [T7450] [info] CSXSEventQueueManager::CreateEventQueueIfNotExist: create queue 723.1740637211 (ACCC)...
[02/27/25 06:20:14.366] [T8102] [info] CSXSEventQueueManager::CreateEventQueueIfNotExist: create queue 891.1740637214 (ACHP)...
[02/27/25 06:20:14.500] [T8158] [info] CSXSEventQueueManager::CreateEventQueueIfNotExist: create queue 887.1740637214 (ADCS)...
[02/27/25 06:20:19.195] [T8584] [info] CSXSEventQueueManager::CreateEventQueueIfNotExist: create queue 922.1740637219 (COSY)...
[02/27/25 06:20:20.982] [T8845] [info] CSXSEventQueueManager::CreateEventQueueIfNotExist: create queue 939.1740637220 (COSY)...
[02/27/25 06:20:22.175] [T8988] [info] CSXSEventQueueManager::CreateEventQueueIfNotExist: create queue 957.1740637222 (CCH_UPI)...
[02/27/25 06:25:24.925] [T8988] [info] CSXSEventQueueManager::RemoveEventQueueByChannel: remove queue 957.1740637222 (CCH_UPI) for channel 14...
[02/28/25 00:21:36.131] [T7352] [info] CSXSEventQueueManager::RemoveEventQueueByChannel: remove queue 756.1740637210 (CCXP) for channel 2...
[02/28/25 00:22:59.730] [T606909] [info] CSXSEventQueueManager::CreateEventQueueIfNotExist: create queue 10578.1740702179 (CCXP)...
[02/28/25 00:54:01.917] [T606909] [info] CSXSEventQueueManager::RemoveEventQueueByChannel: remove queue 10578.1740702179 (CCXP) for channel 2...
[02/28/25 00:55:02.969] [T647606] [info] CSXSEventQueueManager::CreateEventQueueIfNotExist: create queue 11555.1740704102 (CCXP)...
[02/28/25 01:26:03.723] [T647607] [info] CSXSEventQueueManager::RemoveEventQueueByChannel: remove queue 11555.1740704102 (CCXP) for channel 3...
[02/28/25 01:27:13.995] [T693242] [info] CSXSEventQueueManager::CreateEventQueueIfNotExist: create queue 12350.1740706033 (CCXP)...
[02/28/25 01:58:15.327] [T693242] [info] CSXSEventQueueManager::RemoveEventQueueByChannel: remove queue 12350.1740706033 (CCXP) for channel 2...
[02/28/25 01:59:21.791] [T723659] [info] CSXSEventQueueManager::CreateEventQueueIfNotExist: create queue 12792.1740707961 (CCXP)...
[02/28/25 05:27:50.807] [T7005] [info] AdobeIPCBroker version: 7.2.1
[02/28/25 05:27:50.855] [T7028] [info] CSXSEventQueueManager::CreateEventQueueIfNotExist: create queue 811.1740720470 (CCXP)...
[02/28/25 05:27:51.194] [T7100] [info] CSXSEventQueueManager::CreateEventQueueIfNotExist: create queue 757.1740720471 (ACCC)...
[02/28/25 05:27:56.763] [T8139] [info] CSXSEventQueueManager::CreateEventQueueIfNotExist: create queue 928.1740720476 (ACHP)...
[02/28/25 05:27:57.649] [T8251] [info] CSXSEventQueueManager::CreateEventQueueIfNotExist: create queue 912.1740720477 (ADCS)...
[02/28/25 05:28:06.245] [T9054] [info] CSXSEventQueueManager::CreateEventQueueIfNotExist: create queue 969.1740720486 (COSY)...
[02/28/25 05:28:07.369] [T9175] [info] CSXSEventQueueManager::CreateEventQueueIfNotExist: create queue 984.1740720487 (COSY)...
[02/28/25 05:28:10.806] [T9399] [info] CSXSEventQueueManager::CreateEventQueueIfNotExist: create queue 998.1740720490 (CCH_UPI)...
[02/28/25 05:33:11.724] [T9410] [info] CSXSEventQueueManager::RemoveEventQueueByChannel: remove queue 998.1740720490 (CCH_UPI) for channel 15...
[02/28/25 14:19:17.702] [T7109] [info] AdobeIPCBroker version: 7.2.1
[02/28/25 14:19:17.713] [T7135] [info] CSXSEventQueueManager::CreateEventQueueIfNotExist: create queue 798.1740752357 (CCXP)...
[02/28/25 14:19:18.512] [T7386] [info] CSXSEventQueueManager::CreateEventQueueIfNotExist: create queue 721.1740752358 (ACCC)...
[02/28/25 14:19:19.087] [T7521] [info] CSXSEventQueueManager::CreateEventQueueIfNotExist: create queue 846.1740752359 (ACHP)...
[02/28/25 14:19:19.125] [T7542] [info] CSXSEventQueueManager::CreateEventQueueIfNotExist: create queue 842.1740752359 (ADCS)...
[02/28/25 14:19:22.942] [T7994] [info] CSXSEventQueueManager::CreateEventQueueIfNotExist: create queue 886.1740752362 (COSY)...
[02/28/25 14:19:23.952] [T8216] [info] CSXSEventQueueManager::CreateEventQueueIfNotExist: create queue 904.1740752363 (COSY)...
[02/28/25 14:19:28.031] [T8636] [info] CSXSEventQueueManager::CreateEventQueueIfNotExist: create queue 941.1740752368 (CCH_UPI)...
[02/28/25 14:24:30.275] [T8670] [info] CSXSEventQueueManager::RemoveEventQueueByChannel: remove queue 941.1740752368 (CCH_UPI) for channel 15...
[03/01/25 00:31:40.410] [T7156] [info] CSXSEventQueueManager::RemoveEventQueueByChannel: remove queue 798.1740752357 (CCXP) for channel 3...
[03/01/25 00:32:54.608] [T509410] [info] CSXSEventQueueManager::CreateEventQueueIfNotExist: create queue 8867.1740789174 (CCXP)...
[03/01/25 01:03:56.543] [T509410] [info] CSXSEventQueueManager::RemoveEventQueueByChannel: remove queue 8867.1740789174 (CCXP) for channel 2...
[03/01/25 01:05:08.607] [T528891] [info] CSXSEventQueueManager::CreateEventQueueIfNotExist: create queue 9198.1740791108 (CCXP)...
[03/01/25 01:05:52.283] [T528891] [info] CSXSEventQueueManager::RemoveEventQueueByChannel: remove queue 9198.1740791108 (CCXP) for channel 2...
[03/01/25 01:05:52.354] [T7593] [info] CSXSEventQueueManager::RemoveEventQueueByChannel: remove queue 721.1740752358 (ACCC) for channel 9...
[03/01/25 01:05:52.373] [T7525] [info] CSXSEventQueueManager::RemoveEventQueueByChannel: remove queue 846.1740752359 (ACHP) for channel 6...
[03/01/25 01:05:52.508] [T8220] [info] CSXSEventQueueManager::RemoveEventQueueByChannel: remove queue 904.1740752363 (COSY) for channel 13...
[03/01/25 01:06:12.648] [T535115] [info] CSXSEventQueueManager::CreateEventQueueIfNotExist: create queue 9591.1740791172 (CCXP)...
[03/01/25 01:06:13.440] [T535373] [info] CSXSEventQueueManager::CreateEventQueueIfNotExist: create queue 9569.1740791173 (ACCC)...
[03/01/25 01:06:19.599] [T535948] [info] CSXSEventQueueManager::CreateEventQueueIfNotExist: create queue 9649.1740791179 (ACHP)...
[03/01/25 01:06:26.485] [T536548] [info] CSXSEventQueueManager::CreateEventQueueIfNotExist: create queue 9674.1740791186 (COSY)...
[03/01/25 01:37:15.292] [T535115] [info] CSXSEventQueueManager::RemoveEventQueueByChannel: remove queue 9591.1740791172 (CCXP) for channel 2...
[03/01/25 08:03:06.198] [T845401] [info] CSXSEventQueueManager::CreateEventQueueIfNotExist: create queue 16159.1740816186 (CCXP)...
[03/02/25 00:09:49.280] [T845408] [info] CSXSEventQueueManager::RemoveEventQueueByChannel: remove queue 16159.1740816186 (CCXP) for channel 3...
[03/02/25 07:40:03.263] [T535373] [info] CSXSEventQueueManager::RemoveEventQueueByChannel: remove queue 9569.1740791173 (ACCC) for channel 4...
[03/02/25 07:40:03.265] [T536549] [info] CSXSEventQueueManager::RemoveEventQueueByChannel: remove queue 9674.1740791186 (COSY) for channel 13...
[03/02/25 07:40:03.293] [T535948] [info] CSXSEventQueueManager::RemoveEventQueueByChannel: remove queue 9649.1740791179 (ACHP) for channel 6...
[03/02/25 07:40:39.683] [T6746] [info] AdobeIPCBroker version: 7.2.1
[03/02/25 07:40:39.683] [T6761] [info] CSXSEventQueueManager::CreateEventQueueIfNotExist: create queue 785.1740901239 (CCXP)...
[03/02/25 07:40:40.426] [T6945] [info] CSXSEventQueueManager::CreateEventQueueIfNotExist: create queue 735.1740901240 (ACCC)...
[03/02/25 07:40:41.193] [T7314] [info] CSXSEventQueueManager::CreateEventQueueIfNotExist: create queue 853.1740901241 (ACHP)...
[03/02/25 07:40:41.316] [T7388] [info] CSXSEventQueueManager::CreateEventQueueIfNotExist: create queue 826.1740901241 (ADCS)...
[03/02/25 07:40:45.518] [T7995] [info] CSXSEventQueueManager::CreateEventQueueIfNotExist: create queue 890.1740901245 (COSY)...
[03/02/25 07:40:46.252] [T8070] [info] CSXSEventQueueManager::CreateEventQueueIfNotExist: create queue 900.1740901246 (COSY)...
[03/02/25 07:40:50.613] [T8698] [info] CSXSEventQueueManager::CreateEventQueueIfNotExist: create queue 944.1740901250 (CCH_UPI)...
[03/02/25 07:45:53.388] [T8722] [info] CSXSEventQueueManager::RemoveEventQueueByChannel: remove queue 944.1740901250 (CCH_UPI) for channel 15...
[03/02/25 08:11:42.551] [T6764] [info] CSXSEventQueueManager::RemoveEventQueueByChannel: remove queue 785.1740901239 (CCXP) for channel 3...
[03/02/25 08:12:43.703] [T49032] [info] CSXSEventQueueManager::CreateEventQueueIfNotExist: create queue 1564.1740903163 (CCXP)...
[03/02/25 08:43:44.201] [T49034] [info] CSXSEventQueueManager::RemoveEventQueueByChannel: remove queue 1564.1740903163 (CCXP) for channel 3...
[03/02/25 08:44:56.247] [T105546] [info] CSXSEventQueueManager::CreateEventQueueIfNotExist: create queue 2004.1740905096 (CCXP)...
[03/02/25 09:15:59.846] [T105549] [info] CSXSEventQueueManager::RemoveEventQueueByChannel: remove queue 2004.1740905096 (CCXP) for channel 3...
[03/02/25 09:17:02.610] [T142677] [info] CSXSEventQueueManager::CreateEventQueueIfNotExist: create queue 2430.1740907022 (CCXP)...
[03/03/25 00:18:13.629] [T142681] [info] CSXSEventQueueManager::RemoveEventQueueByChannel: remove queue 2430.1740907022 (CCXP) for channel 3...
[03/03/25 00:19:19.891] [T1312294] [info] CSXSEventQueueManager::CreateEventQueueIfNotExist: create queue 10551.1740961159 (CCXP)...
[03/03/25 00:50:20.902] [T1312301] [info] CSXSEventQueueManager::RemoveEventQueueByChannel: remove queue 10551.1740961159 (CCXP) for channel 3...
[03/03/25 00:51:24.355] [T1360390] [info] CSXSEventQueueManager::CreateEventQueueIfNotExist: create queue 11003.1740963084 (CCXP)...
[03/03/25 01:22:25.501] [T1360395] [info] CSXSEventQueueManager::RemoveEventQueueByChannel: remove queue 11003.1740963084 (CCXP) for channel 3...
[03/03/25 01:23:35.275] [T1413841] [info] CSXSEventQueueManager::CreateEventQueueIfNotExist: create queue 11465.1740965015 (CCXP)...
[03/03/25 01:54:37.212] [T1413842] [info] CSXSEventQueueManager::RemoveEventQueueByChannel: remove queue 11465.1740965015 (CCXP) for channel 3...
[03/03/25 01:55:43.374] [T1482571] [info] CSXSEventQueueManager::CreateEventQueueIfNotExist: create queue 12096.1740966943 (CCXP)...
[03/03/25 06:18:44.217] [T7159] [info] AdobeIPCBroker version: 7.2.1
[03/03/25 06:18:44.221] [T7180] [info] CSXSEventQueueManager::CreateEventQueueIfNotExist: create queue 788.1740982724 (CCXP)...
[03/03/25 06:18:45.205] [T7541] [info] CSXSEventQueueManager::CreateEventQueueIfNotExist: create queue 736.1740982725 (ACCC)...
[03/03/25 06:18:48.603] [T8220] [info] CSXSEventQueueManager::CreateEventQueueIfNotExist: create queue 887.1740982728 (ADCS)...
[03/03/25 06:18:49.547] [T8441] [info] CSXSEventQueueManager::CreateEventQueueIfNotExist: create queue 920.1740982729 (ACHP)...
[03/03/25 06:18:56.889] [T9131] [info] CSXSEventQueueManager::CreateEventQueueIfNotExist: create queue 960.1740982736 (COSY)...
[03/03/25 06:18:57.260] [T9186] [info] CSXSEventQueueManager::CreateEventQueueIfNotExist: create queue 967.1740982737 (COSY)...
[03/03/25 06:19:00.210] [T9556] [info] CSXSEventQueueManager::CreateEventQueueIfNotExist: create queue 989.1740982740 (CCH_UPI)...
[03/03/25 06:24:02.814] [T9556] [info] CSXSEventQueueManager::RemoveEventQueueByChannel: remove queue 989.1740982740 (CCH_UPI) for channel 15...
[03/04/25 00:37:02.763] [T7187] [info] CSXSEventQueueManager::RemoveEventQueueByChannel: remove queue 788.1740982724 (CCXP) for channel 3...
[03/04/25 00:38:05.209] [T727175] [info] CSXSEventQueueManager::CreateEventQueueIfNotExist: create queue 12116.1741048685 (CCXP)...
[03/04/25 01:09:06.797] [T727175] [info] CSXSEventQueueManager::RemoveEventQueueByChannel: remove queue 12116.1741048685 (CCXP) for channel 2...
[03/04/25 01:10:07.916] [T750879] [info] CSXSEventQueueManager::CreateEventQueueIfNotExist: create queue 12476.1741050607 (CCXP)...
[03/04/25 01:41:09.857] [T750879] [info] CSXSEventQueueManager::RemoveEventQueueByChannel: remove queue 12476.1741050607 (CCXP) for channel 2...
[03/04/25 01:42:13.735] [T779081] [info] CSXSEventQueueManager::CreateEventQueueIfNotExist: create queue 12694.1741052533 (CCXP)...
[03/04/25 02:13:14.486] [T779081] [info] CSXSEventQueueManager::RemoveEventQueueByChannel: remove queue 12694.1741052533 (CCXP) for channel 2...
[03/04/25 02:14:24.550] [T812719] [info] CSXSEventQueueManager::CreateEventQueueIfNotExist: create queue 13278.1741054464 (CCXP)...
[03/04/25 06:19:54.813] [T950726] [info] CSXSEventQueueManager::CreateEventQueueIfNotExist: create queue 15513.1741069194 (CCH_UPI)...
[03/04/25 07:11:37.178] [T950726] [info] CSXSEventQueueManager::RemoveEventQueueByChannel: remove queue 15513.1741069194 (CCH_UPI) for channel 15...
[03/04/25 21:43:46.215] [T7348] [info] AdobeIPCBroker version: 7.2.1
[03/04/25 21:43:46.228] [T7375] [info] CSXSEventQueueManager::CreateEventQueueIfNotExist: create queue 791.1741124626 (CCXP)...
[03/04/25 21:43:47.222] [T7541] [info] CSXSEventQueueManager::CreateEventQueueIfNotExist: create queue 750.1741124627 (ACCC)...
[03/04/25 21:43:50.197] [T8195] [info] CSXSEventQueueManager::CreateEventQueueIfNotExist: create queue 887.1741124630 (ACHP)...
[03/04/25 21:43:50.266] [T8248] [info] CSXSEventQueueManager::CreateEventQueueIfNotExist: create queue 879.1741124630 (ADCS)...
[03/04/25 21:43:56.624] [T8840] [info] CSXSEventQueueManager::CreateEventQueueIfNotExist: create queue 939.1741124636 (COSY)...
[03/04/25 21:43:58.406] [T9027] [info] CSXSEventQueueManager::CreateEventQueueIfNotExist: create queue 948.1741124638 (COSY)...
[03/04/25 21:43:59.806] [T9216] [info] CSXSEventQueueManager::CreateEventQueueIfNotExist: create queue 970.1741124639 (CCH_UPI)...
[03/04/25 21:49:02.288] [T9216] [info] CSXSEventQueueManager::RemoveEventQueueByChannel: remove queue 970.1741124639 (CCH_UPI) for channel 14...
[03/05/25 00:14:51.312] [T7375] [info] CSXSEventQueueManager::RemoveEventQueueByChannel: remove queue 791.1741124626 (CCXP) for channel 2...
[03/05/25 00:15:58.135] [T128639] [info] CSXSEventQueueManager::CreateEventQueueIfNotExist: create queue 3077.1741133758 (CCXP)...
[03/05/25 00:47:02.851] [T128640] [info] CSXSEventQueueManager::RemoveEventQueueByChannel: remove queue 3077.1741133758 (CCXP) for channel 3...
[03/05/25 00:48:04.515] [T160143] [info] CSXSEventQueueManager::CreateEventQueueIfNotExist: create queue 3858.1741135684 (CCXP)...
[03/05/25 01:19:05.116] [T160151] [info] CSXSEventQueueManager::RemoveEventQueueByChannel: remove queue 3858.1741135684 (CCXP) for channel 3...
[03/05/25 01:20:13.235] [T188555] [info] CSXSEventQueueManager::CreateEventQueueIfNotExist: create queue 4516.1741137613 (CCXP)...
[03/05/25 01:51:15.789] [T188556] [info] CSXSEventQueueManager::RemoveEventQueueByChannel: remove queue 4516.1741137613 (CCXP) for channel 3...
[03/05/25 01:52:22.029] [T226966] [info] CSXSEventQueueManager::CreateEventQueueIfNotExist: create queue 5273.1741139542 (CCXP)...
[03/05/25 08:47:34.449] [T7543] [info] AdobeIPCBroker version: 7.2.1
[03/05/25 08:47:34.502] [T7579] [info] CSXSEventQueueManager::CreateEventQueueIfNotExist: create queue 802.1741164454 (CCXP)...
[03/05/25 08:47:34.911] [T7653] [info] CSXSEventQueueManager::CreateEventQueueIfNotExist: create queue 743.1741164454 (ACCC)...
[03/05/25 08:47:37.069] [T7968] [info] CSXSEventQueueManager::CreateEventQueueIfNotExist: create queue 876.1741164457 (ACHP)...
[03/05/25 08:47:37.324] [T8014] [info] CSXSEventQueueManager::CreateEventQueueIfNotExist: create queue 872.1741164457 (ADCS)...
[03/05/25 08:47:42.862] [T8977] [info] CSXSEventQueueManager::CreateEventQueueIfNotExist: create queue 950.1741164462 (COSY)...
[03/05/25 08:47:45.432] [T9302] [info] CSXSEventQueueManager::CreateEventQueueIfNotExist: create queue 969.1741164465 (COSY)...
[03/05/25 08:47:46.850] [T9481] [info] CSXSEventQueueManager::CreateEventQueueIfNotExist: create queue 994.1741164466 (CCH_UPI)...
[03/05/25 08:52:48.840] [T9481] [info] CSXSEventQueueManager::RemoveEventQueueByChannel: remove queue 994.1741164466 (CCH_UPI) for channel 14...
[03/06/25 00:33:59.656] [T7583] [info] CSXSEventQueueManager::RemoveEventQueueByChannel: remove queue 802.1741164454 (CCXP) for channel 3...
[03/06/25 00:35:12.113] [T317905] [info] CSXSEventQueueManager::CreateEventQueueIfNotExist: create queue 5038.1741221312 (CCXP)...
[03/06/25 01:06:14.628] [T317909] [info] CSXSEventQueueManager::RemoveEventQueueByChannel: remove queue 5038.1741221312 (CCXP) for channel 3...
[03/06/25 01:07:16.370] [T342775] [info] CSXSEventQueueManager::CreateEventQueueIfNotExist: create queue 5569.1741223236 (CCXP)...
[03/06/25 01:38:18.595] [T342775] [info] CSXSEventQueueManager::RemoveEventQueueByChannel: remove queue 5569.1741223236 (CCXP) for channel 2...
[03/06/25 01:39:21.194] [T364574] [info] CSXSEventQueueManager::CreateEventQueueIfNotExist: create queue 6013.1741225161 (CCXP)...
[03/06/25 02:10:23.419] [T364577] [info] CSXSEventQueueManager::RemoveEventQueueByChannel: remove queue 6013.1741225161 (CCXP) for channel 3...
[03/06/25 02:11:25.134] [T386793] [info] CSXSEventQueueManager::CreateEventQueueIfNotExist: create queue 6353.1741227085 (CCXP)...
[03/06/25 15:28:27.088] [T11266] [info] AdobeIPCBroker version: 7.2.1
[03/06/25 15:28:27.138] [T11293] [info] CSXSEventQueueManager::CreateEventQueueIfNotExist: create queue 776.1741274907 (CCXP)...
[03/06/25 15:28:27.824] [T11467] [info] CSXSEventQueueManager::CreateEventQueueIfNotExist: create queue 746.1741274907 (ACCC)...
[03/06/25 15:28:28.870] [T11874] [info] CSXSEventQueueManager::CreateEventQueueIfNotExist: create queue 828.1741274908 (ADCS)...
[03/06/25 15:28:28.981] [T11905] [info] CSXSEventQueueManager::CreateEventQueueIfNotExist: create queue 847.1741274908 (ACHP)...
[03/06/25 15:28:33.729] [T12591] [info] CSXSEventQueueManager::CreateEventQueueIfNotExist: create queue 906.1741274913 (COSY)...
[03/06/25 15:28:34.458] [T12718] [info] CSXSEventQueueManager::CreateEventQueueIfNotExist: create queue 916.1741274914 (COSY)...
[03/06/25 15:28:37.707] [T13180] [info] CSXSEventQueueManager::CreateEventQueueIfNotExist: create queue 958.1741274917 (CCH_UPI)...
[03/06/25 15:33:39.244] [T13180] [info] CSXSEventQueueManager::RemoveEventQueueByChannel: remove queue 958.1741274917 (CCH_UPI) for channel 14...
[03/07/25 00:13:59.275] [T11308] [info] CSXSEventQueueManager::RemoveEventQueueByChannel: remove queue 776.1741274907 (CCXP) for channel 3...
[03/07/25 00:15:00.977] [T260512] [info] CSXSEventQueueManager::CreateEventQueueIfNotExist: create queue 3894.1741306500 (CCXP)...
[03/07/25 00:46:02.630] [T260513] [info] CSXSEventQueueManager::RemoveEventQueueByChannel: remove queue 3894.1741306500 (CCXP) for channel 3...
[03/07/25 00:47:09.094] [T274405] [info] CSXSEventQueueManager::CreateEventQueueIfNotExist: create queue 4043.1741308429 (CCXP)...
[03/07/25 01:18:10.388] [T274405] [info] CSXSEventQueueManager::RemoveEventQueueByChannel: remove queue 4043.1741308429 (CCXP) for channel 2...
[03/07/25 01:19:14.258] [T288290] [info] CSXSEventQueueManager::CreateEventQueueIfNotExist: create queue 4190.1741310354 (CCXP)...
[03/07/25 01:50:16.331] [T288290] [info] CSXSEventQueueManager::RemoveEventQueueByChannel: remove queue 4190.1741310354 (CCXP) for channel 2...
[03/07/25 01:51:20.889] [T301943] [info] CSXSEventQueueManager::CreateEventQueueIfNotExist: create queue 4335.1741312280 (CCXP)...
[03/07/25 15:25:40.057] [T639983] [info] CSXSEventQueueManager::CreateEventQueueIfNotExist: create queue 8179.1741361140 (ACHP)...
[03/07/25 15:25:40.967] [T640133] [info] CSXSEventQueueManager::CreateEventQueueIfNotExist: create queue 8186.1741361140 (CCH_UPI)...
[03/07/25 15:25:41.425] [T11905] [info] CSXSEventQueueManager::RemoveEventQueueByChannel: remove queue 847.1741274908 (ACHP) for channel 6...
[03/07/25 15:30:43.313] [T640133] [info] CSXSEventQueueManager::RemoveEventQueueByChannel: remove queue 8186.1741361140 (CCH_UPI) for channel 16...
[03/07/25 22:06:58.804] [T6774] [info] AdobeIPCBroker version: 7.2.1
[03/07/25 22:06:58.849] [T6797] [info] CSXSEventQueueManager::CreateEventQueueIfNotExist: create queue 773.1741385218 (CCXP)...
[03/07/25 22:06:59.587] [T7017] [info] CSXSEventQueueManager::CreateEventQueueIfNotExist: create queue 722.1741385219 (ACCC)...
[03/07/25 22:07:01.203] [T7450] [info] CSXSEventQueueManager::CreateEventQueueIfNotExist: create queue 856.1741385221 (ACHP)...
[03/07/25 22:07:01.214] [T7456] [info] CSXSEventQueueManager::CreateEventQueueIfNotExist: create queue 851.1741385221 (ADCS)...
[03/07/25 22:07:05.350] [T8104] [info] CSXSEventQueueManager::CreateEventQueueIfNotExist: create queue 903.1741385225 (COSY)...
[03/07/25 22:07:06.333] [T8225] [info] CSXSEventQueueManager::CreateEventQueueIfNotExist: create queue 914.1741385226 (COSY)...
[03/07/25 22:07:09.419] [T8693] [info] CSXSEventQueueManager::CreateEventQueueIfNotExist: create queue 955.1741385229 (CCH_UPI)...
[03/07/25 22:12:12.120] [T8704] [info] CSXSEventQueueManager::RemoveEventQueueByChannel: remove queue 955.1741385229 (CCH_UPI) for channel 15...
[03/08/25 00:39:20.669] [T6816] [info] CSXSEventQueueManager::RemoveEventQueueByChannel: remove queue 773.1741385218 (CCXP) for channel 3...
[03/08/25 00:40:21.901] [T122733] [info] CSXSEventQueueManager::CreateEventQueueIfNotExist: create queue 2633.1741394421 (CCXP)...
[03/08/25 01:11:22.524] [T122733] [info] CSXSEventQueueManager::RemoveEventQueueByChannel: remove queue 2633.1741394421 (CCXP) for channel 2...
[03/08/25 01:12:33.741] [T148596] [info] CSXSEventQueueManager::CreateEventQueueIfNotExist: create queue 3193.1741396353 (CCXP)...
[03/08/25 01:43:35.719] [T148597] [info] CSXSEventQueueManager::RemoveEventQueueByChannel: remove queue 3193.1741396353 (CCXP) for channel 3...
[03/08/25 01:44:36.891] [T184932] [info] CSXSEventQueueManager::CreateEventQueueIfNotExist: create queue 4095.1741398276 (CCXP)...
[03/08/25 02:15:39.344] [T184932] [info] CSXSEventQueueManager::RemoveEventQueueByChannel: remove queue 4095.1741398276 (CCXP) for channel 2...
[03/08/25 02:16:52.685] [T215320] [info] CSXSEventQueueManager::CreateEventQueueIfNotExist: create queue 4762.1741400212 (CCXP)...
[03/08/25 22:04:14.507] [T1191875] [info] CSXSEventQueueManager::CreateEventQueueIfNotExist: create queue 19104.1741471454 (CCH_UPI)...
[03/08/25 22:09:15.368] [T1191875] [info] CSXSEventQueueManager::RemoveEventQueueByChannel: remove queue 19104.1741471454 (CCH_UPI) for channel 14...
[03/09/25 00:32:45.535] [T215324] [info] CSXSEventQueueManager::RemoveEventQueueByChannel: remove queue 4762.1741400212 (CCXP) for channel 3...
[03/09/25 00:34:02.876] [T1379126] [info] CSXSEventQueueManager::CreateEventQueueIfNotExist: create queue 22006.1741480442 (CCXP)...
[03/09/25 01:05:04.459] [T1379126] [info] CSXSEventQueueManager::RemoveEventQueueByChannel: remove queue 22006.1741480442 (CCXP) for channel 2...
[03/09/25 01:06:11.289] [T1416374] [info] CSXSEventQueueManager::CreateEventQueueIfNotExist: create queue 22450.1741482371 (CCXP)...
[03/09/25 01:37:12.013] [T1416374] [info] CSXSEventQueueManager::RemoveEventQueueByChannel: remove queue 22450.1741482371 (CCXP) for channel 2...
[03/09/25 01:38:23.439] [T1461159] [info] CSXSEventQueueManager::CreateEventQueueIfNotExist: create queue 23070.1741484303 (CCXP)...
[03/09/25 02:09:24.995] [T1461163] [info] CSXSEventQueueManager::RemoveEventQueueByChannel: remove queue 23070.1741484303 (CCXP) for channel 3...
[03/09/25 02:10:26.535] [T1487798] [info] CSXSEventQueueManager::CreateEventQueueIfNotExist: create queue 23382.1741486226 (CCXP)...
[03/09/25 06:26:58.956] [T7456] [info] AdobeIPCBroker version: 7.2.1
[03/09/25 06:26:58.967] [T7461] [info] CSXSEventQueueManager::CreateEventQueueIfNotExist: create queue 829.1741501618 (CCXP)...
[03/09/25 06:27:00.813] [T7968] [info] CSXSEventQueueManager::CreateEventQueueIfNotExist: create queue 823.1741501620 (ACCC)...
[03/09/25 06:27:02.597] [T8240] [info] CSXSEventQueueManager::CreateEventQueueIfNotExist: create queue 877.1741501622 (ADCS)...
[03/09/25 06:27:02.889] [T8282] [info] CSXSEventQueueManager::CreateEventQueueIfNotExist: create queue 901.1741501622 (ACHP)...
[03/09/25 06:27:03.893] [T8485] [info] CSXSEventQueueManager::CreateEventQueueIfNotExist: create queue 912.1741501623 (COSY)...
[03/09/25 06:27:04.583] [T8622] [info] CSXSEventQueueManager::CreateEventQueueIfNotExist: create queue 934.1741501624 (COSY)...
[03/09/25 06:27:07.818] [T8959] [info] CSXSEventQueueManager::CreateEventQueueIfNotExist: create queue 959.1741501627 (CCH_UPI)...
[03/09/25 06:32:09.467] [T8959] [info] CSXSEventQueueManager::RemoveEventQueueByChannel: remove queue 959.1741501627 (CCH_UPI) for channel 14...
[03/09/25 16:34:54.913] [T6745] [info] AdobeIPCBroker version: 7.2.1
[03/09/25 16:34:54.918] [T6765] [info] CSXSEventQueueManager::CreateEventQueueIfNotExist: create queue 778.1741538094 (CCXP)...
[03/09/25 16:34:55.968] [T7113] [info] CSXSEventQueueManager::CreateEventQueueIfNotExist: create queue 737.1741538095 (ACCC)...
[03/09/25 16:34:56.662] [T7246] [info] CSXSEventQueueManager::CreateEventQueueIfNotExist: create queue 833.1741538096 (ACHP)...
[03/09/25 16:34:56.670] [T7251] [info] CSXSEventQueueManager::CreateEventQueueIfNotExist: create queue 830.1741538096 (ADCS)...
[03/09/25 16:35:04.614] [T8381] [info] CSXSEventQueueManager::CreateEventQueueIfNotExist: create queue 918.1741538104 (COSY)...
[03/09/25 16:35:06.586] [T8750] [info] CSXSEventQueueManager::CreateEventQueueIfNotExist: create queue 957.1741538106 (COSY)...
[03/09/25 16:35:08.915] [T9057] [info] CSXSEventQueueManager::CreateEventQueueIfNotExist: create queue 988.1741538108 (CCH_UPI)...
[03/09/25 16:40:12.356] [T9057] [info] CSXSEventQueueManager::RemoveEventQueueByChannel: remove queue 988.1741538108 (CCH_UPI) for channel 14...
[03/10/25 00:20:26.633] [T6765] [info] CSXSEventQueueManager::RemoveEventQueueByChannel: remove queue 778.1741538094 (CCXP) for channel 2...
[03/10/25 00:21:32.802] [T307048] [info] CSXSEventQueueManager::CreateEventQueueIfNotExist: create queue 5183.1741566092 (CCXP)...
[03/10/25 00:52:35.121] [T307048] [info] CSXSEventQueueManager::RemoveEventQueueByChannel: remove queue 5183.1741566092 (CCXP) for channel 2...
[03/10/25 00:53:38.745] [T328651] [info] CSXSEventQueueManager::CreateEventQueueIfNotExist: create queue 5438.1741568018 (CCXP)...
[03/10/25 01:32:08.728] [T328651] [info] CSXSEventQueueManager::RemoveEventQueueByChannel: remove queue 5438.1741568018 (CCXP) for channel 2...
[03/10/25 01:33:27.228] [T343176] [info] CSXSEventQueueManager::CreateEventQueueIfNotExist: create queue 5735.1741570407 (CCXP)...
[03/10/25 02:04:30.064] [T343176] [info] CSXSEventQueueManager::RemoveEventQueueByChannel: remove queue 5735.1741570407 (CCXP) for channel 2...
[03/10/25 02:05:41.065] [T359889] [info] CSXSEventQueueManager::CreateEventQueueIfNotExist: create queue 6173.1741572341 (CCXP)...
[03/10/25 16:32:16.003] [T617910] [info] CSXSEventQueueManager::CreateEventQueueIfNotExist: create queue 9772.1741624336 (CCH_UPI)...
[03/10/25 16:37:21.330] [T617927] [info] CSXSEventQueueManager::RemoveEventQueueByChannel: remove queue 9772.1741624336 (CCH_UPI) for channel 15...
[03/11/25 00:15:34.441] [T359890] [info] CSXSEventQueueManager::RemoveEventQueueByChannel: remove queue 6173.1741572341 (CCXP) for channel 4...
[03/11/25 00:16:35.527] [T1061916] [info] CSXSEventQueueManager::CreateEventQueueIfNotExist: create queue 17376.1741652195 (CCXP)...
[03/11/25 00:47:37.140] [T1061919] [info] CSXSEventQueueManager::RemoveEventQueueByChannel: remove queue 17376.1741652195 (CCXP) for channel 4...
[03/11/25 00:48:39.695] [T1109875] [info] CSXSEventQueueManager::CreateEventQueueIfNotExist: create queue 17711.1741654119 (CCXP)...
[03/11/25 01:19:42.154] [T1109879] [info] CSXSEventQueueManager::RemoveEventQueueByChannel: remove queue 17711.1741654119 (CCXP) for channel 4...
[03/11/25 01:20:43.534] [T1148983] [info] CSXSEventQueueManager::CreateEventQueueIfNotExist: create queue 18560.1741656043 (CCXP)...
[03/11/25 01:51:44.817] [T1148986] [info] CSXSEventQueueManager::RemoveEventQueueByChannel: remove queue 18560.1741656043 (CCXP) for channel 4...
[03/11/25 01:52:48.763] [T1184929] [info] CSXSEventQueueManager::CreateEventQueueIfNotExist: create queue 19407.1741657968 (CCXP)...
[03/11/25 09:30:53.692] [T6913] [info] AdobeIPCBroker version: 7.2.1
[03/11/25 09:30:53.733] [T6934] [info] CSXSEventQueueManager::CreateEventQueueIfNotExist: create queue 789.1741685453 (CCXP)...
[03/11/25 09:30:54.920] [T7319] [info] CSXSEventQueueManager::CreateEventQueueIfNotExist: create queue 726.1741685454 (ACCC)...
[03/11/25 09:30:55.864] [T7566] [info] CSXSEventQueueManager::CreateEventQueueIfNotExist: create queue 856.1741685455 (ADCS)...
[03/11/25 09:30:55.866] [T7568] [info] CSXSEventQueueManager::CreateEventQueueIfNotExist: create queue 860.1741685455 (ACHP)...
[03/11/25 09:31:00.027] [T8182] [info] CSXSEventQueueManager::CreateEventQueueIfNotExist: create queue 909.1741685460 (COSY)...
[03/11/25 09:31:01.093] [T8330] [info] CSXSEventQueueManager::CreateEventQueueIfNotExist: create queue 921.1741685461 (COSY)...
[03/11/25 09:31:04.820] [T8904] [info] CSXSEventQueueManager::CreateEventQueueIfNotExist: create queue 973.1741685464 (CCH_UPI)...
[03/11/25 09:36:08.610] [T8904] [info] CSXSEventQueueManager::RemoveEventQueueByChannel: remove queue 973.1741685464 (CCH_UPI) for channel 14...
[03/11/25 16:39:34.453] [T7423] [info] AdobeIPCBroker version: 7.2.1
[03/11/25 16:39:34.485] [T7447] [info] CSXSEventQueueManager::CreateEventQueueIfNotExist: create queue 815.1741711174 (CCXP)...
[03/11/25 16:39:35.465] [T7688] [info] CSXSEventQueueManager::CreateEventQueueIfNotExist: create queue 743.1741711175 (ACCC)...
[03/11/25 16:39:36.340] [T7858] [info] CSXSEventQueueManager::CreateEventQueueIfNotExist: create queue 858.1741711176 (ADCS)...
[03/11/25 16:39:36.351] [T7879] [info] CSXSEventQueueManager::CreateEventQueueIfNotExist: create queue 864.1741711176 (ACHP)...
[03/11/25 16:39:42.421] [T8422] [info] CSXSEventQueueManager::CreateEventQueueIfNotExist: create queue 908.1741711182 (COSY)...
[03/11/25 16:39:43.201] [T8510] [info] CSXSEventQueueManager::CreateEventQueueIfNotExist: create queue 919.1741711183 (COSY)...
[03/11/25 16:39:47.162] [T9036] [info] CSXSEventQueueManager::CreateEventQueueIfNotExist: create queue 950.1741711187 (CCH_UPI)...
[03/11/25 16:44:50.604] [T9036] [info] CSXSEventQueueManager::RemoveEventQueueByChannel: remove queue 950.1741711187 (CCH_UPI) for channel 14...
[03/12/25 00:34:54.539] [T7470] [info] CSXSEventQueueManager::RemoveEventQueueByChannel: remove queue 815.1741711174 (CCXP) for channel 3...
[03/12/25 00:36:01.899] [T367863] [info] CSXSEventQueueManager::CreateEventQueueIfNotExist: create queue 6611.1741739761 (CCXP)...
[03/12/25 01:07:03.726] [T367863] [info] CSXSEventQueueManager::RemoveEventQueueByChannel: remove queue 6611.1741739761 (CCXP) for channel 2...
[03/12/25 01:08:18.003] [T389059] [info] CSXSEventQueueManager::CreateEventQueueIfNotExist: create queue 6876.1741741698 (CCXP)...
[03/12/25 01:39:18.872] [T389060] [info] CSXSEventQueueManager::RemoveEventQueueByChannel: remove queue 6876.1741741698 (CCXP) for channel 3...
[03/12/25 01:40:20.013] [T411116] [info] CSXSEventQueueManager::CreateEventQueueIfNotExist: create queue 7182.1741743620 (CCXP)...
[03/12/25 02:11:21.239] [T411117] [info] CSXSEventQueueManager::RemoveEventQueueByChannel: remove queue 7182.1741743620 (CCXP) for channel 3...
[03/12/25 02:12:36.736] [T431615] [info] CSXSEventQueueManager::CreateEventQueueIfNotExist: create queue 7494.1741745556 (CCXP)...
[03/12/25 14:55:38.521] [T6587] [info] AdobeIPCBroker version: 7.2.1
[03/12/25 14:55:38.544] [T6614] [info] CSXSEventQueueManager::CreateEventQueueIfNotExist: create queue 777.1741791338 (CCXP)...
[03/12/25 14:55:42.522] [T7268] [info] CSXSEventQueueManager::CreateEventQueueIfNotExist: create queue 730.1741791342 (ACCC)...
[03/12/25 14:55:45.731] [T8232] [info] CSXSEventQueueManager::CreateEventQueueIfNotExist: create queue 911.1741791345 (ACHP)...
[03/12/25 14:55:45.867] [T8293] [info] CSXSEventQueueManager::CreateEventQueueIfNotExist: create queue 908.1741791345 (ADCS)...
[03/12/25 14:55:57.245] [T9306] [info] CSXSEventQueueManager::CreateEventQueueIfNotExist: create queue 981.1741791357 (COSY)...
[03/12/25 14:55:59.081] [T9465] [info] CSXSEventQueueManager::CreateEventQueueIfNotExist: create queue 990.1741791359 (COSY)...
[03/12/25 14:56:03.631] [T9768] [info] CSXSEventQueueManager::CreateEventQueueIfNotExist: create queue 1015.1741791363 (CCH_UPI)...
[03/12/25 15:01:10.882] [T9788] [info] CSXSEventQueueManager::RemoveEventQueueByChannel: remove queue 1015.1741791363 (CCH_UPI) for channel 23...
[03/13/25 00:34:59.221] [T6614] [info] CSXSEventQueueManager::RemoveEventQueueByChannel: remove queue 777.1741791338 (CCXP) for channel 6...
[03/13/25 00:36:14.053] [T396760] [info] CSXSEventQueueManager::CreateEventQueueIfNotExist: create queue 7805.1741826174 (CCXP)...
[03/13/25 01:07:18.133] [T396766] [info] CSXSEventQueueManager::RemoveEventQueueByChannel: remove queue 7805.1741826174 (CCXP) for channel 8...
[03/13/25 01:08:32.493] [T442590] [info] CSXSEventQueueManager::CreateEventQueueIfNotExist: create queue 9213.1741828112 (CCXP)...
[03/13/25 01:12:29.309] [T6642] [info] AdobeIPCBroker version: 7.2.1
[03/13/25 01:12:29.316] [T6669] [info] CSXSEventQueueManager::CreateEventQueueIfNotExist: create queue 775.1741828349 (CCXP)...
[03/13/25 01:12:30.889] [T6983] [info] CSXSEventQueueManager::CreateEventQueueIfNotExist: create queue 729.1741828350 (ACCC)...
[03/13/25 01:12:33.350] [T7582] [info] CSXSEventQueueManager::CreateEventQueueIfNotExist: create queue 862.1741828353 (ACHP)...
[03/13/25 01:12:33.433] [T7634] [info] CSXSEventQueueManager::CreateEventQueueIfNotExist: create queue 857.1741828353 (ADCS)...
[03/13/25 01:12:42.385] [T8303] [info] CSXSEventQueueManager::CreateEventQueueIfNotExist: create queue 903.1741828362 (COSY)...
[03/13/25 01:12:44.167] [T8475] [info] CSXSEventQueueManager::CreateEventQueueIfNotExist: create queue 914.1741828364 (COSY)...
[03/13/25 01:12:45.474] [T8735] [info] CSXSEventQueueManager::CreateEventQueueIfNotExist: create queue 949.1741828365 (CCH_UPI)...
[03/13/25 01:17:47.976] [T8735] [info] CSXSEventQueueManager::RemoveEventQueueByChannel: remove queue 949.1741828365 (CCH_UPI) for channel 14...
[03/13/25 01:43:30.889] [T6681] [info] CSXSEventQueueManager::RemoveEventQueueByChannel: remove queue 775.1741828349 (CCXP) for channel 3...
[03/13/25 01:44:42.031] [T33968] [info] CSXSEventQueueManager::CreateEventQueueIfNotExist: create queue 1414.1741830282 (CCXP)...
[03/13/25 10:04:17.611] [T6830] [info] AdobeIPCBroker version: 7.2.1
[03/13/25 10:04:17.619] [T6868] [info] CSXSEventQueueManager::CreateEventQueueIfNotExist: create queue 789.1741860257 (CCXP)...
[03/13/25 10:04:18.598] [T7129] [info] CSXSEventQueueManager::CreateEventQueueIfNotExist: create queue 731.1741860258 (ACCC)...
[03/13/25 10:04:24.885] [T7941] [info] CSXSEventQueueManager::CreateEventQueueIfNotExist: create queue 889.1741860264 (ACHP)...
[03/13/25 10:04:25.034] [T7990] [info] CSXSEventQueueManager::CreateEventQueueIfNotExist: create queue 885.1741860265 (ADCS)...
[03/13/25 10:04:27.124] [T8259] [info] CSXSEventQueueManager::CreateEventQueueIfNotExist: create queue 902.1741860267 (COSY)...
[03/13/25 10:04:29.152] [T8453] [info] CSXSEventQueueManager::CreateEventQueueIfNotExist: create queue 912.1741860269 (COSY)...
[03/13/25 10:04:31.106] [T8765] [info] CSXSEventQueueManager::CreateEventQueueIfNotExist: create queue 953.1741860271 (CCH_UPI)...
[03/13/25 10:09:33.362] [T8765] [info] CSXSEventQueueManager::RemoveEventQueueByChannel: remove queue 953.1741860271 (CCH_UPI) for channel 14...
[03/14/25 00:35:22.998] [T6885] [info] CSXSEventQueueManager::RemoveEventQueueByChannel: remove queue 789.1741860257 (CCXP) for channel 3...
[03/14/25 00:36:29.427] [T750676] [info] CSXSEventQueueManager::CreateEventQueueIfNotExist: create queue 12929.1741912589 (CCXP)...
[03/14/25 01:07:31.436] [T750683] [info] CSXSEventQueueManager::RemoveEventQueueByChannel: remove queue 12929.1741912589 (CCXP) for channel 3...
[03/14/25 01:08:33.960] [T771804] [info] CSXSEventQueueManager::CreateEventQueueIfNotExist: create queue 13202.1741914513 (CCXP)...
[03/14/25 01:39:34.603] [T771804] [info] CSXSEventQueueManager::RemoveEventQueueByChannel: remove queue 13202.1741914513 (CCXP) for channel 2...
[03/14/25 01:40:42.566] [T784404] [info] CSXSEventQueueManager::CreateEventQueueIfNotExist: create queue 13340.1741916442 (CCXP)...
[03/14/25 02:11:43.451] [T784404] [info] CSXSEventQueueManager::RemoveEventQueueByChannel: remove queue 13340.1741916442 (CCXP) for channel 2...
[03/14/25 02:12:55.325] [T822669] [info] CSXSEventQueueManager::CreateEventQueueIfNotExist: create queue 13937.1741918375 (CCXP)...
[03/14/25 10:09:42.753] [T1151277] [info] CSXSEventQueueManager::CreateEventQueueIfNotExist: create queue 18718.1741946982 (CCH_UPI)...
[03/14/25 10:34:09.864] [T1151321] [info] CSXSEventQueueManager::RemoveEventQueueByChannel: remove queue 18718.1741946982 (CCH_UPI) for channel 15...
[03/14/25 15:03:38.112] [T7014] [info] AdobeIPCBroker version: 7.2.1
[03/14/25 15:03:38.155] [T7075] [info] CSXSEventQueueManager::CreateEventQueueIfNotExist: create queue 788.1741964618 (CCXP)...
[03/14/25 15:03:39.271] [T7436] [info] CSXSEventQueueManager::CreateEventQueueIfNotExist: create queue 749.1741964619 (ACCC)...
[03/14/25 15:03:39.864] [T7558] [info] CSXSEventQueueManager::CreateEventQueueIfNotExist: create queue 857.1741964619 (ACHP)...
[03/14/25 15:03:39.867] [T7560] [info] CSXSEventQueueManager::CreateEventQueueIfNotExist: create queue 853.1741964619 (ADCS)...
[03/14/25 15:03:45.068] [T8149] [info] CSXSEventQueueManager::CreateEventQueueIfNotExist: create queue 905.1741964625 (COSY)...
[03/14/25 15:03:46.131] [T8360] [info] CSXSEventQueueManager::CreateEventQueueIfNotExist: create queue 918.1741964626 (COSY)...
[03/14/25 15:03:49.720] [T8661] [info] CSXSEventQueueManager::CreateEventQueueIfNotExist: create queue 933.1741964629 (CCH_UPI)...
[03/14/25 15:08:51.934] [T8661] [info] CSXSEventQueueManager::RemoveEventQueueByChannel: remove queue 933.1741964629 (CCH_UPI) for channel 14...
[03/15/25 00:31:04.865] [T7103] [info] CSXSEventQueueManager::RemoveEventQueueByChannel: remove queue 788.1741964618 (CCXP) for channel 3...
[03/15/25 00:32:16.922] [T271063] [info] CSXSEventQueueManager::CreateEventQueueIfNotExist: create queue 5532.1741998736 (CCXP)...
[03/15/25 01:03:19.018] [T271074] [info] CSXSEventQueueManager::RemoveEventQueueByChannel: remove queue 5532.1741998736 (CCXP) for channel 3...
[03/15/25 01:04:26.799] [T283629] [info] CSXSEventQueueManager::CreateEventQueueIfNotExist: create queue 5659.1742000666 (CCXP)...
[03/15/25 01:35:30.913] [T283630] [info] CSXSEventQueueManager::RemoveEventQueueByChannel: remove queue 5659.1742000666 (CCXP) for channel 3...
[03/15/25 01:36:38.218] [T296118] [info] CSXSEventQueueManager::CreateEventQueueIfNotExist: create queue 5809.1742002598 (CCXP)...
[03/15/25 02:07:38.958] [T296119] [info] CSXSEventQueueManager::RemoveEventQueueByChannel: remove queue 5809.1742002598 (CCXP) for channel 3...
[03/15/25 02:08:48.934] [T308437] [info] CSXSEventQueueManager::CreateEventQueueIfNotExist: create queue 5923.1742004528 (CCXP)...
[03/15/25 15:00:52.373] [T738240] [info] CSXSEventQueueManager::CreateEventQueueIfNotExist: create queue 11965.1742050852 (CCH_UPI)...
[03/15/25 15:05:54.066] [T738279] [info] CSXSEventQueueManager::RemoveEventQueueByChannel: remove queue 11965.1742050852 (CCH_UPI) for channel 15...
[03/15/25 17:18:45.091] [T6766] [info] AdobeIPCBroker version: 7.2.1
[03/15/25 17:18:45.120] [T6842] [info] CSXSEventQueueManager::CreateEventQueueIfNotExist: create queue 781.1742059125 (CCXP)...
[03/15/25 17:18:46.406] [T7236] [info] CSXSEventQueueManager::CreateEventQueueIfNotExist: create queue 725.1742059126 (ACCC)...
[03/15/25 17:18:47.112] [T7398] [info] CSXSEventQueueManager::CreateEventQueueIfNotExist: create queue 843.1742059127 (ACHP)...
[03/15/25 17:18:47.119] [T7417] [info] CSXSEventQueueManager::CreateEventQueueIfNotExist: create queue 837.1742059127 (ADCS)...
[03/15/25 17:18:55.938] [T8696] [info] CSXSEventQueueManager::CreateEventQueueIfNotExist: create queue 940.1742059135 (COSY)...
[03/15/25 17:18:56.824] [T8773] [info] CSXSEventQueueManager::CreateEventQueueIfNotExist: create queue 950.1742059136 (COSY)...
[03/15/25 17:19:00.060] [T9193] [info] CSXSEventQueueManager::CreateEventQueueIfNotExist: create queue 987.1742059140 (CCH_UPI)...
[03/15/25 17:24:02.556] [T9193] [info] CSXSEventQueueManager::RemoveEventQueueByChannel: remove queue 987.1742059140 (CCH_UPI) for channel 23...
[03/16/25 00:32:12.189] [T6842] [info] CSXSEventQueueManager::RemoveEventQueueByChannel: remove queue 781.1742059125 (CCXP) for channel 6...
[03/16/25 00:33:13.443] [T323338] [info] CSXSEventQueueManager::CreateEventQueueIfNotExist: create queue 7369.1742085193 (CCXP)...
[03/16/25 01:04:14.368] [T323338] [info] CSXSEventQueueManager::RemoveEventQueueByChannel: remove queue 7369.1742085193 (CCXP) for channel 6...
[03/16/25 01:05:17.993] [T369940] [info] CSXSEventQueueManager::CreateEventQueueIfNotExist: create queue 8850.1742087117 (CCXP)...
[03/16/25 01:36:18.896] [T369940] [info] CSXSEventQueueManager::RemoveEventQueueByChannel: remove queue 8850.1742087117 (CCXP) for channel 6...
[03/16/25 01:37:26.388] [T411042] [info] CSXSEventQueueManager::CreateEventQueueIfNotExist: create queue 9379.1742089046 (CCXP)...
[03/16/25 02:09:05.372] [T411048] [info] CSXSEventQueueManager::RemoveEventQueueByChannel: remove queue 9379.1742089046 (CCXP) for channel 7...
[03/16/25 02:11:09.634] [T453154] [info] CSXSEventQueueManager::CreateEventQueueIfNotExist: create queue 10303.1742091069 (CCXP)...
[03/16/25 02:14:20.549] [T7089] [info] AdobeIPCBroker version: 7.2.1
[03/16/25 02:14:20.579] [T7120] [info] CSXSEventQueueManager::CreateEventQueueIfNotExist: create queue 821.1742091260 (CCXP)...
[03/16/25 02:14:21.712] [T7353] [info] CSXSEventQueueManager::CreateEventQueueIfNotExist: create queue 805.1742091261 (ACCC)...
[03/16/25 02:14:23.690] [T7981] [info] CSXSEventQueueManager::CreateEventQueueIfNotExist: create queue 903.1742091263 (ACHP)...
[03/16/25 02:14:23.722] [T8016] [info] CSXSEventQueueManager::CreateEventQueueIfNotExist: create queue 900.1742091263 (ADCS)...
[03/16/25 02:14:25.078] [T8336] [info] CSXSEventQueueManager::CreateEventQueueIfNotExist: create queue 918.1742091265 (COSY)...
[03/16/25 02:14:27.554] [T8526] [info] CSXSEventQueueManager::CreateEventQueueIfNotExist: create queue 932.1742091267 (COSY)...
[03/16/25 02:14:29.410] [T8741] [info] CSXSEventQueueManager::CreateEventQueueIfNotExist: create queue 946.1742091269 (CCH_UPI)...
[03/16/25 02:19:31.641] [T8741] [info] CSXSEventQueueManager::RemoveEventQueueByChannel: remove queue 946.1742091269 (CCH_UPI) for channel 14...
[03/17/25 00:13:30.719] [T7120] [info] CSXSEventQueueManager::RemoveEventQueueByChannel: remove queue 821.1742091260 (CCXP) for channel 2...
[03/17/25 00:14:39.113] [T704244] [info] CSXSEventQueueManager::CreateEventQueueIfNotExist: create queue 11021.1742170479 (CCXP)...
[03/17/25 00:45:41.529] [T704244] [info] CSXSEventQueueManager::RemoveEventQueueByChannel: remove queue 11021.1742170479 (CCXP) for channel 2...
[03/17/25 00:46:43.600] [T731059] [info] CSXSEventQueueManager::CreateEventQueueIfNotExist: create queue 11318.1742172403 (CCXP)...
[03/17/25 01:17:45.269] [T731059] [info] CSXSEventQueueManager::RemoveEventQueueByChannel: remove queue 11318.1742172403 (CCXP) for channel 2...
[03/17/25 01:18:57.087] [T771438] [info] CSXSEventQueueManager::CreateEventQueueIfNotExist: create queue 12024.1742174337 (CCXP)...
[03/17/25 01:49:59.579] [T771438] [info] CSXSEventQueueManager::RemoveEventQueueByChannel: remove queue 12024.1742174337 (CCXP) for channel 2...
[03/17/25 01:51:00.683] [T812056] [info] CSXSEventQueueManager::CreateEventQueueIfNotExist: create queue 12596.1742176260 (CCXP)...
[03/17/25 02:11:35.763] [T828851] [info] CSXSEventQueueManager::CreateEventQueueIfNotExist: create queue 12893.1742177495 (CCH_UPI)...
[03/17/25 02:16:38.041] [T828851] [info] CSXSEventQueueManager::RemoveEventQueueByChannel: remove queue 12893.1742177495 (CCH_UPI) for channel 14...
[03/17/25 10:01:30.555] [T6906] [info] AdobeIPCBroker version: 7.2.1
[03/17/25 10:01:30.573] [T6948] [info] CSXSEventQueueManager::CreateEventQueueIfNotExist: create queue 787.1742205690 (CCXP)...
[03/17/25 10:01:32.778] [T7496] [info] CSXSEventQueueManager::CreateEventQueueIfNotExist: create queue 752.1742205692 (ACCC)...
[03/17/25 10:01:33.539] [T7680] [info] CSXSEventQueueManager::CreateEventQueueIfNotExist: create queue 859.1742205693 (ADCS)...
[03/17/25 10:01:33.579] [T7695] [info] CSXSEventQueueManager::CreateEventQueueIfNotExist: create queue 862.1742205693 (ACHP)...
[03/17/25 10:01:39.238] [T8333] [info] CSXSEventQueueManager::CreateEventQueueIfNotExist: create queue 907.1742205699 (COSY)...
[03/17/25 10:01:40.047] [T8469] [info] CSXSEventQueueManager::CreateEventQueueIfNotExist: create queue 924.1742205700 (COSY)...
[03/17/25 10:01:44.147] [T9036] [info] CSXSEventQueueManager::CreateEventQueueIfNotExist: create queue 964.1742205704 (CCH_UPI)...
[03/17/25 10:30:58.810] [T9057] [info] CSXSEventQueueManager::RemoveEventQueueByChannel: remove queue 964.1742205704 (CCH_UPI) for channel 15...
[03/18/25 00:06:03.717] [T6948] [info] CSXSEventQueueManager::RemoveEventQueueByChannel: remove queue 787.1742205690 (CCXP) for channel 2...
[03/18/25 00:07:15.277] [T207538] [info] CSXSEventQueueManager::CreateEventQueueIfNotExist: create queue 3749.1742256435 (CCXP)...
[03/18/25 00:38:18.007] [T207540] [info] CSXSEventQueueManager::RemoveEventQueueByChannel: remove queue 3749.1742256435 (CCXP) for channel 3...
[03/18/25 00:39:20.916] [T237611] [info] CSXSEventQueueManager::CreateEventQueueIfNotExist: create queue 4334.1742258360 (CCXP)...
[03/18/25 01:10:24.011] [T237611] [info] CSXSEventQueueManager::RemoveEventQueueByChannel: remove queue 4334.1742258360 (CCXP) for channel 2...
[03/18/25 01:11:30.363] [T270448] [info] CSXSEventQueueManager::CreateEventQueueIfNotExist: create queue 5113.1742260290 (CCXP)...
[03/18/25 01:42:37.854] [T270448] [info] CSXSEventQueueManager::RemoveEventQueueByChannel: remove queue 5113.1742260290 (CCXP) for channel 2...
[03/18/25 01:43:58.456] [T306065] [info] CSXSEventQueueManager::CreateEventQueueIfNotExist: create queue 5908.1742262238 (CCXP)...
[03/18/25 02:57:35.763] [T6763] [info] AdobeIPCBroker version: 7.2.1
[03/18/25 02:57:35.784] [T6776] [info] CSXSEventQueueManager::CreateEventQueueIfNotExist: create queue 789.1742266655 (CCXP)...
[03/18/25 02:57:36.691] [T6990] [info] CSXSEventQueueManager::CreateEventQueueIfNotExist: create queue 751.1742266656 (ACCC)...
[03/18/25 02:57:37.954] [T7485] [info] CSXSEventQueueManager::CreateEventQueueIfNotExist: create queue 858.1742266657 (ACHP)...
[03/18/25 02:57:37.997] [T7511] [info] CSXSEventQueueManager::CreateEventQueueIfNotExist: create queue 853.1742266657 (ADCS)...
[03/18/25 02:57:43.056] [T8065] [info] CSXSEventQueueManager::CreateEventQueueIfNotExist: create queue 893.1742266663 (COSY)...
[03/18/25 02:57:43.503] [T8144] [info] CSXSEventQueueManager::CreateEventQueueIfNotExist: create queue 903.1742266663 (COSY)...
[03/18/25 02:57:47.046] [T8705] [info] CSXSEventQueueManager::CreateEventQueueIfNotExist: create queue 943.1742266667 (CCH_UPI)...
[03/18/25 03:02:49.401] [T8705] [info] CSXSEventQueueManager::RemoveEventQueueByChannel: remove queue 943.1742266667 (CCH_UPI) for channel 14...
[03/18/25 19:58:01.750] [T6804] [info] AdobeIPCBroker version: 7.2.1
[03/18/25 19:58:01.771] [T6820] [info] CSXSEventQueueManager::CreateEventQueueIfNotExist: create queue 786.1742327881 (CCXP)...
[03/18/25 19:58:02.927] [T7154] [info] CSXSEventQueueManager::CreateEventQueueIfNotExist: create queue 745.1742327882 (ACCC)...
[03/18/25 19:58:04.195] [T7623] [info] CSXSEventQueueManager::CreateEventQueueIfNotExist: create queue 861.1742327884 (ADCS)...
[03/18/25 19:58:04.208] [T7629] [info] CSXSEventQueueManager::CreateEventQueueIfNotExist: create queue 866.1742327884 (ACHP)...
[03/18/25 19:58:08.792] [T8188] [info] CSXSEventQueueManager::CreateEventQueueIfNotExist: create queue 905.1742327888 (COSY)...
[03/18/25 19:58:09.159] [T8259] [info] CSXSEventQueueManager::CreateEventQueueIfNotExist: create queue 915.1742327889 (COSY)...
[03/18/25 19:58:13.013] [T8666] [info] CSXSEventQueueManager::CreateEventQueueIfNotExist: create queue 940.1742327893 (CCH_UPI)...
[03/18/25 20:03:15.105] [T8666] [info] CSXSEventQueueManager::RemoveEventQueueByChannel: remove queue 940.1742327893 (CCH_UPI) for channel 14...
[03/19/25 00:29:08.447] [T6820] [info] CSXSEventQueueManager::RemoveEventQueueByChannel: remove queue 786.1742327881 (CCXP) for channel 2...
[03/19/25 00:30:11.380] [T199318] [info] CSXSEventQueueManager::CreateEventQueueIfNotExist: create queue 3277.1742344211 (CCXP)...
[03/19/25 01:01:12.185] [T199334] [info] CSXSEventQueueManager::RemoveEventQueueByChannel: remove queue 3277.1742344211 (CCXP) for channel 3...
[03/19/25 01:17:44.308] [T209907] [info] CSXSEventQueueManager::CreateEventQueueIfNotExist: create queue 3414.1742347064 (CCXP)...
[03/19/25 02:04:06.089] [T209910] [info] CSXSEventQueueManager::RemoveEventQueueByChannel: remove queue 3414.1742347064 (CCXP) for channel 3...
[03/19/25 02:05:07.572] [T215397] [info] CSXSEventQueueManager::CreateEventQueueIfNotExist: create queue 3504.1742349907 (CCXP)...
[03/19/25 02:38:17.087] [T215397] [info] CSXSEventQueueManager::RemoveEventQueueByChannel: remove queue 3504.1742349907 (CCXP) for channel 2...
[03/19/25 02:39:18.464] [T218460] [info] CSXSEventQueueManager::CreateEventQueueIfNotExist: create queue 3561.1742351958 (CCXP)...
[03/19/25 19:55:18.911] [T581702] [info] CSXSEventQueueManager::CreateEventQueueIfNotExist: create queue 8126.1742414118 (CCH_UPI)...
[03/19/25 20:00:24.138] [T581702] [info] CSXSEventQueueManager::RemoveEventQueueByChannel: remove queue 8126.1742414118 (CCH_UPI) for channel 14...
[03/20/25 00:14:13.304] [T218460] [info] CSXSEventQueueManager::RemoveEventQueueByChannel: remove queue 3561.1742351958 (CCXP) for channel 2...
[03/20/25 00:15:25.354] [T753904] [info] CSXSEventQueueManager::CreateEventQueueIfNotExist: create queue 11241.1742429725 (CCXP)...
[03/20/25 00:46:27.469] [T753904] [info] CSXSEventQueueManager::RemoveEventQueueByChannel: remove queue 11241.1742429725 (CCXP) for channel 2...
[03/20/25 00:47:34.266] [T770738] [info] CSXSEventQueueManager::CreateEventQueueIfNotExist: create queue 11516.1742431654 (CCXP)...
[03/20/25 01:18:34.849] [T770741] [info] CSXSEventQueueManager::RemoveEventQueueByChannel: remove queue 11516.1742431654 (CCXP) for channel 3...
[03/20/25 01:19:44.382] [T789357] [info] CSXSEventQueueManager::CreateEventQueueIfNotExist: create queue 11901.1742433584 (CCXP)...
[03/20/25 01:50:48.283] [T789360] [info] CSXSEventQueueManager::RemoveEventQueueByChannel: remove queue 11901.1742433584 (CCXP) for channel 3...
[03/20/25 01:51:55.508] [T806867] [info] CSXSEventQueueManager::CreateEventQueueIfNotExist: create queue 12170.1742435515 (CCXP)...
[03/20/25 19:52:21.807] [T1575561] [info] CSXSEventQueueManager::CreateEventQueueIfNotExist: create queue 26396.1742500341 (CCH_UPI)...
[03/20/25 19:57:22.765] [T1575605] [info] CSXSEventQueueManager::RemoveEventQueueByChannel: remove queue 26396.1742500341 (CCH_UPI) for channel 15...
[03/21/25 00:52:58.674] [T806867] [info] CSXSEventQueueManager::RemoveEventQueueByChannel: remove queue 12170.1742435515 (CCXP) for channel 2...
[03/21/25 00:54:00.614] [T1813493] [info] CSXSEventQueueManager::CreateEventQueueIfNotExist: create queue 30918.1742518440 (CCXP)...
[03/21/25 01:25:03.663] [T1813494] [info] CSXSEventQueueManager::RemoveEventQueueByChannel: remove queue 30918.1742518440 (CCXP) for channel 3...
[03/21/25 01:26:10.449] [T1836123] [info] CSXSEventQueueManager::CreateEventQueueIfNotExist: create queue 31189.1742520370 (CCXP)...
[03/21/25 01:57:13.249] [T1836123] [info] CSXSEventQueueManager::RemoveEventQueueByChannel: remove queue 31189.1742520370 (CCXP) for channel 2...
[03/21/25 01:58:20.367] [T1860919] [info] CSXSEventQueueManager::CreateEventQueueIfNotExist: create queue 31502.1742522300 (CCXP)...
[03/21/25 02:29:21.689] [T1860921] [info] CSXSEventQueueManager::RemoveEventQueueByChannel: remove queue 31502.1742522300 (CCXP) for channel 3...
[03/21/25 02:30:28.612] [T1884057] [info] CSXSEventQueueManager::CreateEventQueueIfNotExist: create queue 31758.1742524228 (CCXP)...
[03/21/25 20:03:06.344] [T2448973] [info] CSXSEventQueueManager::CreateEventQueueIfNotExist: create queue 44374.1742587386 (CCH_UPI)...
[03/21/25 20:38:14.025] [T2448973] [info] CSXSEventQueueManager::RemoveEventQueueByChannel: remove queue 44374.1742587386 (CCH_UPI) for channel 14...
[03/22/25 01:00:17.932] [T1884060] [info] CSXSEventQueueManager::RemoveEventQueueByChannel: remove queue 31758.1742524228 (CCXP) for channel 3...
[03/22/25 01:01:19.817] [T2588215] [info] CSXSEventQueueManager::CreateEventQueueIfNotExist: create queue 46409.1742605279 (CCXP)...
[03/22/25 01:32:22.054] [T2588221] [info] CSXSEventQueueManager::RemoveEventQueueByChannel: remove queue 46409.1742605279 (CCXP) for channel 3...
[03/22/25 01:33:24.840] [T2607768] [info] CSXSEventQueueManager::CreateEventQueueIfNotExist: create queue 46670.1742607204 (CCXP)...
[03/22/25 02:04:25.354] [T2607768] [info] CSXSEventQueueManager::RemoveEventQueueByChannel: remove queue 46670.1742607204 (CCXP) for channel 2...
[03/22/25 02:05:35.325] [T2629214] [info] CSXSEventQueueManager::CreateEventQueueIfNotExist: create queue 46925.1742609135 (CCXP)...
[03/22/25 02:36:35.916] [T2629216] [info] CSXSEventQueueManager::RemoveEventQueueByChannel: remove queue 46925.1742609135 (CCXP) for channel 3...
[03/22/25 02:37:47.197] [T2653966] [info] CSXSEventQueueManager::CreateEventQueueIfNotExist: create queue 47436.1742611067 (CCXP)...
[03/22/25 20:00:08.365] [T3290588] [info] CSXSEventQueueManager::CreateEventQueueIfNotExist: create queue 55161.1742673608 (CCH_UPI)...
[03/22/25 20:05:10.563] [T3290588] [info] CSXSEventQueueManager::RemoveEventQueueByChannel: remove queue 55161.1742673608 (CCH_UPI) for channel 14...
[03/23/25 00:37:45.852] [T2653966] [info] CSXSEventQueueManager::RemoveEventQueueByChannel: remove queue 47436.1742611067 (CCXP) for channel 2...
[03/23/25 00:38:58.144] [T3514894] [info] CSXSEventQueueManager::CreateEventQueueIfNotExist: create queue 58117.1742690338 (CCXP)...
[03/23/25 01:10:00.559] [T3514894] [info] CSXSEventQueueManager::RemoveEventQueueByChannel: remove queue 58117.1742690338 (CCXP) for channel 2...
[03/23/25 01:11:07.046] [T3543240] [info] CSXSEventQueueManager::CreateEventQueueIfNotExist: create queue 58388.1742692267 (CCXP)...
[03/23/25 01:42:09.643] [T3543240] [info] CSXSEventQueueManager::RemoveEventQueueByChannel: remove queue 58388.1742692267 (CCXP) for channel 2...
[03/23/25 01:43:11.386] [T3571114] [info] CSXSEventQueueManager::CreateEventQueueIfNotExist: create queue 58669.1742694191 (CCXP)...
[03/23/25 02:14:15.184] [T3571121] [info] CSXSEventQueueManager::RemoveEventQueueByChannel: remove queue 58669.1742694191 (CCXP) for channel 3...
[03/23/25 02:15:23.859] [T3600753] [info] CSXSEventQueueManager::CreateEventQueueIfNotExist: create queue 59145.1742696123 (CCXP)...
[03/23/25 03:23:22.163] [T9637] [info] AdobeIPCBroker version: 7.2.1
[03/23/25 03:23:22.211] [T9664] [info] CSXSEventQueueManager::CreateEventQueueIfNotExist: create queue 983.1742700202 (CCXP)...
[03/23/25 03:23:23.956] [T9877] [info] CSXSEventQueueManager::CreateEventQueueIfNotExist: create queue 972.1742700203 (ACCC)...
[03/23/25 03:23:26.460] [T10511] [info] CSXSEventQueueManager::CreateEventQueueIfNotExist: create queue 1030.1742700206 (ADCS)...
[03/23/25 03:23:28.607] [T10729] [info] CSXSEventQueueManager::CreateEventQueueIfNotExist: create queue 1050.1742700208 (ACHP)...
[03/23/25 03:23:33.401] [T11252] [info] CSXSEventQueueManager::CreateEventQueueIfNotExist: create queue 1065.1742700213 (COSY)...
[03/23/25 03:23:34.019] [T11330] [info] CSXSEventQueueManager::CreateEventQueueIfNotExist: create queue 1074.1742700214 (COSY)...
[03/23/25 03:23:37.017] [T11604] [info] CSXSEventQueueManager::CreateEventQueueIfNotExist: create queue 1088.1742700217 (CCH_UPI)...
[03/23/25 03:28:41.468] [T11604] [info] CSXSEventQueueManager::RemoveEventQueueByChannel: remove queue 1088.1742700217 (CCH_UPI) for channel 14...
[03/23/25 19:11:15.475] [T6781] [info] AdobeIPCBroker version: 7.2.1
[03/23/25 19:11:15.506] [T6829] [info] CSXSEventQueueManager::CreateEventQueueIfNotExist: create queue 788.1742757075 (CCXP)...
[03/23/25 19:11:17.134] [T7320] [info] CSXSEventQueueManager::CreateEventQueueIfNotExist: create queue 721.1742757077 (ACCC)...
[03/23/25 19:11:17.670] [T7463] [info] CSXSEventQueueManager::CreateEventQueueIfNotExist: create queue 852.1742757077 (ADCS)...
[03/23/25 19:11:17.703] [T7475] [info] CSXSEventQueueManager::CreateEventQueueIfNotExist: create queue 862.1742757077 (ACHP)...
[03/23/25 19:11:26.396] [T8601] [info] CSXSEventQueueManager::CreateEventQueueIfNotExist: create queue 934.1742757086 (COSY)...
[03/23/25 19:11:27.314] [T8688] [info] CSXSEventQueueManager::CreateEventQueueIfNotExist: create queue 945.1742757087 (COSY)...
[03/23/25 19:11:30.359] [T9130] [info] CSXSEventQueueManager::CreateEventQueueIfNotExist: create queue 992.1742757090 (CCH_UPI)...
[03/23/25 19:16:32.923] [T9130] [info] CSXSEventQueueManager::RemoveEventQueueByChannel: remove queue 992.1742757090 (CCH_UPI) for channel 14...
[03/24/25 01:22:53.682] [T6836] [info] CSXSEventQueueManager::RemoveEventQueueByChannel: remove queue 788.1742757075 (CCXP) for channel 3...
[03/24/25 01:23:55.916] [T220337] [info] CSXSEventQueueManager::CreateEventQueueIfNotExist: create queue 4619.1742779435 (CCXP)...
[03/24/25 01:56:57.828] [T220339] [info] CSXSEventQueueManager::RemoveEventQueueByChannel: remove queue 4619.1742779435 (CCXP) for channel 3...
[03/24/25 01:57:59.222] [T226592] [info] CSXSEventQueueManager::CreateEventQueueIfNotExist: create queue 4723.1742781479 (CCXP)...
[03/24/25 02:32:56.817] [T226593] [info] CSXSEventQueueManager::RemoveEventQueueByChannel: remove queue 4723.1742781479 (CCXP) for channel 3...
[03/24/25 02:49:34.241] [T230556] [info] CSXSEventQueueManager::CreateEventQueueIfNotExist: create queue 4824.1742784574 (CCXP)...
[03/24/25 03:40:50.211] [T230557] [info] CSXSEventQueueManager::RemoveEventQueueByChannel: remove queue 4824.1742784574 (CCXP) for channel 3...
[03/24/25 03:57:47.013] [T243946] [info] CSXSEventQueueManager::CreateEventQueueIfNotExist: create queue 5181.1742788667 (CCXP)...
[03/24/25 19:08:35.780] [T503026] [info] CSXSEventQueueManager::CreateEventQueueIfNotExist: create queue 9481.1742843315 (CCH_UPI)...
[03/24/25 19:13:38.535] [T503044] [info] CSXSEventQueueManager::RemoveEventQueueByChannel: remove queue 9481.1742843315 (CCH_UPI) for channel 15...
[03/25/25 01:00:04.875] [T243947] [info] CSXSEventQueueManager::RemoveEventQueueByChannel: remove queue 5181.1742788667 (CCXP) for channel 3...
[03/25/25 01:01:12.316] [T759615] [info] CSXSEventQueueManager::CreateEventQueueIfNotExist: create queue 14836.1742864472 (CCXP)...
[03/25/25 01:32:14.044] [T759615] [info] CSXSEventQueueManager::RemoveEventQueueByChannel: remove queue 14836.1742864472 (CCXP) for channel 2...
[03/25/25 01:33:22.705] [T785864] [info] CSXSEventQueueManager::CreateEventQueueIfNotExist: create queue 15134.1742866402 (CCXP)...
[03/25/25 02:04:23.946] [T785868] [info] CSXSEventQueueManager::RemoveEventQueueByChannel: remove queue 15134.1742866402 (CCXP) for channel 3...
[03/25/25 02:05:30.383] [T808337] [info] CSXSEventQueueManager::CreateEventQueueIfNotExist: create queue 15339.1742868330 (CCXP)...
[03/25/25 02:36:30.896] [T808337] [info] CSXSEventQueueManager::RemoveEventQueueByChannel: remove queue 15339.1742868330 (CCXP) for channel 2...
[03/25/25 02:37:37.167] [T828701] [info] CSXSEventQueueManager::CreateEventQueueIfNotExist: create queue 15615.1742870257 (CCXP)...
[03/25/25 17:21:57.479] [T8692] [info] CSXSEventQueueManager::RemoveEventQueueByChannel: remove queue 945.1742757087 (COSY) for channel 13...
[03/25/25 17:21:57.496] [T828704] [info] CSXSEventQueueManager::RemoveEventQueueByChannel: remove queue 15615.1742870257 (CCXP) for channel 3...
[03/25/25 17:21:57.498] [T7547] [info] CSXSEventQueueManager::RemoveEventQueueByChannel: remove queue 721.1742757077 (ACCC) for channel 9...
[03/25/25 17:21:57.595] [T7493] [info] CSXSEventQueueManager::RemoveEventQueueByChannel: remove queue 862.1742757077 (ACHP) for channel 7...
[03/25/25 17:23:33.066] [T1569584] [info] CSXSEventQueueManager::CreateEventQueueIfNotExist: create queue 25661.1742923413 (CCXP)...
[03/25/25 17:23:33.721] [T1569646] [info] CSXSEventQueueManager::CreateEventQueueIfNotExist: create queue 25648.1742923413 (ACCC)...
[03/25/25 17:23:36.344] [T1570066] [info] CSXSEventQueueManager::CreateEventQueueIfNotExist: create queue 25700.1742923416 (ACHP)...
[03/25/25 17:23:52.209] [T1571415] [info] CSXSEventQueueManager::CreateEventQueueIfNotExist: create queue 25731.1742923432 (COSY)...
[03/25/25 19:05:37.044] [T1667801] [info] CSXSEventQueueManager::CreateEventQueueIfNotExist: create queue 26943.1742929537 (ACHP)...
[03/25/25 19:05:38.439] [T1569983] [info] CSXSEventQueueManager::RemoveEventQueueByChannel: remove queue 25648.1742923413 (ACCC) for channel 6...
[03/25/25 19:05:38.446] [T1667806] [info] CSXSEventQueueManager::RemoveEventQueueByChannel: remove queue 26943.1742929537 (ACHP) for channel 15...
[03/25/25 19:05:38.447] [T1570072] [info] CSXSEventQueueManager::RemoveEventQueueByChannel: remove queue 25700.1742923416 (ACHP) for channel 9...
[03/26/25 01:05:48.851] [T1569586] [info] CSXSEventQueueManager::RemoveEventQueueByChannel: remove queue 25661.1742923413 (CCXP) for channel 3...
[03/26/25 23:19:03.736] [T2838300] [info] CSXSEventQueueManager::CreateEventQueueIfNotExist: create queue 44317.1743031143 (CCXP)...
[03/26/25 23:50:06.593] [T2838301] [info] CSXSEventQueueManager::RemoveEventQueueByChannel: remove queue 44317.1743031143 (CCXP) for channel 3...
[03/27/25 00:53:05.773] [T2911845] [info] CSXSEventQueueManager::CreateEventQueueIfNotExist: create queue 45089.1743036785 (CCXP)...
[03/27/25 01:24:08.190] [T2911845] [info] CSXSEventQueueManager::RemoveEventQueueByChannel: remove queue 45089.1743036785 (CCXP) for channel 2...
[03/27/25 03:25:56.328] [T1571415] [info] CSXSEventQueueManager::RemoveEventQueueByChannel: remove queue 25731.1742923432 (COSY) for channel 12...
[03/27/25 03:26:35.230] [T7256] [info] AdobeIPCBroker version: 7.2.1
[03/27/25 03:26:35.235] [T7286] [info] CSXSEventQueueManager::CreateEventQueueIfNotExist: create queue 800.1743045995 (CCXP)...
[03/27/25 03:26:35.585] [T7322] [info] CSXSEventQueueManager::CreateEventQueueIfNotExist: create queue 741.1743045995 (ACCC)...
[03/27/25 03:26:38.000] [T7570] [info] CSXSEventQueueManager::CreateEventQueueIfNotExist: create queue 868.1743045998 (ACHP)...
[03/27/25 03:26:38.122] [T7640] [info] CSXSEventQueueManager::CreateEventQueueIfNotExist: create queue 864.1743045998 (ADCS)...
[03/27/25 03:26:46.695] [T8844] [info] CSXSEventQueueManager::CreateEventQueueIfNotExist: create queue 950.1743046006 (COSY)...
[03/27/25 03:26:48.660] [T9055] [info] CSXSEventQueueManager::CreateEventQueueIfNotExist: create queue 967.1743046008 (COSY)...
[03/27/25 03:26:50.374] [T9332] [info] CSXSEventQueueManager::CreateEventQueueIfNotExist: create queue 1000.1743046010 (CCH_UPI)...
[03/27/25 03:31:52.934] [T9332] [info] CSXSEventQueueManager::RemoveEventQueueByChannel: remove queue 1000.1743046010 (CCH_UPI) for channel 14...
[03/27/25 03:57:39.397] [T7286] [info] CSXSEventQueueManager::RemoveEventQueueByChannel: remove queue 800.1743045995 (CCXP) for channel 2...
[03/27/25 03:58:45.575] [T35264] [info] CSXSEventQueueManager::CreateEventQueueIfNotExist: create queue 1370.1743047925 (CCXP)...
[03/27/25 04:29:47.907] [T35264] [info] CSXSEventQueueManager::RemoveEventQueueByChannel: remove queue 1370.1743047925 (CCXP) for channel 2...
[03/27/25 04:30:50.498] [T57585] [info] CSXSEventQueueManager::CreateEventQueueIfNotExist: create queue 1585.1743049850 (CCXP)...
[03/27/25 05:01:52.331] [T57586] [info] CSXSEventQueueManager::RemoveEventQueueByChannel: remove queue 1585.1743049850 (CCXP) for channel 3...
[03/27/25 05:02:58.552] [T77700] [info] CSXSEventQueueManager::CreateEventQueueIfNotExist: create queue 1880.1743051778 (CCXP)...
[03/27/25 12:58:38.934] [T10654] [info] AdobeIPCBroker version: 7.2.1
[03/27/25 12:58:38.976] [T10672] [info] CSXSEventQueueManager::CreateEventQueueIfNotExist: create queue 946.1743080318 (CCXP)...
[03/27/25 12:58:39.042] [T10679] [info] CSXSEventQueueManager::CreateEventQueueIfNotExist: create queue 937.1743080319 (ACCC)...
[03/27/25 12:58:42.390] [T11218] [info] CSXSEventQueueManager::CreateEventQueueIfNotExist: create queue 1001.1743080322 (ACHP)...
[03/27/25 12:58:42.581] [T11254] [info] CSXSEventQueueManager::CreateEventQueueIfNotExist: create queue 998.1743080322 (ADCS)...
[03/27/25 12:58:44.096] [T11526] [info] CSXSEventQueueManager::CreateEventQueueIfNotExist: create queue 1022.1743080324 (COSY)...
[03/27/25 12:58:48.003] [T11980] [info] CSXSEventQueueManager::CreateEventQueueIfNotExist: create queue 1037.1743080328 (COSY)...
[03/27/25 12:58:56.110] [T12486] [info] CSXSEventQueueManager::CreateEventQueueIfNotExist: create queue 1060.1743080336 (CCH_UPI)...
[03/27/25 13:03:58.301] [T12486] [info] CSXSEventQueueManager::RemoveEventQueueByChannel: remove queue 1060.1743080336 (CCH_UPI) for channel 14...
[03/27/25 22:22:55.927] [T7077] [info] AdobeIPCBroker version: 7.2.1
[03/27/25 22:22:55.968] [T7113] [info] CSXSEventQueueManager::CreateEventQueueIfNotExist: create queue 785.1743114175 (CCXP)...
[03/27/25 22:22:56.302] [T7198] [info] CSXSEventQueueManager::CreateEventQueueIfNotExist: create queue 737.1743114176 (ACCC)...
[03/27/25 22:22:59.294] [T7667] [info] CSXSEventQueueManager::CreateEventQueueIfNotExist: create queue 860.1743114179 (ACHP)...
[03/27/25 22:22:59.354] [T7707] [info] CSXSEventQueueManager::CreateEventQueueIfNotExist: create queue 857.1743114179 (ADCS)...
[03/27/25 22:23:06.300] [T8253] [info] CSXSEventQueueManager::CreateEventQueueIfNotExist: create queue 901.1743114186 (COSY)...
[03/27/25 22:23:08.620] [T8523] [info] CSXSEventQueueManager::CreateEventQueueIfNotExist: create queue 910.1743114188 (COSY)...
[03/27/25 22:23:09.079] [T8665] [info] CSXSEventQueueManager::CreateEventQueueIfNotExist: create queue 938.1743114189 (CCH_UPI)...
[03/27/25 22:28:11.337] [T8665] [info] CSXSEventQueueManager::RemoveEventQueueByChannel: remove queue 938.1743114189 (CCH_UPI) for channel 23...
[03/28/25 00:23:56.598] [T7133] [info] CSXSEventQueueManager::RemoveEventQueueByChannel: remove queue 785.1743114175 (CCXP) for channel 7...
[03/28/25 00:25:04.410] [T122156] [info] CSXSEventQueueManager::CreateEventQueueIfNotExist: create queue 2005.1743121504 (CCXP)...
[03/28/25 01:26:05.186] [T122156] [info] CSXSEventQueueManager::RemoveEventQueueByChannel: remove queue 2005.1743121504 (CCXP) for channel 6...
[03/28/25 01:27:11.395] [T182415] [info] CSXSEventQueueManager::CreateEventQueueIfNotExist: create queue 3115.1743125231 (CCXP)...
[03/28/25 01:58:13.251] [T182415] [info] CSXSEventQueueManager::RemoveEventQueueByChannel: remove queue 3115.1743125231 (CCXP) for channel 6...
[03/28/25 01:59:14.514] [T208673] [info] CSXSEventQueueManager::CreateEventQueueIfNotExist: create queue 3275.1743127154 (CCXP)...
[03/28/25 02:30:14.955] [T208674] [info] CSXSEventQueueManager::RemoveEventQueueByChannel: remove queue 3275.1743127154 (CCXP) for channel 7...
[03/28/25 02:31:17.580] [T236084] [info] CSXSEventQueueManager::CreateEventQueueIfNotExist: create queue 3544.1743129077 (CCXP)...
[03/28/25 22:20:12.814] [T695431] [info] CSXSEventQueueManager::CreateEventQueueIfNotExist: create queue 8866.1743200412 (CCH_UPI)...
[03/28/25 22:25:15.229] [T695431] [info] CSXSEventQueueManager::RemoveEventQueueByChannel: remove queue 8866.1743200412 (CCH_UPI) for channel 18...
[03/29/25 00:28:27.686] [T236084] [info] CSXSEventQueueManager::RemoveEventQueueByChannel: remove queue 3544.1743129077 (CCXP) for channel 6...
[03/29/25 00:29:38.980] [T789819] [info] CSXSEventQueueManager::CreateEventQueueIfNotExist: create queue 10067.1743208178 (CCXP)...
[03/29/25 01:30:39.394] [T789819] [info] CSXSEventQueueManager::RemoveEventQueueByChannel: remove queue 10067.1743208178 (CCXP) for channel 6...
[03/29/25 01:31:50.720] [T839523] [info] CSXSEventQueueManager::CreateEventQueueIfNotExist: create queue 10712.1743211910 (CCXP)...
[03/29/25 02:02:51.142] [T839523] [info] CSXSEventQueueManager::RemoveEventQueueByChannel: remove queue 10712.1743211910 (CCXP) for channel 6...
[03/29/25 02:03:55.290] [T866277] [info] CSXSEventQueueManager::CreateEventQueueIfNotExist: create queue 10953.1743213835 (CCXP)...
[03/29/25 02:34:57.761] [T866284] [info] CSXSEventQueueManager::RemoveEventQueueByChannel: remove queue 10953.1743213835 (CCXP) for channel 7...
[03/29/25 02:36:00.002] [T893888] [info] CSXSEventQueueManager::CreateEventQueueIfNotExist: create queue 11579.1743215760 (CCXP)...
[03/29/25 11:33:09.945] [T7330] [info] AdobeIPCBroker version: 7.2.1
[03/29/25 11:33:09.990] [T7368] [info] CSXSEventQueueManager::CreateEventQueueIfNotExist: create queue 808.1743247989 (CCXP)...
[03/29/25 11:33:10.667] [T7594] [info] CSXSEventQueueManager::CreateEventQueueIfNotExist: create queue 721.1743247990 (ACCC)...
[03/29/25 11:33:11.345] [T7849] [info] CSXSEventQueueManager::CreateEventQueueIfNotExist: create queue 857.1743247991 (ADCS)...
[03/29/25 11:33:11.453] [T7874] [info] CSXSEventQueueManager::CreateEventQueueIfNotExist: create queue 870.1743247991 (ACHP)...
[03/29/25 11:33:20.858] [T9224] [info] CSXSEventQueueManager::CreateEventQueueIfNotExist: create queue 981.1743248000 (COSY)...
[03/29/25 11:33:23.231] [T9453] [info] CSXSEventQueueManager::CreateEventQueueIfNotExist: create queue 1008.1743248003 (COSY)...
[03/29/25 11:33:24.305] [T9604] [info] CSXSEventQueueManager::CreateEventQueueIfNotExist: create queue 1019.1743248004 (CCH_UPI)...
[03/29/25 11:38:26.469] [T9625] [info] CSXSEventQueueManager::RemoveEventQueueByChannel: remove queue 1019.1743248004 (CCH_UPI) for channel 15...
[03/30/25 00:16:05.660] [T7368] [info] CSXSEventQueueManager::RemoveEventQueueByChannel: remove queue 808.1743247989 (CCXP) for channel 2...
[03/30/25 00:17:18.090] [T589673] [info] CSXSEventQueueManager::CreateEventQueueIfNotExist: create queue 11680.1743293838 (CCXP)...
[03/30/25 02:18:19.352] [T589673] [info] CSXSEventQueueManager::RemoveEventQueueByChannel: remove queue 11680.1743293838 (CCXP) for channel 2...
[03/30/25 02:19:22.038] [T682099] [info] CSXSEventQueueManager::CreateEventQueueIfNotExist: create queue 13258.1743297562 (CCXP)...
[03/30/25 02:50:24.196] [T682103] [info] CSXSEventQueueManager::RemoveEventQueueByChannel: remove queue 13258.1743297562 (CCXP) for channel 3...
[03/30/25 02:51:25.573] [T715273] [info] CSXSEventQueueManager::CreateEventQueueIfNotExist: create queue 14212.1743299485 (CCXP)...
[03/30/25 03:40:18.923] [T715274] [info] CSXSEventQueueManager::RemoveEventQueueByChannel: remove queue 14212.1743299485 (CCXP) for channel 3...
[03/30/25 03:57:01.605] [T736037] [info] CSXSEventQueueManager::CreateEventQueueIfNotExist: create queue 14679.1743303421 (CCXP)...
[03/30/25 12:30:29.482] [T800549] [info] CSXSEventQueueManager::CreateEventQueueIfNotExist: create queue 16129.1743334229 (CCH_UPI)...
[03/30/25 12:35:30.352] [T800549] [info] CSXSEventQueueManager::RemoveEventQueueByChannel: remove queue 16129.1743334229 (CCH_UPI) for channel 14...
[03/30/25 16:07:39.532] [T7388] [info] AdobeIPCBroker version: 7.2.1
[03/30/25 16:07:39.573] [T7420] [info] CSXSEventQueueManager::CreateEventQueueIfNotExist: create queue 826.1743347259 (CCXP)...
[03/30/25 16:07:40.058] [T7534] [info] CSXSEventQueueManager::CreateEventQueueIfNotExist: create queue 723.1743347260 (ACCC)...
[03/30/25 16:07:40.742] [T7713] [info] CSXSEventQueueManager::CreateEventQueueIfNotExist: create queue 866.1743347260 (ACHP)...
[03/30/25 16:07:40.765] [T7725] [info] CSXSEventQueueManager::CreateEventQueueIfNotExist: create queue 861.1743347260 (ADCS)...
[03/30/25 16:07:48.479] [T8850] [info] CSXSEventQueueManager::CreateEventQueueIfNotExist: create queue 962.1743347268 (COSY)...
[03/30/25 16:07:48.896] [T8919] [info] CSXSEventQueueManager::CreateEventQueueIfNotExist: create queue 971.1743347268 (COSY)...
[03/30/25 16:07:53.733] [T9397] [info] CSXSEventQueueManager::CreateEventQueueIfNotExist: create queue 1009.1743347273 (CCH_UPI)...
[03/30/25 16:12:55.715] [T9397] [info] CSXSEventQueueManager::RemoveEventQueueByChannel: remove queue 1009.1743347273 (CCH_UPI) for channel 14...
[03/31/25 00:39:40.964] [T6650] [info] AdobeIPCBroker version: 7.2.1
[03/31/25 00:39:40.967] [T6665] [info] CSXSEventQueueManager::CreateEventQueueIfNotExist: create queue 761.1743377980 (CCXP)...
[03/31/25 00:39:41.892] [T6849] [info] CSXSEventQueueManager::CreateEventQueueIfNotExist: create queue 729.1743377981 (ACCC)...
[03/31/25 00:39:42.633] [T7067] [info] CSXSEventQueueManager::CreateEventQueueIfNotExist: create queue 818.1743377982 (ADCS)...
[03/31/25 00:39:42.664] [T7092] [info] CSXSEventQueueManager::CreateEventQueueIfNotExist: create queue 827.1743377982 (ACHP)...
[03/31/25 00:39:49.938] [T8383] [info] CSXSEventQueueManager::CreateEventQueueIfNotExist: create queue 906.1743377989 (COSY)...
[03/31/25 00:39:50.500] [T8501] [info] CSXSEventQueueManager::CreateEventQueueIfNotExist: create queue 933.1743377990 (COSY)...
[03/31/25 00:39:53.234] [T8810] [info] CSXSEventQueueManager::CreateEventQueueIfNotExist: create queue 961.1743377993 (CCH_UPI)...
[03/31/25 00:44:55.341] [T8830] [info] CSXSEventQueueManager::RemoveEventQueueByChannel: remove queue 961.1743377993 (CCH_UPI) for channel 15...
[03/31/25 01:10:43.010] [T6665] [info] CSXSEventQueueManager::RemoveEventQueueByChannel: remove queue 761.1743377980 (CCXP) for channel 2...
[03/31/25 01:11:49.159] [T30856] [info] CSXSEventQueueManager::CreateEventQueueIfNotExist: create queue 1339.1743379909 (CCXP)...
[03/31/25 02:12:49.785] [T30857] [info] CSXSEventQueueManager::RemoveEventQueueByChannel: remove queue 1339.1743379909 (CCXP) for channel 3...
[03/31/25 02:13:56.178] [T67219] [info] CSXSEventQueueManager::CreateEventQueueIfNotExist: create queue 1627.1743383636 (CCXP)...
[03/31/25 02:44:58.430] [T67220] [info] CSXSEventQueueManager::RemoveEventQueueByChannel: remove queue 1627.1743383636 (CCXP) for channel 3...
[03/31/25 02:46:01.295] [T87087] [info] CSXSEventQueueManager::CreateEventQueueIfNotExist: create queue 1890.1743385561 (CCXP)...
[03/31/25 03:17:03.424] [T87087] [info] CSXSEventQueueManager::RemoveEventQueueByChannel: remove queue 1890.1743385561 (CCXP) for channel 2...
[03/31/25 03:18:05.908] [T109891] [info] CSXSEventQueueManager::CreateEventQueueIfNotExist: create queue 2251.1743387485 (CCXP)...
[03/31/25 10:12:11.269] [T7376] [info] AdobeIPCBroker version: 7.2.1
[03/31/25 10:12:11.316] [T7421] [info] CSXSEventQueueManager::CreateEventQueueIfNotExist: create queue 842.1743412331 (CCXP)...
[03/31/25 10:12:13.850] [T7782] [info] CSXSEventQueueManager::CreateEventQueueIfNotExist: create queue 818.1743412333 (ACCC)...
[03/31/25 10:12:15.148] [T8201] [info] CSXSEventQueueManager::CreateEventQueueIfNotExist: create queue 922.1743412335 (ACHP)...
[03/31/25 10:12:15.149] [T8203] [info] CSXSEventQueueManager::CreateEventQueueIfNotExist: create queue 917.1743412335 (ADCS)...
[03/31/25 10:12:17.357] [T8618] [info] CSXSEventQueueManager::CreateEventQueueIfNotExist: create queue 957.1743412337 (COSY)...
[03/31/25 10:12:18.182] [T8694] [info] CSXSEventQueueManager::CreateEventQueueIfNotExist: create queue 967.1743412338 (COSY)...
[03/31/25 10:12:21.121] [T8964] [info] CSXSEventQueueManager::CreateEventQueueIfNotExist: create queue 987.1743412341 (CCH_UPI)...
[03/31/25 10:17:23.396] [T8964] [info] CSXSEventQueueManager::RemoveEventQueueByChannel: remove queue 987.1743412341 (CCH_UPI) for channel 23...
[03/31/25 13:48:54.578] [T7401] [info] AdobeIPCBroker version: 7.2.1
[03/31/25 13:48:54.590] [T7415] [info] CSXSEventQueueManager::CreateEventQueueIfNotExist: create queue 797.1743425334 (CCXP)...
[03/31/25 13:48:56.239] [T7956] [info] CSXSEventQueueManager::CreateEventQueueIfNotExist: create queue 734.1743425336 (ACCC)...
[03/31/25 13:48:58.389] [T8492] [info] CSXSEventQueueManager::CreateEventQueueIfNotExist: create queue 890.1743425338 (ACHP)...
[03/31/25 13:48:58.419] [T8504] [info] CSXSEventQueueManager::CreateEventQueueIfNotExist: create queue 881.1743425338 (ADCS)...
[03/31/25 13:49:07.448] [T9376] [info] CSXSEventQueueManager::CreateEventQueueIfNotExist: create queue 945.1743425347 (COSY)...
[03/31/25 13:49:08.352] [T9482] [info] CSXSEventQueueManager::CreateEventQueueIfNotExist: create queue 963.1743425348 (COSY)...
[03/31/25 13:49:12.336] [T9902] [info] CSXSEventQueueManager::CreateEventQueueIfNotExist: create queue 988.1743425352 (CCH_UPI)...
[03/31/25 13:54:16.214] [T9902] [info] CSXSEventQueueManager::RemoveEventQueueByChannel: remove queue 988.1743425352 (CCH_UPI) for channel 14...
[04/01/25 01:16:48.191] [T7421] [info] CSXSEventQueueManager::RemoveEventQueueByChannel: remove queue 797.1743425334 (CCXP) for channel 3...
[04/01/25 01:18:00.119] [T440278] [info] CSXSEventQueueManager::CreateEventQueueIfNotExist: create queue 8549.1743466680 (CCXP)...
[04/01/25 02:23:43.464] [T440278] [info] CSXSEventQueueManager::RemoveEventQueueByChannel: remove queue 8549.1743466680 (CCXP) for channel 2...
[04/01/25 02:24:44.752] [T469914] [info] CSXSEventQueueManager::CreateEventQueueIfNotExist: create queue 9161.1743470684 (CCXP)...
[04/01/25 02:55:46.523] [T469914] [info] CSXSEventQueueManager::RemoveEventQueueByChannel: remove queue 9161.1743470684 (CCXP) for channel 2...
[04/01/25 02:56:47.611] [T494270] [info] CSXSEventQueueManager::CreateEventQueueIfNotExist: create queue 9320.1743472607 (CCXP)...
[04/01/25 03:27:48.764] [T494270] [info] CSXSEventQueueManager::RemoveEventQueueByChannel: remove queue 9320.1743472607 (CCXP) for channel 2...
[04/01/25 03:28:51.857] [T520895] [info] CSXSEventQueueManager::CreateEventQueueIfNotExist: create queue 9499.1743474531 (CCXP)...
[04/01/25 13:46:14.974] [T736602] [info] CSXSEventQueueManager::CreateEventQueueIfNotExist: create queue 12513.1743511574 (ACHP)...
[04/01/25 13:46:15.449] [T736704] [info] CSXSEventQueueManager::CreateEventQueueIfNotExist: create queue 12518.1743511575 (CCH_UPI)...
[04/01/25 13:46:17.384] [T8492] [info] CSXSEventQueueManager::RemoveEventQueueByChannel: remove queue 890.1743425338 (ACHP) for channel 5...
[04/01/25 14:30:11.381] [T736704] [info] CSXSEventQueueManager::RemoveEventQueueByChannel: remove queue 12518.1743511575 (CCH_UPI) for channel 16...
[04/02/25 00:50:28.639] [T7204] [info] AdobeIPCBroker version: 7.2.1
[04/02/25 00:50:28.660] [T7251] [info] CSXSEventQueueManager::CreateEventQueueIfNotExist: create queue 798.1743551428 (CCXP)...
[04/02/25 00:50:29.861] [T7640] [info] CSXSEventQueueManager::CreateEventQueueIfNotExist: create queue 731.1743551429 (ACCC)...
[04/02/25 00:50:36.796] [T8403] [info] CSXSEventQueueManager::CreateEventQueueIfNotExist: create queue 894.1743551436 (ADCS)...
[04/02/25 00:50:36.805] [T8406] [info] CSXSEventQueueManager::CreateEventQueueIfNotExist: create queue 905.1743551436 (ACHP)...
[04/02/25 00:50:37.912] [T8560] [info] CSXSEventQueueManager::CreateEventQueueIfNotExist: create queue 914.1743551437 (COSY)...
[04/02/25 00:50:38.620] [T8647] [info] CSXSEventQueueManager::CreateEventQueueIfNotExist: create queue 924.1743551438 (COSY)...
[04/02/25 00:50:42.681] [T9056] [info] CSXSEventQueueManager::CreateEventQueueIfNotExist: create queue 947.1743551442 (CCH_UPI)...
[04/02/25 00:55:44.937] [T9070] [info] CSXSEventQueueManager::RemoveEventQueueByChannel: remove queue 947.1743551442 (CCH_UPI) for channel 23...
[04/02/25 01:21:29.774] [T7251] [info] CSXSEventQueueManager::RemoveEventQueueByChannel: remove queue 798.1743551428 (CCXP) for channel 6...
[04/02/25 01:22:36.106] [T53765] [info] CSXSEventQueueManager::CreateEventQueueIfNotExist: create queue 1583.1743553356 (CCXP)...
[04/02/25 02:23:39.767] [T53768] [info] CSXSEventQueueManager::RemoveEventQueueByChannel: remove queue 1583.1743553356 (CCXP) for channel 7...
[04/02/25 02:24:47.001] [T116597] [info] CSXSEventQueueManager::CreateEventQueueIfNotExist: create queue 2822.1743557087 (CCXP)...
[04/02/25 03:25:49.300] [T116597] [info] CSXSEventQueueManager::RemoveEventQueueByChannel: remove queue 2822.1743557087 (CCXP) for channel 6...
[04/02/25 03:27:00.573] [T182136] [info] CSXSEventQueueManager::CreateEventQueueIfNotExist: create queue 3938.1743560820 (CCXP)...
[04/02/25 03:58:02.416] [T182136] [info] CSXSEventQueueManager::RemoveEventQueueByChannel: remove queue 3938.1743560820 (CCXP) for channel 6...
[04/02/25 03:59:09.667] [T214347] [info] CSXSEventQueueManager::CreateEventQueueIfNotExist: create queue 4542.1743562749 (CCXP)...
[04/03/25 00:56:55.528] [T1168342] [info] CSXSEventQueueManager::CreateEventQueueIfNotExist: create queue 20574.1743638215 (CCH_UPI)...
[04/03/25 01:27:13.438] [T1168342] [info] CSXSEventQueueManager::RemoveEventQueueByChannel: remove queue 20574.1743638215 (CCH_UPI) for channel 22...
[04/03/25 01:45:44.413] [T214347] [info] CSXSEventQueueManager::RemoveEventQueueByChannel: remove queue 4542.1743562749 (CCXP) for channel 6...
[04/03/25 01:46:49.470] [T1179752] [info] CSXSEventQueueManager::CreateEventQueueIfNotExist: create queue 20846.1743641209 (CCXP)...
[04/03/25 02:23:05.516] [T1179752] [info] CSXSEventQueueManager::RemoveEventQueueByChannel: remove queue 20846.1743641209 (CCXP) for channel 6...
[04/03/25 02:24:08.353] [T1186267] [info] CSXSEventQueueManager::CreateEventQueueIfNotExist: create queue 21126.1743643448 (CCXP)...
[04/03/25 03:10:45.120] [T1186268] [info] CSXSEventQueueManager::RemoveEventQueueByChannel: remove queue 21126.1743643448 (CCXP) for channel 7...
[04/03/25 03:11:48.279] [T1190354] [info] CSXSEventQueueManager::CreateEventQueueIfNotExist: create queue 21231.1743646308 (CCXP)...
[04/03/25 03:42:50.036] [T1190358] [info] CSXSEventQueueManager::RemoveEventQueueByChannel: remove queue 21231.1743646308 (CCXP) for channel 7...
[04/03/25 03:43:51.264] [T1204201] [info] CSXSEventQueueManager::CreateEventQueueIfNotExist: create queue 21451.1743648231 (CCXP)...
[04/04/25 00:53:56.573] [T1729047] [info] CSXSEventQueueManager::CreateEventQueueIfNotExist: create queue 29072.1743724436 (CCH_UPI)...
[04/04/25 00:58:59.703] [T1729047] [info] CSXSEventQueueManager::RemoveEventQueueByChannel: remove queue 29072.1743724436 (CCH_UPI) for channel 22...
[04/04/25 01:31:47.358] [T1204202] [info] CSXSEventQueueManager::RemoveEventQueueByChannel: remove queue 21451.1743648231 (CCXP) for channel 7...
[04/04/25 01:32:59.327] [T1757082] [info] CSXSEventQueueManager::CreateEventQueueIfNotExist: create queue 29415.1743726779 (CCXP)...
[04/04/25 02:34:01.619] [T1757082] [info] CSXSEventQueueManager::RemoveEventQueueByChannel: remove queue 29415.1743726779 (CCXP) for channel 6...
[04/04/25 02:35:04.581] [T1804636] [info] CSXSEventQueueManager::CreateEventQueueIfNotExist: create queue 30115.1743730504 (CCXP)...
[04/04/25 03:06:05.092] [T1804641] [info] CSXSEventQueueManager::RemoveEventQueueByChannel: remove queue 30115.1743730504 (CCXP) for channel 7...
[04/04/25 03:07:16.819] [T1824865] [info] CSXSEventQueueManager::CreateEventQueueIfNotExist: create queue 30386.1743732436 (CCXP)...
[04/04/25 03:38:18.737] [T1824870] [info] CSXSEventQueueManager::RemoveEventQueueByChannel: remove queue 30386.1743732436 (CCXP) for channel 7...
[04/04/25 03:39:22.168] [T1849302] [info] CSXSEventQueueManager::CreateEventQueueIfNotExist: create queue 30680.1743734362 (CCXP)...
[04/04/25 06:39:07.859] [T7414] [info] AdobeIPCBroker version: 7.2.1
[04/04/25 06:39:07.905] [T7426] [info] CSXSEventQueueManager::CreateEventQueueIfNotExist: create queue 799.1743745147 (CCXP)...
[04/04/25 06:39:08.636] [T7557] [info] CSXSEventQueueManager::CreateEventQueueIfNotExist: create queue 733.1743745148 (ACCC)...
[04/04/25 06:39:11.983] [T8004] [info] CSXSEventQueueManager::CreateEventQueueIfNotExist: create queue 887.1743745151 (ACHP)...
[04/04/25 06:39:12.095] [T8051] [info] CSXSEventQueueManager::CreateEventQueueIfNotExist: create queue 882.1743745152 (ADCS)...
[04/04/25 06:39:14.410] [T8450] [info] CSXSEventQueueManager::CreateEventQueueIfNotExist: create queue 931.1743745154 (COSY)...
[04/04/25 06:39:14.809] [T8543] [info] CSXSEventQueueManager::CreateEventQueueIfNotExist: create queue 939.1743745154 (COSY)...
[04/04/25 06:39:18.253] [T8996] [info] CSXSEventQueueManager::CreateEventQueueIfNotExist: create queue 982.1743745158 (CCH_UPI)...
[04/04/25 06:44:19.292] [T9020] [info] CSXSEventQueueManager::RemoveEventQueueByChannel: remove queue 982.1743745158 (CCH_UPI) for channel 15...
[04/05/25 03:13:29.703] [T7426] [info] CSXSEventQueueManager::RemoveEventQueueByChannel: remove queue 799.1743745147 (CCXP) for channel 2...
[04/05/25 03:31:50.179] [T458915] [info] CSXSEventQueueManager::CreateEventQueueIfNotExist: create queue 7886.1743820310 (CCXP)...
[04/05/25 04:06:39.594] [T458915] [info] CSXSEventQueueManager::RemoveEventQueueByChannel: remove queue 7886.1743820310 (CCXP) for channel 2...
[04/05/25 04:07:40.931] [T462599] [info] CSXSEventQueueManager::CreateEventQueueIfNotExist: create queue 7993.1743822460 (CCXP)...
[04/05/25 04:41:30.008] [T462599] [info] CSXSEventQueueManager::RemoveEventQueueByChannel: remove queue 7993.1743822460 (CCXP) for channel 2...
[04/05/25 04:42:34.562] [T465389] [info] CSXSEventQueueManager::CreateEventQueueIfNotExist: create queue 8040.1743824554 (CCXP)...
[04/05/25 05:18:16.835] [T465390] [info] CSXSEventQueueManager::RemoveEventQueueByChannel: remove queue 8040.1743824554 (CCXP) for channel 3...
[04/05/25 05:19:20.861] [T468633] [info] CSXSEventQueueManager::CreateEventQueueIfNotExist: create queue 8097.1743826760 (CCXP)...
[04/05/25 06:49:14.596] [T475369] [info] CSXSEventQueueManager::CreateEventQueueIfNotExist: create queue 8200.1743832154 (CCH_UPI)...
[04/05/25 07:59:17.131] [T475369] [info] CSXSEventQueueManager::RemoveEventQueueByChannel: remove queue 8200.1743832154 (CCH_UPI) for channel 14...
[04/05/25 20:45:41.458] [T6895] [info] AdobeIPCBroker version: 7.2.1
[04/05/25 20:45:41.499] [T6929] [info] CSXSEventQueueManager::CreateEventQueueIfNotExist: create queue 786.1743882341 (CCXP)...
[04/05/25 20:45:42.451] [T7286] [info] CSXSEventQueueManager::CreateEventQueueIfNotExist: create queue 722.1743882342 (ACCC)...
[04/05/25 20:45:43.737] [T7535] [info] CSXSEventQueueManager::CreateEventQueueIfNotExist: create queue 856.1743882343 (ADCS)...
[04/05/25 20:45:43.759] [T7537] [info] CSXSEventQueueManager::CreateEventQueueIfNotExist: create queue 863.1743882343 (ACHP)...
[04/05/25 20:45:50.139] [T8311] [info] CSXSEventQueueManager::CreateEventQueueIfNotExist: create queue 910.1743882350 (COSY)...
[04/05/25 20:45:50.900] [T8404] [info] CSXSEventQueueManager::CreateEventQueueIfNotExist: create queue 922.1743882350 (COSY)...
[04/05/25 20:45:53.346] [T8730] [info] CSXSEventQueueManager::CreateEventQueueIfNotExist: create queue 944.1743882353 (CCH_UPI)...
[04/05/25 20:50:58.832] [T8730] [info] CSXSEventQueueManager::RemoveEventQueueByChannel: remove queue 944.1743882353 (CCH_UPI) for channel 14...
[04/06/25 01:16:47.172] [T6929] [info] CSXSEventQueueManager::RemoveEventQueueByChannel: remove queue 786.1743882341 (CCXP) for channel 2...
[04/06/25 01:17:53.487] [T280696] [info] CSXSEventQueueManager::CreateEventQueueIfNotExist: create queue 6381.1743898673 (CCXP)...
[04/06/25 01:48:55.859] [T280699] [info] CSXSEventQueueManager::RemoveEventQueueByChannel: remove queue 6381.1743898673 (CCXP) for channel 3...
[04/06/25 01:49:59.155] [T304428] [info] CSXSEventQueueManager::CreateEventQueueIfNotExist: create queue 6846.1743900599 (CCXP)...
[04/06/25 02:50:59.686] [T304428] [info] CSXSEventQueueManager::RemoveEventQueueByChannel: remove queue 6846.1743900599 (CCXP) for channel 2...
[04/06/25 02:52:10.548] [T349283] [info] CSXSEventQueueManager::CreateEventQueueIfNotExist: create queue 7373.1743904330 (CCXP)...
[04/06/25 03:23:10.995] [T349283] [info] CSXSEventQueueManager::RemoveEventQueueByChannel: remove queue 7373.1743904330 (CCXP) for channel 2...
[04/06/25 03:24:23.180] [T372660] [info] CSXSEventQueueManager::CreateEventQueueIfNotExist: create queue 7785.1743906263 (CCXP)...
[04/06/25 10:02:24.235] [T7019] [info] AdobeIPCBroker version: 7.2.1
[04/06/25 10:02:24.283] [T7049] [info] CSXSEventQueueManager::CreateEventQueueIfNotExist: create queue 812.1743930144 (CCXP)...
[04/06/25 10:02:25.491] [T7455] [info] CSXSEventQueueManager::CreateEventQueueIfNotExist: create queue 759.1743930145 (ACCC)...
[04/06/25 10:02:26.085] [T7624] [info] CSXSEventQueueManager::CreateEventQueueIfNotExist: create queue 866.1743930146 (ADCS)...
[04/06/25 10:02:26.151] [T7646] [info] CSXSEventQueueManager::CreateEventQueueIfNotExist: create queue 877.1743930146 (ACHP)...
[04/06/25 10:02:33.988] [T8453] [info] CSXSEventQueueManager::CreateEventQueueIfNotExist: create queue 929.1743930153 (COSY)...
[04/06/25 10:02:34.540] [T8537] [info] CSXSEventQueueManager::CreateEventQueueIfNotExist: create queue 938.1743930154 (COSY)...
[04/06/25 10:02:37.242] [T8848] [info] CSXSEventQueueManager::CreateEventQueueIfNotExist: create queue 960.1743930157 (CCH_UPI)...
[04/06/25 10:07:38.232] [T8848] [info] CSXSEventQueueManager::RemoveEventQueueByChannel: remove queue 960.1743930157 (CCH_UPI) for channel 14...
[04/07/25 01:12:18.324] [T7085] [info] CSXSEventQueueManager::RemoveEventQueueByChannel: remove queue 812.1743930144 (CCXP) for channel 3...
[04/07/25 01:13:28.814] [T688077] [info] CSXSEventQueueManager::CreateEventQueueIfNotExist: create queue 11185.1743984808 (CCXP)...
[04/07/25 01:44:31.197] [T688077] [info] CSXSEventQueueManager::RemoveEventQueueByChannel: remove queue 11185.1743984808 (CCXP) for channel 2...
[04/07/25 01:45:33.383] [T712790] [info] CSXSEventQueueManager::CreateEventQueueIfNotExist: create queue 11534.1743986733 (CCXP)...
[04/07/25 02:46:37.264] [T712790] [info] CSXSEventQueueManager::RemoveEventQueueByChannel: remove queue 11534.1743986733 (CCXP) for channel 2...
[04/07/25 02:47:39.960] [T768323] [info] CSXSEventQueueManager::CreateEventQueueIfNotExist: create queue 12624.1743990459 (CCXP)...
[04/07/25 03:18:41.866] [T768323] [info] CSXSEventQueueManager::RemoveEventQueueByChannel: remove queue 12624.1743990459 (CCXP) for channel 2...
[04/07/25 03:19:43.695] [T795339] [info] CSXSEventQueueManager::CreateEventQueueIfNotExist: create queue 13048.1743992383 (CCXP)...
[04/07/25 08:54:56.051] [T6725] [info] AdobeIPCBroker version: 7.2.1
[04/07/25 08:54:56.105] [T6744] [info] CSXSEventQueueManager::CreateEventQueueIfNotExist: create queue 787.1744012495 (CCXP)...
[04/07/25 08:54:57.261] [T7083] [info] CSXSEventQueueManager::CreateEventQueueIfNotExist: create queue 757.1744012497 (ACCC)...
[04/07/25 08:54:58.711] [T7593] [info] CSXSEventQueueManager::CreateEventQueueIfNotExist: create queue 877.1744012498 (ACHP)...
[04/07/25 08:54:58.736] [T7605] [info] CSXSEventQueueManager::CreateEventQueueIfNotExist: create queue 873.1744012498 (ADCS)...
[04/07/25 08:55:01.997] [T8204] [info] CSXSEventQueueManager::CreateEventQueueIfNotExist: create queue 912.1744012501 (COSY)...
[04/07/25 08:55:02.581] [T8293] [info] CSXSEventQueueManager::CreateEventQueueIfNotExist: create queue 920.1744012502 (COSY)...
[04/07/25 08:55:04.708] [T8542] [info] CSXSEventQueueManager::CreateEventQueueIfNotExist: create queue 935.1744012504 (CCH_UPI)...
[04/07/25 09:00:06.903] [T8566] [info] CSXSEventQueueManager::RemoveEventQueueByChannel: remove queue 935.1744012504 (CCH_UPI) for channel 15...
[04/08/25 01:38:28.297] [T6744] [info] CSXSEventQueueManager::RemoveEventQueueByChannel: remove queue 787.1744012495 (CCXP) for channel 2...
[04/08/25 01:39:41.409] [T743095] [info] CSXSEventQueueManager::CreateEventQueueIfNotExist: create queue 15449.1744072781 (CCXP)...
[04/08/25 02:40:42.791] [T743095] [info] CSXSEventQueueManager::RemoveEventQueueByChannel: remove queue 15449.1744072781 (CCXP) for channel 2...
[04/08/25 02:41:46.709] [T810447] [info] CSXSEventQueueManager::CreateEventQueueIfNotExist: create queue 16548.1744076506 (CCXP)...
[04/08/25 03:12:48.078] [T810451] [info] CSXSEventQueueManager::RemoveEventQueueByChannel: remove queue 16548.1744076506 (CCXP) for channel 3...
[04/08/25 03:13:54.222] [T861883] [info] CSXSEventQueueManager::CreateEventQueueIfNotExist: create queue 17420.1744078434 (CCXP)...
[04/08/25 03:44:55.457] [T861883] [info] CSXSEventQueueManager::RemoveEventQueueByChannel: remove queue 17420.1744078434 (CCXP) for channel 2...
[04/08/25 03:46:02.158] [T887831] [info] CSXSEventQueueManager::CreateEventQueueIfNotExist: create queue 17866.1744080362 (CCXP)...
[04/08/25 08:52:11.852] [T1076816] [info] CSXSEventQueueManager::CreateEventQueueIfNotExist: create queue 20776.1744098731 (ACHP)...
[04/08/25 08:52:11.906] [T1076860] [info] CSXSEventQueueManager::CreateEventQueueIfNotExist: create queue 20781.1744098731 (CCH_UPI)...
[04/08/25 08:52:14.940] [T7604] [info] CSXSEventQueueManager::RemoveEventQueueByChannel: remove queue 877.1744012498 (ACHP) for channel 6...
[04/08/25 08:57:17.545] [T1076860] [info] CSXSEventQueueManager::RemoveEventQueueByChannel: remove queue 20781.1744098731 (CCH_UPI) for channel 16...
[04/08/25 11:58:13.926] [T6988] [info] AdobeIPCBroker version: 7.2.1
[04/08/25 11:58:13.970] [T7012] [info] CSXSEventQueueManager::CreateEventQueueIfNotExist: create queue 805.1744109893 (CCXP)...
[04/08/25 11:58:15.116] [T7289] [info] CSXSEventQueueManager::CreateEventQueueIfNotExist: create queue 741.1744109895 (ACCC)...
[04/08/25 11:58:16.403] [T7778] [info] CSXSEventQueueManager::CreateEventQueueIfNotExist: create queue 891.1744109896 (ACHP)...
[04/08/25 11:58:16.411] [T7781] [info] CSXSEventQueueManager::CreateEventQueueIfNotExist: create queue 876.1744109896 (ADCS)...
[04/08/25 11:58:20.265] [T8317] [info] CSXSEventQueueManager::CreateEventQueueIfNotExist: create queue 922.1744109900 (COSY)...
[04/08/25 11:58:20.739] [T8405] [info] CSXSEventQueueManager::CreateEventQueueIfNotExist: create queue 930.1744109900 (COSY)...
[04/08/25 11:58:24.730] [T8774] [info] CSXSEventQueueManager::CreateEventQueueIfNotExist: create queue 952.1744109904 (CCH_UPI)...
[04/08/25 12:03:26.745] [T8774] [info] CSXSEventQueueManager::RemoveEventQueueByChannel: remove queue 952.1744109904 (CCH_UPI) for channel 14...
[04/09/25 01:36:43.690] [T7012] [info] CSXSEventQueueManager::RemoveEventQueueByChannel: remove queue 805.1744109893 (CCXP) for channel 2...
[04/09/25 01:37:55.082] [T441846] [info] CSXSEventQueueManager::CreateEventQueueIfNotExist: create queue 8505.1744159075 (CCXP)...
[04/09/25 02:38:58.406] [T441855] [info] CSXSEventQueueManager::RemoveEventQueueByChannel: remove queue 8505.1744159075 (CCXP) for channel 3...
[04/09/25 02:39:59.656] [T490507] [info] CSXSEventQueueManager::CreateEventQueueIfNotExist: create queue 9115.1744162799 (CCXP)...
[04/09/25 03:11:01.770] [T490511] [info] CSXSEventQueueManager::RemoveEventQueueByChannel: remove queue 9115.1744162799 (CCXP) for channel 3...
[04/09/25 03:12:16.620] [T514576] [info] CSXSEventQueueManager::CreateEventQueueIfNotExist: create queue 9651.1744164736 (CCXP)...
[04/09/25 03:43:17.550] [T514576] [info] CSXSEventQueueManager::RemoveEventQueueByChannel: remove queue 9651.1744164736 (CCXP) for channel 2...
[04/09/25 03:44:18.942] [T542612] [info] CSXSEventQueueManager::CreateEventQueueIfNotExist: create queue 10258.1744166658 (CCXP)...
[04/09/25 11:56:15.420] [T7778] [info] CSXSEventQueueManager::RemoveEventQueueByChannel: remove queue 891.1744109896 (ACHP) for channel 5...
[04/09/25 11:56:15.422] [T7872] [info] CSXSEventQueueManager::RemoveEventQueueByChannel: remove queue 741.1744109895 (ACCC) for channel 9...
[04/09/25 11:56:23.714] [T828743] [info] AdobeIPCBroker version: 7.2.1
[04/09/25 11:56:23.730] [T828773] [info] CSXSEventQueueManager::CreateEventQueueIfNotExist: create queue 10258.1744166658 (CCXP)...
[04/09/25 11:56:23.747] [T828774] [info] CSXSEventQueueManager::CreateEventQueueIfNotExist: create queue 930.1744109900 (COSY)...
[04/09/25 11:56:28.498] [T828916] [info] CSXSEventQueueManager::CreateEventQueueIfNotExist: create queue 14388.1744196188 (ACCC)...
[04/09/25 11:56:32.056] [T829021] [info] CSXSEventQueueManager::CreateEventQueueIfNotExist: create queue 14403.1744196192 (ACHP)...
[04/09/25 11:56:32.176] [T829069] [info] CSXSEventQueueManager::CreateEventQueueIfNotExist: create queue 14399.1744196192 (ADCS)...
[04/09/25 11:56:44.718] [T829750] [info] CSXSEventQueueManager::CreateEventQueueIfNotExist: create queue 14472.1744196204 (COSY)...
[04/09/25 11:57:15.681] [T830673] [info] CSXSEventQueueManager::CreateEventQueueIfNotExist: create queue 14563.1744196235 (CCH_UPI)...
[04/09/25 12:02:18.748] [T830673] [info] CSXSEventQueueManager::RemoveEventQueueByChannel: remove queue 14563.1744196235 (CCH_UPI) for channel 14...
[04/09/25 17:25:45.977] [T6769] [info] AdobeIPCBroker version: 7.2.1
[04/09/25 17:25:46.019] [T6787] [info] CSXSEventQueueManager::CreateEventQueueIfNotExist: create queue 790.1744215945 (CCXP)...
[04/09/25 17:25:49.378] [T7751] [info] CSXSEventQueueManager::CreateEventQueueIfNotExist: create queue 740.1744215949 (ACCC)...
[04/09/25 17:25:50.150] [T7961] [info] CSXSEventQueueManager::CreateEventQueueIfNotExist: create queue 906.1744215950 (ACHP)...
[04/09/25 17:25:50.155] [T7970] [info] CSXSEventQueueManager::CreateEventQueueIfNotExist: create queue 902.1744215950 (ADCS)...
[04/09/25 17:25:55.396] [T8659] [info] CSXSEventQueueManager::CreateEventQueueIfNotExist: create queue 939.1744215955 (COSY)...
[04/09/25 17:25:57.288] [T8869] [info] CSXSEventQueueManager::CreateEventQueueIfNotExist: create queue 955.1744215957 (COSY)...
[04/09/25 17:25:58.864] [T9058] [info] CSXSEventQueueManager::CreateEventQueueIfNotExist: create queue 971.1744215958 (CCH_UPI)...
[04/09/25 17:31:01.253] [T9063] [info] CSXSEventQueueManager::RemoveEventQueueByChannel: remove queue 971.1744215958 (CCH_UPI) for channel 15...
[04/10/25 01:11:28.442] [T6796] [info] CSXSEventQueueManager::RemoveEventQueueByChannel: remove queue 790.1744215945 (CCXP) for channel 3...
[04/10/25 01:12:34.721] [T318330] [info] CSXSEventQueueManager::CreateEventQueueIfNotExist: create queue 5115.1744243954 (CCXP)...
[04/10/25 01:43:39.059] [T318333] [info] CSXSEventQueueManager::RemoveEventQueueByChannel: remove queue 5115.1744243954 (CCXP) for channel 3...
[04/10/25 01:44:46.392] [T352990] [info] CSXSEventQueueManager::CreateEventQueueIfNotExist: create queue 5621.1744245886 (CCXP)...
[04/10/25 02:45:47.401] [T352990] [info] CSXSEventQueueManager::RemoveEventQueueByChannel: remove queue 5621.1744245886 (CCXP) for channel 2...
[04/10/25 02:46:48.546] [T445645] [info] CSXSEventQueueManager::CreateEventQueueIfNotExist: create queue 7452.1744249608 (CCXP)...
[04/10/25 03:17:49.348] [T445645] [info] CSXSEventQueueManager::RemoveEventQueueByChannel: remove queue 7452.1744249608 (CCXP) for channel 2...
[04/10/25 03:18:55.311] [T496122] [info] CSXSEventQueueManager::CreateEventQueueIfNotExist: create queue 8271.1744251535 (CCXP)...
[04/10/25 17:23:02.954] [T1181896] [info] CSXSEventQueueManager::CreateEventQueueIfNotExist: create queue 15073.1744302182 (CCH_UPI)...
[04/10/25 17:28:05.836] [T1181896] [info] CSXSEventQueueManager::RemoveEventQueueByChannel: remove queue 15073.1744302182 (CCH_UPI) for channel 14...
[04/11/25 01:10:08.303] [T7976] [info] CSXSEventQueueManager::RemoveEventQueueByChannel: remove queue 906.1744215950 (ACHP) for channel 7...
[04/11/25 01:10:08.306] [T7751] [info] CSXSEventQueueManager::RemoveEventQueueByChannel: remove queue 740.1744215949 (ACCC) for channel 4...
[04/11/25 01:11:04.204] [T6858] [info] AdobeIPCBroker version: 7.2.1
[04/11/25 01:11:04.245] [T6894] [info] CSXSEventQueueManager::CreateEventQueueIfNotExist: create queue 797.1744330264 (CCXP)...
[04/11/25 01:11:05.156] [T7261] [info] CSXSEventQueueManager::CreateEventQueueIfNotExist: create queue 722.1744330265 (ACCC)...
[04/11/25 01:11:06.224] [T7559] [info] CSXSEventQueueManager::CreateEventQueueIfNotExist: create queue 854.1744330266 (ADCS)...
[04/11/25 01:11:06.250] [T7570] [info] CSXSEventQueueManager::CreateEventQueueIfNotExist: create queue 860.1744330266 (ACHP)...
[04/11/25 01:11:11.294] [T8197] [info] CSXSEventQueueManager::CreateEventQueueIfNotExist: create queue 923.1744330271 (COSY)...
[04/11/25 01:11:12.067] [T8297] [info] CSXSEventQueueManager::CreateEventQueueIfNotExist: create queue 933.1744330272 (COSY)...
[04/11/25 01:11:15.140] [T8731] [info] CSXSEventQueueManager::CreateEventQueueIfNotExist: create queue 971.1744330275 (CCH_UPI)...
[04/11/25 01:16:17.366] [T8731] [info] CSXSEventQueueManager::RemoveEventQueueByChannel: remove queue 971.1744330275 (CCH_UPI) for channel 14...
[04/11/25 01:42:05.345] [T6913] [info] CSXSEventQueueManager::RemoveEventQueueByChannel: remove queue 797.1744330264 (CCXP) for channel 2...
[04/11/25 01:43:11.512] [T43026] [info] CSXSEventQueueManager::CreateEventQueueIfNotExist: create queue 1517.1744332191 (CCXP)...
[04/11/25 02:52:43.610] [T43027] [info] CSXSEventQueueManager::RemoveEventQueueByChannel: remove queue 1517.1744332191 (CCXP) for channel 3...
[04/11/25 02:53:46.736] [T72884] [info] CSXSEventQueueManager::CreateEventQueueIfNotExist: create queue 2042.1744336426 (CCXP)...
[04/11/25 03:32:19.857] [T72884] [info] CSXSEventQueueManager::RemoveEventQueueByChannel: remove queue 2042.1744336426 (CCXP) for channel 2...
[04/11/25 03:33:21.290] [T76136] [info] CSXSEventQueueManager::CreateEventQueueIfNotExist: create queue 2102.1744338801 (CCXP)...
[04/11/25 21:10:06.367] [T6616] [info] AdobeIPCBroker version: 7.2.1
[04/11/25 21:10:06.393] [T6667] [info] CSXSEventQueueManager::CreateEventQueueIfNotExist: create queue 779.1744402206 (CCXP)...
[04/11/25 21:10:07.590] [T7015] [info] CSXSEventQueueManager::CreateEventQueueIfNotExist: create queue 738.1744402207 (ACCC)...
[04/11/25 21:10:09.300] [T7541] [info] CSXSEventQueueManager::CreateEventQueueIfNotExist: create queue 868.1744402209 (ADCS)...
[04/11/25 21:10:09.362] [T7564] [info] CSXSEventQueueManager::CreateEventQueueIfNotExist: create queue 878.1744402209 (ACHP)...
[04/11/25 21:10:19.276] [T8932] [info] CSXSEventQueueManager::CreateEventQueueIfNotExist: create queue 954.1744402219 (COSY)...
[04/11/25 21:10:19.677] [T9020] [info] CSXSEventQueueManager::CreateEventQueueIfNotExist: create queue 964.1744402219 (COSY)...
[04/11/25 21:10:22.557] [T9327] [info] CSXSEventQueueManager::CreateEventQueueIfNotExist: create queue 1002.1744402222 (CCH_UPI)...
[04/11/25 21:15:25.372] [T9327] [info] CSXSEventQueueManager::RemoveEventQueueByChannel: remove queue 1002.1744402222 (CCH_UPI) for channel 14...
[04/12/25 01:11:29.792] [T6677] [info] CSXSEventQueueManager::RemoveEventQueueByChannel: remove queue 779.1744402206 (CCXP) for channel 3...
[04/12/25 01:12:35.918] [T163393] [info] CSXSEventQueueManager::CreateEventQueueIfNotExist: create queue 3340.1744416755 (CCXP)...
[04/12/25 01:43:38.455] [T163393] [info] CSXSEventQueueManager::RemoveEventQueueByChannel: remove queue 3340.1744416755 (CCXP) for channel 2...
[04/12/25 01:44:39.706] [T192814] [info] CSXSEventQueueManager::CreateEventQueueIfNotExist: create queue 3900.1744418679 (CCXP)...
[04/12/25 02:45:42.355] [T192815] [info] CSXSEventQueueManager::RemoveEventQueueByChannel: remove queue 3900.1744418679 (CCXP) for channel 3...
[04/12/25 02:46:55.361] [T242731] [info] CSXSEventQueueManager::CreateEventQueueIfNotExist: create queue 4618.1744422415 (CCXP)...
[04/12/25 03:17:56.482] [T242731] [info] CSXSEventQueueManager::RemoveEventQueueByChannel: remove queue 4618.1744422415 (CCXP) for channel 2...
[04/12/25 03:19:04.457] [T283691] [info] CSXSEventQueueManager::CreateEventQueueIfNotExist: create queue 5465.1744424344 (CCXP)...
[04/12/25 04:27:13.013] [T6795] [info] AdobeIPCBroker version: 7.2.1
[04/12/25 04:27:13.046] [T6894] [info] CSXSEventQueueManager::CreateEventQueueIfNotExist: create queue 785.1744428432 (CCXP)...
[04/12/25 04:27:14.047] [T7142] [info] CSXSEventQueueManager::CreateEventQueueIfNotExist: create queue 733.1744428434 (ACCC)...
[04/12/25 04:27:17.855] [T8098] [info] CSXSEventQueueManager::CreateEventQueueIfNotExist: create queue 857.1744428437 (ADCS)...
[04/12/25 04:27:17.981] [T8133] [info] CSXSEventQueueManager::CreateEventQueueIfNotExist: create queue 910.1744428437 (ACHP)...
[04/12/25 04:27:21.006] [T8684] [info] CSXSEventQueueManager::CreateEventQueueIfNotExist: create queue 942.1744428441 (COSY)...
[04/12/25 04:27:21.468] [T8812] [info] CSXSEventQueueManager::CreateEventQueueIfNotExist: create queue 965.1744428441 (COSY)...
[04/12/25 04:27:24.455] [T9340] [info] CSXSEventQueueManager::CreateEventQueueIfNotExist: create queue 1009.1744428444 (CCH_UPI)...
[04/12/25 04:32:27.454] [T9340] [info] CSXSEventQueueManager::RemoveEventQueueByChannel: remove queue 1009.1744428444 (CCH_UPI) for channel 14...
[04/13/25 01:28:14.606] [T6894] [info] CSXSEventQueueManager::RemoveEventQueueByChannel: remove queue 785.1744428432 (CCXP) for channel 2...
[04/13/25 01:29:25.893] [T1321285] [info] CSXSEventQueueManager::CreateEventQueueIfNotExist: create queue 19101.1744504165 (CCXP)...
[04/13/25 02:00:27.528] [T1321285] [info] CSXSEventQueueManager::RemoveEventQueueByChannel: remove queue 19101.1744504165 (CCXP) for channel 2...
[04/13/25 02:01:28.543] [T1342677] [info] CSXSEventQueueManager::CreateEventQueueIfNotExist: create queue 19327.1744506088 (CCXP)...
[04/13/25 02:32:29.156] [T1342677] [info] CSXSEventQueueManager::RemoveEventQueueByChannel: remove queue 19327.1744506088 (CCXP) for channel 2...
[04/13/25 02:33:34.503] [T1368155] [info] CSXSEventQueueManager::CreateEventQueueIfNotExist: create queue 19757.1744508014 (CCXP)...
[04/13/25 03:04:37.005] [T1368160] [info] CSXSEventQueueManager::RemoveEventQueueByChannel: remove queue 19757.1744508014 (CCXP) for channel 3...
[04/13/25 03:05:38.659] [T1405508] [info] CSXSEventQueueManager::CreateEventQueueIfNotExist: create queue 20200.1744509938 (CCXP)...
[04/13/25 03:39:46.242] [T6608] [info] AdobeIPCBroker version: 7.2.1
[04/13/25 03:39:46.272] [T6632] [info] CSXSEventQueueManager::CreateEventQueueIfNotExist: create queue 780.1744511986 (CCXP)...
[04/13/25 03:39:47.168] [T6954] [info] CSXSEventQueueManager::CreateEventQueueIfNotExist: create queue 736.1744511987 (ACCC)...
[04/13/25 03:39:48.040] [T7199] [info] CSXSEventQueueManager::CreateEventQueueIfNotExist: create queue 840.1744511988 (ACHP)...
[04/13/25 03:39:48.060] [T7221] [info] CSXSEventQueueManager::CreateEventQueueIfNotExist: create queue 835.1744511988 (ADCS)...
[04/13/25 03:39:59.109] [T8805] [info] CSXSEventQueueManager::CreateEventQueueIfNotExist: create queue 936.1744511999 (COSY)...
[04/13/25 03:40:00.401] [T8940] [info] CSXSEventQueueManager::CreateEventQueueIfNotExist: create queue 950.1744512000 (COSY)...
[04/13/25 03:40:04.071] [T9502] [info] CSXSEventQueueManager::CreateEventQueueIfNotExist: create queue 996.1744512004 (CCH_UPI)...
[04/13/25 03:45:05.202] [T9514] [info] CSXSEventQueueManager::RemoveEventQueueByChannel: remove queue 996.1744512004 (CCH_UPI) for channel 15...
[04/13/25 07:04:23.489] [T7024] [info] AdobeIPCBroker version: 7.2.1
[04/13/25 07:04:23.535] [T7051] [info] CSXSEventQueueManager::CreateEventQueueIfNotExist: create queue 798.1744524263 (CCXP)...
[04/13/25 07:04:24.440] [T7352] [info] CSXSEventQueueManager::CreateEventQueueIfNotExist: create queue 741.1744524264 (ACCC)...
[04/13/25 07:04:26.057] [T7626] [info] CSXSEventQueueManager::CreateEventQueueIfNotExist: create queue 852.1744524266 (ADCS)...
[04/13/25 07:04:26.107] [T7641] [info] CSXSEventQueueManager::CreateEventQueueIfNotExist: create queue 859.1744524266 (ACHP)...
[04/13/25 07:04:32.582] [T8831] [info] CSXSEventQueueManager::CreateEventQueueIfNotExist: create queue 962.1744524272 (COSY)...
[04/13/25 07:04:32.919] [T8914] [info] CSXSEventQueueManager::CreateEventQueueIfNotExist: create queue 972.1744524272 (COSY)...
[04/13/25 07:04:36.464] [T9424] [info] CSXSEventQueueManager::CreateEventQueueIfNotExist: create queue 1010.1744524276 (CCH_UPI)...
[04/13/25 07:09:38.901] [T9424] [info] CSXSEventQueueManager::RemoveEventQueueByChannel: remove queue 1010.1744524276 (CCH_UPI) for channel 14...
[04/13/25 13:48:06.787] [T7264] [info] AdobeIPCBroker version: 7.2.1
[04/13/25 13:48:06.805] [T7308] [info] CSXSEventQueueManager::CreateEventQueueIfNotExist: create queue 785.1744548486 (CCXP)...
[04/13/25 13:48:07.844] [T7658] [info] CSXSEventQueueManager::CreateEventQueueIfNotExist: create queue 723.1744548487 (ACCC)...
[04/13/25 13:48:08.557] [T7859] [info] CSXSEventQueueManager::CreateEventQueueIfNotExist: create queue 863.1744548488 (ACHP)...
[04/13/25 13:48:08.582] [T7870] [info] CSXSEventQueueManager::CreateEventQueueIfNotExist: create queue 855.1744548488 (ADCS)...
[04/13/25 13:48:15.313] [T8984] [info] CSXSEventQueueManager::CreateEventQueueIfNotExist: create queue 943.1744548495 (COSY)...
[04/13/25 13:48:15.657] [T9057] [info] CSXSEventQueueManager::CreateEventQueueIfNotExist: create queue 951.1744548495 (COSY)...
[04/13/25 13:48:18.431] [T9391] [info] CSXSEventQueueManager::CreateEventQueueIfNotExist: create queue 982.1744548498 (CCH_UPI)...
[04/13/25 13:53:21.674] [T9408] [info] CSXSEventQueueManager::RemoveEventQueueByChannel: remove queue 982.1744548498 (CCH_UPI) for channel 23...
[04/14/25 01:10:59.329] [T7308] [info] CSXSEventQueueManager::RemoveEventQueueByChannel: remove queue 785.1744548486 (CCXP) for channel 10...
[04/14/25 01:12:07.637] [T585908] [info] CSXSEventQueueManager::CreateEventQueueIfNotExist: create queue 7298.1744589527 (CCXP)...
[04/14/25 01:43:10.355] [T585913] [info] CSXSEventQueueManager::RemoveEventQueueByChannel: remove queue 7298.1744589527 (CCXP) for channel 11...
[04/14/25 01:44:13.709] [T616442] [info] CSXSEventQueueManager::CreateEventQueueIfNotExist: create queue 7553.1744591453 (CCXP)...
[04/14/25 02:45:16.537] [T616442] [info] CSXSEventQueueManager::RemoveEventQueueByChannel: remove queue 7553.1744591453 (CCXP) for channel 10...
[04/14/25 02:46:24.990] [T661982] [info] CSXSEventQueueManager::CreateEventQueueIfNotExist: create queue 8134.1744595184 (CCXP)...
[04/14/25 03:17:25.972] [T661982] [info] CSXSEventQueueManager::RemoveEventQueueByChannel: remove queue 8134.1744595184 (CCXP) for channel 10...
[04/14/25 03:18:29.823] [T702387] [info] CSXSEventQueueManager::CreateEventQueueIfNotExist: create queue 8706.1744597109 (CCXP)...
[04/14/25 13:45:22.141] [T1339658] [info] CSXSEventQueueManager::CreateEventQueueIfNotExist: create queue 15879.1744634722 (CCH_UPI)...
[04/14/25 13:50:22.785] [T1339672] [info] CSXSEventQueueManager::RemoveEventQueueByChannel: remove queue 15879.1744634722 (CCH_UPI) for channel 23...
[04/14/25 16:52:18.540] [T6873] [info] AdobeIPCBroker version: 7.2.1
[04/14/25 16:52:18.591] [T6966] [info] CSXSEventQueueManager::CreateEventQueueIfNotExist: create queue 791.1744645938 (CCXP)...
[04/14/25 16:52:19.505] [T7144] [info] CSXSEventQueueManager::CreateEventQueueIfNotExist: create queue 768.1744645939 (ACCC)...
[04/14/25 16:52:20.119] [T7377] [info] CSXSEventQueueManager::CreateEventQueueIfNotExist: create queue 851.1744645940 (ACHP)...
[04/14/25 16:52:20.140] [T7406] [info] CSXSEventQueueManager::CreateEventQueueIfNotExist: create queue 843.1744645940 (ADCS)...
[04/14/25 16:52:23.733] [T8159] [info] CSXSEventQueueManager::CreateEventQueueIfNotExist: create queue 905.1744645943 (COSY)...
[04/14/25 16:52:24.590] [T8283] [info] CSXSEventQueueManager::CreateEventQueueIfNotExist: create queue 916.1744645944 (COSY)...
[04/14/25 16:52:28.079] [T8928] [info] CSXSEventQueueManager::CreateEventQueueIfNotExist: create queue 964.1744645948 (CCH_UPI)...
[04/14/25 16:57:32.654] [T8944] [info] CSXSEventQueueManager::RemoveEventQueueByChannel: remove queue 964.1744645948 (CCH_UPI) for channel 15...
[04/14/25 18:04:15.067] [T6893] [info] AdobeIPCBroker version: 7.2.1
[04/14/25 18:04:15.082] [T6923] [info] CSXSEventQueueManager::CreateEventQueueIfNotExist: create queue 784.1744650254 (CCXP)...
[04/14/25 18:04:16.333] [T7367] [info] CSXSEventQueueManager::CreateEventQueueIfNotExist: create queue 716.1744650256 (ACCC)...
[04/14/25 18:04:17.492] [T7625] [info] CSXSEventQueueManager::CreateEventQueueIfNotExist: create queue 855.1744650257 (ADCS)...
[04/14/25 18:04:17.510] [T7629] [info] CSXSEventQueueManager::CreateEventQueueIfNotExist: create queue 864.1744650257 (ACHP)...
[04/14/25 18:04:23.422] [T8398] [info] CSXSEventQueueManager::CreateEventQueueIfNotExist: create queue 932.1744650263 (COSY)...
[04/14/25 18:04:24.190] [T8525] [info] CSXSEventQueueManager::CreateEventQueueIfNotExist: create queue 948.1744650264 (COSY)...
[04/14/25 18:04:26.760] [T8854] [info] CSXSEventQueueManager::CreateEventQueueIfNotExist: create queue 980.1744650266 (CCH_UPI)...
[04/14/25 18:09:28.750] [T8854] [info] CSXSEventQueueManager::RemoveEventQueueByChannel: remove queue 980.1744650266 (CCH_UPI) for channel 23...
[04/14/25 18:45:18.819] [T6743] [info] AdobeIPCBroker version: 7.2.1
[04/14/25 18:45:18.863] [T6766] [info] CSXSEventQueueManager::CreateEventQueueIfNotExist: create queue 784.1744652718 (CCXP)...
[04/14/25 18:45:20.416] [T7198] [info] CSXSEventQueueManager::CreateEventQueueIfNotExist: create queue 722.1744652720 (ACCC)...
[04/14/25 18:45:20.980] [T7368] [info] CSXSEventQueueManager::CreateEventQueueIfNotExist: create queue 842.1744652720 (ACHP)...
[04/14/25 18:45:21.041] [T7389] [info] CSXSEventQueueManager::CreateEventQueueIfNotExist: create queue 837.1744652721 (ADCS)...
[04/14/25 18:45:26.617] [T8382] [info] CSXSEventQueueManager::CreateEventQueueIfNotExist: create queue 931.1744652726 (COSY)...
[04/14/25 18:45:28.863] [T8723] [info] CSXSEventQueueManager::CreateEventQueueIfNotExist: create queue 955.1744652728 (COSY)...
[04/14/25 18:45:31.498] [T9081] [info] CSXSEventQueueManager::CreateEventQueueIfNotExist: create queue 984.1744652731 (CCH_UPI)...
[04/14/25 18:50:33.654] [T9081] [info] CSXSEventQueueManager::RemoveEventQueueByChannel: remove queue 984.1744652731 (CCH_UPI) for channel 14...
[04/15/25 01:16:19.539] [T6766] [info] CSXSEventQueueManager::RemoveEventQueueByChannel: remove queue 784.1744652718 (CCXP) for channel 2...
[04/15/25 01:17:30.703] [T192104] [info] CSXSEventQueueManager::CreateEventQueueIfNotExist: create queue 2982.1744676250 (CCXP)...
[04/15/25 01:48:32.416] [T192105] [info] CSXSEventQueueManager::RemoveEventQueueByChannel: remove queue 2982.1744676250 (CCXP) for channel 3...
[04/15/25 01:49:46.501] [T209452] [info] CSXSEventQueueManager::CreateEventQueueIfNotExist: create queue 3440.1744678186 (CCXP)...
[04/15/25 02:50:48.350] [T209453] [info] CSXSEventQueueManager::RemoveEventQueueByChannel: remove queue 3440.1744678186 (CCXP) for channel 3...
[04/15/25 02:51:59.556] [T242778] [info] CSXSEventQueueManager::CreateEventQueueIfNotExist: create queue 4142.1744681919 (CCXP)...
[04/15/25 03:23:01.834] [T242778] [info] CSXSEventQueueManager::RemoveEventQueueByChannel: remove queue 4142.1744681919 (CCXP) for channel 2...
[04/15/25 03:24:14.780] [T259715] [info] CSXSEventQueueManager::CreateEventQueueIfNotExist: create queue 4466.1744683854 (CCXP)...
[04/15/25 18:19:00.197] [T8350] [info] AdobeIPCBroker version: 7.2.1
[04/15/25 18:19:00.198] [T8359] [info] CSXSEventQueueManager::CreateEventQueueIfNotExist: create queue 803.1744737540 (CCXP)...
[04/15/25 18:19:01.599] [T8619] [info] CSXSEventQueueManager::CreateEventQueueIfNotExist: create queue 756.1744737541 (ACCC)...
[04/15/25 18:19:02.785] [T9061] [info] CSXSEventQueueManager::CreateEventQueueIfNotExist: create queue 868.1744737542 (ACHP)...
[04/15/25 18:19:02.814] [T9073] [info] CSXSEventQueueManager::CreateEventQueueIfNotExist: create queue 863.1744737542 (ADCS)...
[04/15/25 18:19:06.044] [T9596] [info] CSXSEventQueueManager::CreateEventQueueIfNotExist: create queue 911.1744737546 (COSY)...
[04/15/25 18:19:06.864] [T9811] [info] CSXSEventQueueManager::CreateEventQueueIfNotExist: create queue 933.1744737546 (COSY)...
[04/15/25 18:19:09.178] [T10158] [info] CSXSEventQueueManager::CreateEventQueueIfNotExist: create queue 961.1744737549 (CCH_UPI)...
[04/15/25 18:19:16.088] [T8359] [info] CSXSEventQueueManager::RemoveEventQueueByChannel: remove queue 803.1744737540 (CCXP) for channel 2...
[04/15/25 18:19:46.468] [T12897] [info] CSXSEventQueueManager::CreateEventQueueIfNotExist: create queue 1194.1744737586 (CCXP)...
[04/15/25 18:24:18.810] [T10185] [info] CSXSEventQueueManager::RemoveEventQueueByChannel: remove queue 961.1744737549 (CCH_UPI) for channel 15...
[04/16/25 01:34:33.283] [T12897] [info] CSXSEventQueueManager::RemoveEventQueueByChannel: remove queue 1194.1744737586 (CCXP) for channel 2...
[04/16/25 01:35:35.844] [T265249] [info] CSXSEventQueueManager::CreateEventQueueIfNotExist: create queue 7029.1744763735 (CCXP)...
[04/16/25 02:36:36.998] [T265250] [info] CSXSEventQueueManager::RemoveEventQueueByChannel: remove queue 7029.1744763735 (CCXP) for channel 3...
[04/16/25 02:37:42.332] [T311074] [info] CSXSEventQueueManager::CreateEventQueueIfNotExist: create queue 8028.1744767462 (CCXP)...
[04/16/25 03:08:44.526] [T311075] [info] CSXSEventQueueManager::RemoveEventQueueByChannel: remove queue 8028.1744767462 (CCXP) for channel 3...
[04/16/25 03:09:50.809] [T330238] [info] CSXSEventQueueManager::CreateEventQueueIfNotExist: create queue 8368.1744769390 (CCXP)...
[04/16/25 03:40:53.273] [T330238] [info] CSXSEventQueueManager::RemoveEventQueueByChannel: remove queue 8368.1744769390 (CCXP) for channel 2...
[04/16/25 03:41:54.885] [T349493] [info] CSXSEventQueueManager::CreateEventQueueIfNotExist: create queue 8593.1744771314 (CCXP)...
[04/16/25 08:38:43.963] [T8823] [info] AdobeIPCBroker version: 7.2.1
[04/16/25 08:38:44.003] [T8852] [info] CSXSEventQueueManager::CreateEventQueueIfNotExist: create queue 830.1744789123 (CCXP)...
[04/16/25 08:38:44.142] [T8887] [info] CSXSEventQueueManager::CreateEventQueueIfNotExist: create queue 814.1744789124 (ACCC)...
[04/16/25 08:38:46.393] [T9516] [info] CSXSEventQueueManager::CreateEventQueueIfNotExist: create queue 901.1744789126 (ACHP)...
[04/16/25 08:38:46.580] [T9612] [info] CSXSEventQueueManager::CreateEventQueueIfNotExist: create queue 898.1744789126 (ADCS)...
[04/16/25 08:38:50.939] [T10059] [info] CSXSEventQueueManager::CreateEventQueueIfNotExist: create queue 941.1744789130 (COSY)...
[04/16/25 08:38:52.857] [T10242] [info] CSXSEventQueueManager::CreateEventQueueIfNotExist: create queue 954.1744789132 (COSY)...
[04/16/25 08:38:53.837] [T10453] [info] CSXSEventQueueManager::CreateEventQueueIfNotExist: create queue 974.1744789133 (CCH_UPI)...
[04/16/25 08:43:56.611] [T10453] [info] CSXSEventQueueManager::RemoveEventQueueByChannel: remove queue 974.1744789133 (CCH_UPI) for channel 23...
[04/16/25 17:49:19.906] [T7417] [info] AdobeIPCBroker version: 7.2.1
[04/16/25 17:49:19.922] [T7467] [info] CSXSEventQueueManager::CreateEventQueueIfNotExist: create queue 805.1744822159 (CCXP)...
[04/16/25 17:49:20.437] [T7557] [info] CSXSEventQueueManager::CreateEventQueueIfNotExist: create queue 744.1744822160 (ACCC)...
[04/16/25 17:49:23.258] [T7907] [info] CSXSEventQueueManager::CreateEventQueueIfNotExist: create queue 881.1744822163 (ACHP)...
[04/16/25 17:49:23.312] [T7943] [info] CSXSEventQueueManager::CreateEventQueueIfNotExist: create queue 876.1744822163 (ADCS)...
[04/16/25 17:49:26.431] [T8298] [info] CSXSEventQueueManager::CreateEventQueueIfNotExist: create queue 906.1744822166 (COSY)...
[04/16/25 17:49:28.267] [T8585] [info] CSXSEventQueueManager::CreateEventQueueIfNotExist: create queue 929.1744822168 (COSY)...
[04/16/25 17:49:29.346] [T8794] [info] CSXSEventQueueManager::CreateEventQueueIfNotExist: create queue 967.1744822169 (CCH_UPI)...
[04/16/25 17:54:31.670] [T8794] [info] CSXSEventQueueManager::RemoveEventQueueByChannel: remove queue 967.1744822169 (CCH_UPI) for channel 14...
[04/17/25 01:20:21.088] [T7472] [info] CSXSEventQueueManager::RemoveEventQueueByChannel: remove queue 805.1744822159 (CCXP) for channel 3...
[04/17/25 01:21:27.525] [T366192] [info] CSXSEventQueueManager::CreateEventQueueIfNotExist: create queue 6684.1744849287 (CCXP)...
[04/17/25 01:52:28.330] [T366192] [info] CSXSEventQueueManager::RemoveEventQueueByChannel: remove queue 6684.1744849287 (CCXP) for channel 2...
[04/17/25 01:53:36.664] [T391132] [info] CSXSEventQueueManager::CreateEventQueueIfNotExist: create queue 7231.1744851216 (CCXP)...
[04/17/25 02:54:38.286] [T391132] [info] CSXSEventQueueManager::RemoveEventQueueByChannel: remove queue 7231.1744851216 (CCXP) for channel 2...
[04/17/25 02:55:49.375] [T424349] [info] CSXSEventQueueManager::CreateEventQueueIfNotExist: create queue 7690.1744854949 (CCXP)...
[04/17/25 03:26:52.016] [T424350] [info] CSXSEventQueueManager::RemoveEventQueueByChannel: remove queue 7690.1744854949 (CCXP) for channel 3...
[04/17/25 03:27:55.701] [T447628] [info] CSXSEventQueueManager::CreateEventQueueIfNotExist: create queue 8054.1744856875 (CCXP)...
[04/17/25 12:28:48.818] [T7533] [info] AdobeIPCBroker version: 7.2.1
[04/17/25 12:28:48.872] [T7556] [info] CSXSEventQueueManager::CreateEventQueueIfNotExist: create queue 808.1744889328 (CCXP)...
[04/17/25 12:28:49.960] [T7766] [info] CSXSEventQueueManager::CreateEventQueueIfNotExist: create queue 759.1744889329 (ACCC)...
[04/17/25 12:28:50.504] [T7929] [info] CSXSEventQueueManager::CreateEventQueueIfNotExist: create queue 858.1744889330 (ACHP)...
[04/17/25 12:28:50.514] [T7932] [info] CSXSEventQueueManager::CreateEventQueueIfNotExist: create queue 852.1744889330 (ADCS)...
[04/17/25 12:28:58.047] [T8684] [info] CSXSEventQueueManager::CreateEventQueueIfNotExist: create queue 925.1744889338 (COSY)...
[04/17/25 12:28:58.714] [T8879] [info] CSXSEventQueueManager::CreateEventQueueIfNotExist: create queue 942.1744889338 (COSY)...
[04/17/25 12:29:00.911] [T9588] [info] CSXSEventQueueManager::CreateEventQueueIfNotExist: create queue 996.1744889340 (CCH_UPI)...
[04/17/25 12:34:05.964] [T9588] [info] CSXSEventQueueManager::RemoveEventQueueByChannel: remove queue 996.1744889340 (CCH_UPI) for channel 14...
[04/18/25 01:27:53.273] [T7556] [info] CSXSEventQueueManager::RemoveEventQueueByChannel: remove queue 808.1744889328 (CCXP) for channel 2...
[04/18/25 01:29:03.124] [T456508] [info] CSXSEventQueueManager::CreateEventQueueIfNotExist: create queue 7797.1744936143 (CCXP)...
[04/18/25 02:00:05.687] [T456509] [info] CSXSEventQueueManager::RemoveEventQueueByChannel: remove queue 7797.1744936143 (CCXP) for channel 3...
[04/18/25 02:01:09.015] [T472786] [info] CSXSEventQueueManager::CreateEventQueueIfNotExist: create queue 8129.1744938069 (CCXP)...
[04/18/25 03:02:14.264] [T472786] [info] CSXSEventQueueManager::RemoveEventQueueByChannel: remove queue 8129.1744938069 (CCXP) for channel 2...
[04/18/25 03:03:20.849] [T504249] [info] CSXSEventQueueManager::CreateEventQueueIfNotExist: create queue 8667.1744941800 (CCXP)...
[04/18/25 03:34:24.317] [T504250] [info] CSXSEventQueueManager::RemoveEventQueueByChannel: remove queue 8667.1744941800 (CCXP) for channel 3...
[04/18/25 03:35:27.427] [T522969] [info] CSXSEventQueueManager::CreateEventQueueIfNotExist: create queue 9047.1744943727 (CCXP)...
[04/18/25 12:26:07.610] [T891288] [info] CSXSEventQueueManager::CreateEventQueueIfNotExist: create queue 16527.1744975567 (CCH_UPI)...
[04/18/25 12:31:10.787] [T891288] [info] CSXSEventQueueManager::RemoveEventQueueByChannel: remove queue 16527.1744975567 (CCH_UPI) for channel 14...
[04/18/25 20:05:07.319] [T10971] [info] AdobeIPCBroker version: 7.2.1
[04/18/25 20:05:07.358] [T10985] [info] CSXSEventQueueManager::CreateEventQueueIfNotExist: create queue 821.1745003107 (CCXP)...
[04/18/25 20:05:08.026] [T11134] [info] CSXSEventQueueManager::CreateEventQueueIfNotExist: create queue 764.1745003108 (ACCC)...
[04/18/25 20:05:09.057] [T11328] [info] CSXSEventQueueManager::CreateEventQueueIfNotExist: create queue 863.1745003109 (ACHP)...
[04/18/25 20:05:09.080] [T11338] [info] CSXSEventQueueManager::CreateEventQueueIfNotExist: create queue 860.1745003109 (ADCS)...
[04/18/25 20:05:12.671] [T11961] [info] CSXSEventQueueManager::CreateEventQueueIfNotExist: create queue 913.1745003112 (COSY)...
[04/18/25 20:05:13.036] [T12040] [info] CSXSEventQueueManager::CreateEventQueueIfNotExist: create queue 942.1745003113 (COSY)...
[04/18/25 20:05:15.412] [T12399] [info] CSXSEventQueueManager::CreateEventQueueIfNotExist: create queue 971.1745003115 (CCH_UPI)...
[04/18/25 20:10:17.701] [T12416] [info] CSXSEventQueueManager::RemoveEventQueueByChannel: remove queue 971.1745003115 (CCH_UPI) for channel 15...
[04/19/25 01:36:08.507] [T11006] [info] CSXSEventQueueManager::RemoveEventQueueByChannel: remove queue 821.1745003107 (CCXP) for channel 3...
[04/19/25 01:37:17.185] [T218887] [info] CSXSEventQueueManager::CreateEventQueueIfNotExist: create queue 4253.1745023037 (CCXP)...
[04/19/25 02:38:17.608] [T218890] [info] CSXSEventQueueManager::RemoveEventQueueByChannel: remove queue 4253.1745023037 (CCXP) for channel 3...
[04/19/25 02:39:20.316] [T265391] [info] CSXSEventQueueManager::CreateEventQueueIfNotExist: create queue 4865.1745026760 (CCXP)...
[04/19/25 03:10:22.019] [T265392] [info] CSXSEventQueueManager::RemoveEventQueueByChannel: remove queue 4865.1745026760 (CCXP) for channel 3...
[04/19/25 03:11:36.360] [T289554] [info] CSXSEventQueueManager::CreateEventQueueIfNotExist: create queue 5259.1745028696 (CCXP)...
[04/19/25 03:42:37.480] [T289554] [info] CSXSEventQueueManager::RemoveEventQueueByChannel: remove queue 5259.1745028696 (CCXP) for channel 2...
[04/19/25 03:43:38.579] [T311096] [info] CSXSEventQueueManager::CreateEventQueueIfNotExist: create queue 5626.1745030618 (CCXP)...
[04/19/25 20:02:23.304] [T795610] [info] CSXSEventQueueManager::CreateEventQueueIfNotExist: create queue 12993.1745089343 (CCH_UPI)...
[04/19/25 20:07:25.085] [T795655] [info] CSXSEventQueueManager::RemoveEventQueueByChannel: remove queue 12993.1745089343 (CCH_UPI) for channel 15...
[04/20/25 01:31:50.560] [T311096] [info] CSXSEventQueueManager::RemoveEventQueueByChannel: remove queue 5626.1745030618 (CCXP) for channel 2...
[04/20/25 01:33:01.951] [T1018819] [info] CSXSEventQueueManager::CreateEventQueueIfNotExist: create queue 15690.1745109181 (CCXP)...
[04/20/25 02:34:03.568] [T1018819] [info] CSXSEventQueueManager::RemoveEventQueueByChannel: remove queue 15690.1745109181 (CCXP) for channel 2...
[04/20/25 02:35:09.682] [T1069351] [info] CSXSEventQueueManager::CreateEventQueueIfNotExist: create queue 16253.1745112909 (CCXP)...
[04/20/25 03:06:11.335] [T1069351] [info] CSXSEventQueueManager::RemoveEventQueueByChannel: remove queue 16253.1745112909 (CCXP) for channel 2...
[04/20/25 03:07:14.236] [T1094386] [info] CSXSEventQueueManager::CreateEventQueueIfNotExist: create queue 16691.1745114834 (CCXP)...
[04/20/25 03:44:40.412] [T1094391] [info] CSXSEventQueueManager::RemoveEventQueueByChannel: remove queue 16691.1745114834 (CCXP) for channel 3...
[04/20/25 03:52:50.698] [T1118138] [info] CSXSEventQueueManager::CreateEventQueueIfNotExist: create queue 17235.1745117570 (CCXP)...
[04/20/25 19:59:24.090] [T1749765] [info] CSXSEventQueueManager::CreateEventQueueIfNotExist: create queue 27170.1745175564 (CCH_UPI)...
[04/20/25 20:04:25.382] [T1749765] [info] CSXSEventQueueManager::RemoveEventQueueByChannel: remove queue 27170.1745175564 (CCH_UPI) for channel 14...
[04/21/25 01:08:08.306] [T1118143] [info] CSXSEventQueueManager::RemoveEventQueueByChannel: remove queue 17235.1745117570 (CCXP) for channel 3...
[04/21/25 01:09:09.672] [T1950946] [info] CSXSEventQueueManager::CreateEventQueueIfNotExist: create queue 29739.1745194149 (CCXP)...
[04/21/25 01:40:10.186] [T1950953] [info] CSXSEventQueueManager::RemoveEventQueueByChannel: remove queue 29739.1745194149 (CCXP) for channel 3...
[04/21/25 01:41:14.184] [T1972869] [info] CSXSEventQueueManager::CreateEventQueueIfNotExist: create queue 29962.1745196074 (CCXP)...
[04/21/25 02:42:18.008] [T1972877] [info] CSXSEventQueueManager::RemoveEventQueueByChannel: remove queue 29962.1745196074 (CCXP) for channel 3...
[04/21/25 02:43:20.262] [T2019162] [info] CSXSEventQueueManager::CreateEventQueueIfNotExist: create queue 30483.1745199800 (CCXP)...
[04/21/25 03:14:22.657] [T2019162] [info] CSXSEventQueueManager::RemoveEventQueueByChannel: remove queue 30483.1745199800 (CCXP) for channel 2...
[04/21/25 03:15:24.828] [T2041745] [info] CSXSEventQueueManager::CreateEventQueueIfNotExist: create queue 30740.1745201724 (CCXP)...
[04/21/25 09:48:18.372] [T6884] [info] AdobeIPCBroker version: 7.2.1
[04/21/25 09:48:18.423] [T6912] [info] CSXSEventQueueManager::CreateEventQueueIfNotExist: create queue 797.1745225298 (CCXP)...
[04/21/25 09:48:19.119] [T7104] [info] CSXSEventQueueManager::CreateEventQueueIfNotExist: create queue 744.1745225299 (ACCC)...
[04/21/25 09:48:21.024] [T7605] [info] CSXSEventQueueManager::CreateEventQueueIfNotExist: create queue 870.1745225301 (ACHP)...
[04/21/25 09:48:21.047] [T7622] [info] CSXSEventQueueManager::CreateEventQueueIfNotExist: create queue 866.1745225301 (ADCS)...
[04/21/25 09:48:28.954] [T8497] [info] CSXSEventQueueManager::CreateEventQueueIfNotExist: create queue 946.1745225308 (COSY)...
[04/21/25 09:48:29.684] [T8605] [info] CSXSEventQueueManager::CreateEventQueueIfNotExist: create queue 961.1745225309 (COSY)...
[04/21/25 09:48:32.576] [T8996] [info] CSXSEventQueueManager::CreateEventQueueIfNotExist: create queue 990.1745225312 (CCH_UPI)...
[04/21/25 09:53:34.650] [T8996] [info] CSXSEventQueueManager::RemoveEventQueueByChannel: remove queue 990.1745225312 (CCH_UPI) for channel 14...
[04/21/25 18:03:18.505] [T7196] [info] AdobeIPCBroker version: 7.2.1
[04/21/25 18:03:18.539] [T7230] [info] CSXSEventQueueManager::CreateEventQueueIfNotExist: create queue 809.1745254998 (CCXP)...
[04/21/25 18:03:19.079] [T7375] [info] CSXSEventQueueManager::CreateEventQueueIfNotExist: create queue 732.1745254999 (ACCC)...
[04/21/25 18:03:19.915] [T7556] [info] CSXSEventQueueManager::CreateEventQueueIfNotExist: create queue 851.1745254999 (ACHP)...
[04/21/25 18:03:19.917] [T7558] [info] CSXSEventQueueManager::CreateEventQueueIfNotExist: create queue 846.1745254999 (ADCS)...
[04/21/25 18:03:25.280] [T8319] [info] CSXSEventQueueManager::CreateEventQueueIfNotExist: create queue 923.1745255005 (COSY)...
[04/21/25 18:03:26.093] [T8464] [info] CSXSEventQueueManager::CreateEventQueueIfNotExist: create queue 940.1745255006 (COSY)...
[04/21/25 18:03:28.283] [T8746] [info] CSXSEventQueueManager::CreateEventQueueIfNotExist: create queue 963.1745255008 (CCH_UPI)...
[04/21/25 18:08:30.189] [T8763] [info] CSXSEventQueueManager::RemoveEventQueueByChannel: remove queue 963.1745255008 (CCH_UPI) for channel 15...
[04/22/25 01:34:19.835] [T7230] [info] CSXSEventQueueManager::RemoveEventQueueByChannel: remove queue 809.1745254998 (CCXP) for channel 2...
[04/22/25 01:35:21.820] [T377759] [info] CSXSEventQueueManager::CreateEventQueueIfNotExist: create queue 7012.1745282121 (CCXP)...
[04/22/25 02:36:23.118] [T377762] [info] CSXSEventQueueManager::RemoveEventQueueByChannel: remove queue 7012.1745282121 (CCXP) for channel 3...
[04/22/25 02:37:24.555] [T419060] [info] CSXSEventQueueManager::CreateEventQueueIfNotExist: create queue 7668.1745285844 (CCXP)...
[04/22/25 02:39:09.409] [T7176] [info] AdobeIPCBroker version: 7.2.1
[04/22/25 02:39:09.440] [T7198] [info] CSXSEventQueueManager::CreateEventQueueIfNotExist: create queue 822.1745285949 (CCXP)...
[04/22/25 02:39:09.902] [T7309] [info] CSXSEventQueueManager::CreateEventQueueIfNotExist: create queue 776.1745285949 (ACCC)...
[04/22/25 02:39:10.527] [T7496] [info] CSXSEventQueueManager::CreateEventQueueIfNotExist: create queue 849.1745285950 (ADCS)...
[04/22/25 02:39:10.555] [T7509] [info] CSXSEventQueueManager::CreateEventQueueIfNotExist: create queue 854.1745285950 (ACHP)...
[04/22/25 02:39:14.819] [T8034] [info] CSXSEventQueueManager::CreateEventQueueIfNotExist: create queue 899.1745285954 (COSY)...
[04/22/25 02:39:15.546] [T8211] [info] CSXSEventQueueManager::CreateEventQueueIfNotExist: create queue 910.1745285955 (COSY)...
[04/22/25 02:39:17.902] [T8560] [info] CSXSEventQueueManager::CreateEventQueueIfNotExist: create queue 951.1745285957 (CCH_UPI)...
[04/22/25 02:44:19.887] [T8602] [info] CSXSEventQueueManager::RemoveEventQueueByChannel: remove queue 951.1745285957 (CCH_UPI) for channel 25...
[04/22/25 03:10:09.989] [T7216] [info] CSXSEventQueueManager::RemoveEventQueueByChannel: remove queue 822.1745285949 (CCXP) for channel 8...
[04/22/25 03:11:10.902] [T29046] [info] CSXSEventQueueManager::CreateEventQueueIfNotExist: create queue 1251.1745287870 (CCXP)...
[04/22/25 09:01:36.167] [T7025] [info] AdobeIPCBroker version: 7.2.1
[04/22/25 09:01:36.186] [T7072] [info] CSXSEventQueueManager::CreateEventQueueIfNotExist: create queue 787.1745308896 (CCXP)...
[04/22/25 09:01:37.189] [T7316] [info] CSXSEventQueueManager::CreateEventQueueIfNotExist: create queue 736.1745308897 (ACCC)...
[04/22/25 09:01:38.540] [T7649] [info] CSXSEventQueueManager::CreateEventQueueIfNotExist: create queue 871.1745308898 (ACHP)...
[04/22/25 09:01:38.801] [T7707] [info] CSXSEventQueueManager::CreateEventQueueIfNotExist: create queue 856.1745308898 (ADCS)...
[04/22/25 09:01:45.596] [T8363] [info] CSXSEventQueueManager::CreateEventQueueIfNotExist: create queue 918.1745308905 (COSY)...
[04/22/25 09:01:46.491] [T8506] [info] CSXSEventQueueManager::CreateEventQueueIfNotExist: create queue 938.1745308906 (COSY)...
[04/22/25 09:01:49.856] [T8933] [info] CSXSEventQueueManager::CreateEventQueueIfNotExist: create queue 967.1745308909 (CCH_UPI)...
[04/22/25 09:06:53.790] [T8933] [info] CSXSEventQueueManager::RemoveEventQueueByChannel: remove queue 967.1745308909 (CCH_UPI) for channel 23...
[04/23/25 01:16:14.391] [T7105] [info] CSXSEventQueueManager::RemoveEventQueueByChannel: remove queue 787.1745308896 (CCXP) for channel 7...
[04/23/25 01:17:21.141] [T660522] [info] CSXSEventQueueManager::CreateEventQueueIfNotExist: create queue 10505.1745367441 (CCXP)...
[04/23/25 01:48:25.375] [T660522] [info] CSXSEventQueueManager::RemoveEventQueueByChannel: remove queue 10505.1745367441 (CCXP) for channel 6...
[04/23/25 01:49:31.566] [T731020] [info] CSXSEventQueueManager::CreateEventQueueIfNotExist: create queue 11011.1745369371 (CCXP)...
[04/23/25 02:50:34.314] [T731025] [info] CSXSEventQueueManager::RemoveEventQueueByChannel: remove queue 11011.1745369371 (CCXP) for channel 7...
[04/23/25 02:51:42.991] [T780997] [info] CSXSEventQueueManager::CreateEventQueueIfNotExist: create queue 11989.1745373102 (CCXP)...
[04/23/25 03:22:43.945] [T780998] [info] CSXSEventQueueManager::RemoveEventQueueByChannel: remove queue 11989.1745373102 (CCXP) for channel 7...
[04/23/25 03:23:45.234] [T814245] [info] CSXSEventQueueManager::CreateEventQueueIfNotExist: create queue 12598.1745375025 (CCXP)...
[04/23/25 03:56:48.960] [T8506] [info] CSXSEventQueueManager::RemoveEventQueueByChannel: remove queue 938.1745308906 (COSY) for channel 21...
[04/23/25 04:00:05.201] [T868187] [info] CSXSEventQueueManager::CreateEventQueueIfNotExist: create queue 13830.1745377205 (COSY)...
[04/23/25 04:01:55.176] [T868187] [info] CSXSEventQueueManager::RemoveEventQueueByChannel: remove queue 13830.1745377205 (COSY) for channel 18...
[04/23/25 04:02:00.790] [T874560] [info] CSXSEventQueueManager::CreateEventQueueIfNotExist: create queue 13982.1745377320 (COSY)...
[04/23/25 05:30:36.085] [T7027] [info] AdobeIPCBroker version: 7.2.1
[04/23/25 05:30:36.127] [T7056] [info] CSXSEventQueueManager::CreateEventQueueIfNotExist: create queue 800.1745382636 (CCXP)...
[04/23/25 05:30:37.082] [T7340] [info] CSXSEventQueueManager::CreateEventQueueIfNotExist: create queue 737.1745382637 (ACCC)...
[04/23/25 05:30:37.668] [T7459] [info] CSXSEventQueueManager::CreateEventQueueIfNotExist: create queue 852.1745382637 (ACHP)...
[04/23/25 05:30:37.758] [T7512] [info] CSXSEventQueueManager::CreateEventQueueIfNotExist: create queue 849.1745382637 (ADCS)...
[04/23/25 05:30:45.234] [T8347] [info] CSXSEventQueueManager::CreateEventQueueIfNotExist: create queue 927.1745382645 (COSY)...
[04/23/25 05:30:46.221] [T8533] [info] CSXSEventQueueManager::CreateEventQueueIfNotExist: create queue 944.1745382646 (COSY)...
[04/23/25 05:30:48.693] [T8900] [info] CSXSEventQueueManager::CreateEventQueueIfNotExist: create queue 983.1745382648 (CCH_UPI)...
[04/23/25 05:35:51.293] [T8900] [info] CSXSEventQueueManager::RemoveEventQueueByChannel: remove queue 983.1745382648 (CCH_UPI) for channel 23...
[04/23/25 17:47:29.871] [T10388] [info] AdobeIPCBroker version: 7.2.1
[04/23/25 17:47:29.918] [T10415] [info] CSXSEventQueueManager::CreateEventQueueIfNotExist: create queue 963.1745426849 (CCXP)...
[04/23/25 17:47:31.790] [T10815] [info] CSXSEventQueueManager::CreateEventQueueIfNotExist: create queue 946.1745426851 (ACCC)...
[04/23/25 17:47:34.246] [T11032] [info] CSXSEventQueueManager::CreateEventQueueIfNotExist: create queue 1029.1745426854 (ACHP)...
[04/23/25 17:47:34.334] [T11080] [info] CSXSEventQueueManager::CreateEventQueueIfNotExist: create queue 1025.1745426854 (ADCS)...
[04/23/25 17:47:35.584] [T11293] [info] CSXSEventQueueManager::CreateEventQueueIfNotExist: create queue 1040.1745426855 (COSY)...
[04/23/25 17:47:37.236] [T11507] [info] CSXSEventQueueManager::CreateEventQueueIfNotExist: create queue 1050.1745426857 (COSY)...
[04/23/25 17:47:40.617] [T12153] [info] CSXSEventQueueManager::CreateEventQueueIfNotExist: create queue 1059.1745426860 (CCH_UPI)...
[04/23/25 17:52:44.737] [T12153] [info] CSXSEventQueueManager::RemoveEventQueueByChannel: remove queue 1059.1745426860 (CCH_UPI) for channel 14...
[04/24/25 01:18:31.494] [T10415] [info] CSXSEventQueueManager::RemoveEventQueueByChannel: remove queue 963.1745426849 (CCXP) for channel 2...
[04/24/25 01:19:32.878] [T343147] [info] CSXSEventQueueManager::CreateEventQueueIfNotExist: create queue 6328.1745453972 (CCXP)...
[04/24/25 01:50:35.311] [T343147] [info] CSXSEventQueueManager::RemoveEventQueueByChannel: remove queue 6328.1745453972 (CCXP) for channel 2...
[04/24/25 01:51:36.931] [T370586] [info] CSXSEventQueueManager::CreateEventQueueIfNotExist: create queue 6695.1745455896 (CCXP)...
[04/24/25 02:52:37.356] [T370586] [info] CSXSEventQueueManager::RemoveEventQueueByChannel: remove queue 6695.1745455896 (CCXP) for channel 2...
[04/24/25 02:53:43.559] [T416228] [info] CSXSEventQueueManager::CreateEventQueueIfNotExist: create queue 7268.1745459623 (CCXP)...
[04/24/25 03:24:44.597] [T416238] [info] CSXSEventQueueManager::RemoveEventQueueByChannel: remove queue 7268.1745459623 (CCXP) for channel 3...
[04/24/25 03:25:48.321] [T450429] [info] CSXSEventQueueManager::CreateEventQueueIfNotExist: create queue 8138.1745461548 (CCXP)...
[04/24/25 07:06:53.691] [T11507] [info] CSXSEventQueueManager::RemoveEventQueueByChannel: remove queue 1050.1745426857 (COSY) for channel 12...
[04/24/25 07:10:30.521] [T11672] [info] AdobeIPCBroker version: 7.2.1
[04/24/25 07:10:30.557] [T11702] [info] CSXSEventQueueManager::CreateEventQueueIfNotExist: create queue 1012.1745475030 (CCXP)...
[04/24/25 07:10:30.854] [T11777] [info] CSXSEventQueueManager::CreateEventQueueIfNotExist: create queue 989.1745475030 (ACCC)...
[04/24/25 07:10:34.497] [T12354] [info] CSXSEventQueueManager::CreateEventQueueIfNotExist: create queue 1061.1745475034 (ACHP)...
[04/24/25 07:10:34.583] [T12374] [info] CSXSEventQueueManager::CreateEventQueueIfNotExist: create queue 1056.1745475034 (ADCS)...
[04/24/25 07:10:35.671] [T12543] [info] CSXSEventQueueManager::CreateEventQueueIfNotExist: create queue 1074.1745475035 (COSY)...
[04/24/25 07:10:37.369] [T12780] [info] CSXSEventQueueManager::CreateEventQueueIfNotExist: create queue 1081.1745475037 (COSY)...
[04/24/25 07:10:43.597] [T13298] [info] CSXSEventQueueManager::CreateEventQueueIfNotExist: create queue 1098.1745475043 (CCH_UPI)...
[04/24/25 07:15:53.855] [T13322] [info] CSXSEventQueueManager::RemoveEventQueueByChannel: remove queue 1098.1745475043 (CCH_UPI) for channel 24...
[04/25/25 01:21:59.430] [T11702] [info] CSXSEventQueueManager::RemoveEventQueueByChannel: remove queue 1012.1745475030 (CCXP) for channel 6...
[04/25/25 01:23:14.482] [T710847] [info] CSXSEventQueueManager::CreateEventQueueIfNotExist: create queue 13777.1745540594 (CCXP)...
[04/25/25 01:54:16.712] [T710847] [info] CSXSEventQueueManager::RemoveEventQueueByChannel: remove queue 13777.1745540594 (CCXP) for channel 6...
[04/25/25 01:55:20.627] [T744369] [info] CSXSEventQueueManager::CreateEventQueueIfNotExist: create queue 14810.1745542520 (CCXP)...
[04/25/25 02:56:24.565] [T744369] [info] CSXSEventQueueManager::RemoveEventQueueByChannel: remove queue 14810.1745542520 (CCXP) for channel 6...
[04/25/25 02:57:37.807] [T802214] [info] CSXSEventQueueManager::CreateEventQueueIfNotExist: create queue 15710.1745546257 (CCXP)...
[04/25/25 03:28:39.932] [T802216] [info] CSXSEventQueueManager::RemoveEventQueueByChannel: remove queue 15710.1745546257 (CCXP) for channel 7...
[04/25/25 03:29:51.410] [T825534] [info] CSXSEventQueueManager::CreateEventQueueIfNotExist: create queue 15902.1745548191 (CCXP)...
[04/25/25 07:07:44.975] [T1017339] [info] CSXSEventQueueManager::CreateEventQueueIfNotExist: create queue 19789.1745561264 (CCH_UPI)...
[04/25/25 07:12:46.966] [T1017339] [info] CSXSEventQueueManager::RemoveEventQueueByChannel: remove queue 19789.1745561264 (CCH_UPI) for channel 12...
[04/25/25 09:03:22.797] [T6843] [info] AdobeIPCBroker version: 7.2.1
[04/25/25 09:03:22.822] [T6925] [info] CSXSEventQueueManager::CreateEventQueueIfNotExist: create queue 806.1745568202 (CCXP)...
[04/25/25 09:03:23.443] [T7108] [info] CSXSEventQueueManager::CreateEventQueueIfNotExist: create queue 751.1745568203 (ACCC)...
[04/25/25 09:03:25.437] [T7699] [info] CSXSEventQueueManager::CreateEventQueueIfNotExist: create queue 874.1745568205 (ACHP)...
[04/25/25 09:03:25.451] [T7704] [info] CSXSEventQueueManager::CreateEventQueueIfNotExist: create queue 865.1745568205 (ADCS)...
[04/25/25 09:03:29.860] [T8163] [info] CSXSEventQueueManager::CreateEventQueueIfNotExist: create queue 910.1745568209 (COSY)...
[04/25/25 09:03:30.493] [T8310] [info] CSXSEventQueueManager::CreateEventQueueIfNotExist: create queue 927.1745568210 (COSY)...
[04/25/25 09:03:32.739] [T8683] [info] CSXSEventQueueManager::CreateEventQueueIfNotExist: create queue 960.1745568212 (CCH_UPI)...
[04/25/25 09:08:34.631] [T8710] [info] CSXSEventQueueManager::RemoveEventQueueByChannel: remove queue 960.1745568212 (CCH_UPI) for channel 15...
[04/25/25 17:38:26.391] [T6708] [info] AdobeIPCBroker version: 7.2.1
[04/25/25 17:38:26.440] [T6723] [info] CSXSEventQueueManager::CreateEventQueueIfNotExist: create queue 769.1745599106 (CCXP)...
[04/25/25 17:38:27.366] [T7034] [info] CSXSEventQueueManager::CreateEventQueueIfNotExist: create queue 722.1745599107 (ACCC)...
[04/25/25 17:38:28.455] [T7396] [info] CSXSEventQueueManager::CreateEventQueueIfNotExist: create queue 853.1745599108 (ACHP)...
[04/25/25 17:38:28.518] [T7442] [info] CSXSEventQueueManager::CreateEventQueueIfNotExist: create queue 848.1745599108 (ADCS)...
[04/25/25 17:38:40.537] [T9036] [info] CSXSEventQueueManager::CreateEventQueueIfNotExist: create queue 989.1745599120 (COSY)...
[04/25/25 17:38:41.545] [T9138] [info] CSXSEventQueueManager::CreateEventQueueIfNotExist: create queue 999.1745599121 (COSY)...
[04/25/25 17:38:44.302] [T9441] [info] CSXSEventQueueManager::CreateEventQueueIfNotExist: create queue 1017.1745599124 (CCH_UPI)...
[04/25/25 17:43:47.011] [T9441] [info] CSXSEventQueueManager::RemoveEventQueueByChannel: remove queue 1017.1745599124 (CCH_UPI) for channel 14...
[04/26/25 01:09:39.214] [T6735] [info] CSXSEventQueueManager::RemoveEventQueueByChannel: remove queue 769.1745599106 (CCXP) for channel 3...
[04/26/25 01:10:45.579] [T403661] [info] CSXSEventQueueManager::CreateEventQueueIfNotExist: create queue 7053.1745626245 (CCXP)...
[04/26/25 01:41:48.349] [T403664] [info] CSXSEventQueueManager::RemoveEventQueueByChannel: remove queue 7053.1745626245 (CCXP) for channel 3...
[04/26/25 01:42:50.802] [T439156] [info] CSXSEventQueueManager::CreateEventQueueIfNotExist: create queue 7561.1745628170 (CCXP)...
[04/26/25 02:43:53.894] [T439162] [info] CSXSEventQueueManager::RemoveEventQueueByChannel: remove queue 7561.1745628170 (CCXP) for channel 3...
[04/26/25 02:45:08.114] [T504117] [info] CSXSEventQueueManager::CreateEventQueueIfNotExist: create queue 8824.1745631908 (CCXP)...
[04/26/25 03:15:02.920] [T7158] [info] AdobeIPCBroker version: 7.2.1
[04/26/25 03:15:02.925] [T7200] [info] CSXSEventQueueManager::CreateEventQueueIfNotExist: create queue 786.1745633702 (CCXP)...
[04/26/25 03:15:04.065] [T7422] [info] CSXSEventQueueManager::CreateEventQueueIfNotExist: create queue 740.1745633704 (ACCC)...
[04/26/25 03:15:05.100] [T7603] [info] CSXSEventQueueManager::CreateEventQueueIfNotExist: create queue 863.1745633705 (ACHP)...
[04/26/25 03:15:05.111] [T7607] [info] CSXSEventQueueManager::CreateEventQueueIfNotExist: create queue 858.1745633705 (ADCS)...
[04/26/25 03:15:14.398] [T8912] [info] CSXSEventQueueManager::CreateEventQueueIfNotExist: create queue 964.1745633714 (COSY)...
[04/26/25 03:15:15.564] [T9195] [info] CSXSEventQueueManager::CreateEventQueueIfNotExist: create queue 993.1745633715 (COSY)...
[04/26/25 03:15:17.435] [T9533] [info] CSXSEventQueueManager::CreateEventQueueIfNotExist: create queue 1025.1745633717 (CCH_UPI)...
[04/26/25 03:20:19.711] [T9542] [info] CSXSEventQueueManager::RemoveEventQueueByChannel: remove queue 1025.1745633717 (CCH_UPI) for channel 15...
[04/27/25 01:33:46.186] [T7200] [info] CSXSEventQueueManager::RemoveEventQueueByChannel: remove queue 786.1745633702 (CCXP) for channel 2...
[04/27/25 01:34:57.729] [T1088213] [info] CSXSEventQueueManager::CreateEventQueueIfNotExist: create queue 17397.1745714097 (CCXP)...
[04/27/25 02:36:00.470] [T1088213] [info] CSXSEventQueueManager::RemoveEventQueueByChannel: remove queue 17397.1745714097 (CCXP) for channel 2...
[04/27/25 02:37:06.954] [T1145840] [info] CSXSEventQueueManager::CreateEventQueueIfNotExist: create queue 17898.1745717826 (CCXP)...
[04/27/25 03:08:09.323] [T1145840] [info] CSXSEventQueueManager::RemoveEventQueueByChannel: remove queue 17898.1745717826 (CCXP) for channel 2...
[04/27/25 03:09:12.507] [T1171336] [info] CSXSEventQueueManager::CreateEventQueueIfNotExist: create queue 18048.1745719752 (CCXP)...
[04/27/25 03:12:21.813] [T1174441] [info] CSXSEventQueueManager::CreateEventQueueIfNotExist: create queue 18089.1745719941 (CCH_UPI)...
[04/27/25 03:17:24.369] [T1174441] [info] CSXSEventQueueManager::RemoveEventQueueByChannel: remove queue 18089.1745719941 (CCH_UPI) for channel 14...
[04/27/25 03:40:13.549] [T1171336] [info] CSXSEventQueueManager::RemoveEventQueueByChannel: remove queue 18048.1745719752 (CCXP) for channel 2...
[04/27/25 03:41:19.597] [T1199321] [info] CSXSEventQueueManager::CreateEventQueueIfNotExist: create queue 18537.1745721679 (CCXP)...
[04/27/25 09:11:26.771] [T10957] [info] AdobeIPCBroker version: 7.2.1
[04/27/25 09:11:26.773] [T10970] [info] CSXSEventQueueManager::CreateEventQueueIfNotExist: create queue 1003.1745741486 (CCXP)...
[04/27/25 09:11:28.968] [T11311] [info] CSXSEventQueueManager::CreateEventQueueIfNotExist: create queue 989.1745741488 (ACCC)...
[04/27/25 09:11:43.067] [T12768] [info] CSXSEventQueueManager::CreateEventQueueIfNotExist: create queue 1047.1745741503 (ADCS)...
[04/27/25 09:11:44.328] [T12868] [info] CSXSEventQueueManager::CreateEventQueueIfNotExist: create queue 1059.1745741504 (ACHP)...
[04/27/25 09:11:45.261] [T12990] [info] CSXSEventQueueManager::CreateEventQueueIfNotExist: create queue 1073.1745741505 (COSY)...
[04/27/25 09:11:45.716] [T13044] [info] CSXSEventQueueManager::CreateEventQueueIfNotExist: create queue 1082.1745741505 (COSY)...
[04/27/25 09:11:48.144] [T13343] [info] CSXSEventQueueManager::CreateEventQueueIfNotExist: create queue 1094.1745741508 (CCH_UPI)...
[04/27/25 09:16:53.358] [T13366] [info] CSXSEventQueueManager::RemoveEventQueueByChannel: remove queue 1094.1745741508 (CCH_UPI) for channel 23...
[04/27/25 11:26:59.624] [T6952] [info] AdobeIPCBroker version: 7.2.1
[04/27/25 11:26:59.630] [T6962] [info] CSXSEventQueueManager::CreateEventQueueIfNotExist: create queue 802.1745749619 (CCXP)...
[04/27/25 11:27:00.861] [T7246] [info] CSXSEventQueueManager::CreateEventQueueIfNotExist: create queue 745.1745749620 (ACCC)...
[04/27/25 11:27:01.510] [T7435] [info] CSXSEventQueueManager::CreateEventQueueIfNotExist: create queue 853.1745749621 (ACHP)...
[04/27/25 11:27:01.619] [T7496] [info] CSXSEventQueueManager::CreateEventQueueIfNotExist: create queue 848.1745749621 (ADCS)...
[04/27/25 11:27:10.076] [T8923] [info] CSXSEventQueueManager::CreateEventQueueIfNotExist: create queue 964.1745749630 (COSY)...
[04/27/25 11:27:10.755] [T9000] [info] CSXSEventQueueManager::CreateEventQueueIfNotExist: create queue 973.1745749630 (COSY)...
[04/27/25 11:27:12.970] [T9331] [info] CSXSEventQueueManager::CreateEventQueueIfNotExist: create queue 1004.1745749632 (CCH_UPI)...
[04/27/25 11:32:15.643] [T9331] [info] CSXSEventQueueManager::RemoveEventQueueByChannel: remove queue 1004.1745749632 (CCH_UPI) for channel 14...
[04/28/25 01:32:35.635] [T6962] [info] CSXSEventQueueManager::RemoveEventQueueByChannel: remove queue 802.1745749619 (CCXP) for channel 2...
[04/28/25 01:33:36.729] [T438300] [info] CSXSEventQueueManager::CreateEventQueueIfNotExist: create queue 7716.1745800416 (CCXP)...
[04/28/25 02:04:38.436] [T438300] [info] CSXSEventQueueManager::RemoveEventQueueByChannel: remove queue 7716.1745800416 (CCXP) for channel 2...
[04/28/25 02:05:39.553] [T463336] [info] CSXSEventQueueManager::CreateEventQueueIfNotExist: create queue 7996.1745802339 (CCXP)...
[04/28/25 02:36:41.745] [T463336] [info] CSXSEventQueueManager::RemoveEventQueueByChannel: remove queue 7996.1745802339 (CCXP) for channel 2...
[04/28/25 02:37:44.239] [T483127] [info] CSXSEventQueueManager::CreateEventQueueIfNotExist: create queue 8205.1745804264 (CCXP)...
[04/28/25 03:08:46.316] [T483127] [info] CSXSEventQueueManager::RemoveEventQueueByChannel: remove queue 8205.1745804264 (CCXP) for channel 2...
[04/28/25 03:09:47.885] [T504526] [info] CSXSEventQueueManager::CreateEventQueueIfNotExist: create queue 8512.1745806187 (CCXP)...
[04/28/25 11:24:19.798] [T847404] [info] CSXSEventQueueManager::CreateEventQueueIfNotExist: create queue 12885.1745835859 (CCH_UPI)...
[04/28/25 11:29:21.427] [T847404] [info] CSXSEventQueueManager::RemoveEventQueueByChannel: remove queue 12885.1745835859 (CCH_UPI) for channel 14...
[04/28/25 12:48:20.690] [T12662] [info] AdobeIPCBroker version: 7.2.1
[04/28/25 12:48:20.717] [T12670] [info] CSXSEventQueueManager::CreateEventQueueIfNotExist: create queue 996.1745840900 (CCXP)...
[04/28/25 12:48:27.935] [T12901] [info] CSXSEventQueueManager::CreateEventQueueIfNotExist: create queue 977.1745840907 (ACCC)...
[04/28/25 12:48:47.089] [T13660] [info] CSXSEventQueueManager::CreateEventQueueIfNotExist: create queue 1031.1745840927 (ADCS)...
[04/28/25 12:48:48.609] [T13768] [info] CSXSEventQueueManager::CreateEventQueueIfNotExist: create queue 1035.1745840928 (ACHP)...
[04/28/25 12:49:03.386] [T14259] [info] CSXSEventQueueManager::CreateEventQueueIfNotExist: create queue 1054.1745840943 (COSY)...
[04/28/25 12:49:12.164] [T14772] [info] CSXSEventQueueManager::CreateEventQueueIfNotExist: create queue 1085.1745840952 (CCH_UPI)...
[04/28/25 12:49:12.424] [T14780] [info] CSXSEventQueueManager::CreateEventQueueIfNotExist: create queue 1073.1745840952 (COSY)...
[04/28/25 12:54:32.601] [T14817] [info] CSXSEventQueueManager::RemoveEventQueueByChannel: remove queue 1085.1745840952 (CCH_UPI) for channel 15...
[04/29/25 01:10:11.124] [T12671] [info] CSXSEventQueueManager::RemoveEventQueueByChannel: remove queue 996.1745840900 (CCXP) for channel 3...
[04/29/25 01:11:23.116] [T526787] [info] CSXSEventQueueManager::CreateEventQueueIfNotExist: create queue 10786.1745885483 (CCXP)...
[04/29/25 01:42:25.229] [T526787] [info] CSXSEventQueueManager::RemoveEventQueueByChannel: remove queue 10786.1745885483 (CCXP) for channel 2...
[04/29/25 01:43:31.737] [T548510] [info] CSXSEventQueueManager::CreateEventQueueIfNotExist: create queue 10944.1745887411 (CCXP)...
[04/29/25 02:44:36.080] [T548510] [info] CSXSEventQueueManager::RemoveEventQueueByChannel: remove queue 10944.1745887411 (CCXP) for channel 2...
[04/29/25 02:45:37.297] [T591693] [info] CSXSEventQueueManager::CreateEventQueueIfNotExist: create queue 11561.1745891137 (CCXP)...
[04/29/25 03:16:40.193] [T591693] [info] CSXSEventQueueManager::RemoveEventQueueByChannel: remove queue 11561.1745891137 (CCXP) for channel 2...
[04/29/25 03:17:42.322] [T625687] [info] CSXSEventQueueManager::CreateEventQueueIfNotExist: create queue 12585.1745893062 (CCXP)...
[04/29/25 12:46:15.345] [T1048154] [info] CSXSEventQueueManager::CreateEventQueueIfNotExist: create queue 19268.1745927175 (CCH_UPI)...
[04/29/25 12:51:17.481] [T1048178] [info] CSXSEventQueueManager::RemoveEventQueueByChannel: remove queue 19268.1745927175 (CCH_UPI) for channel 15...
[04/29/25 13:24:50.265] [T11439] [info] AdobeIPCBroker version: 7.2.1
[04/29/25 13:24:50.295] [T11475] [info] CSXSEventQueueManager::CreateEventQueueIfNotExist: create queue 1019.1745929490 (CCXP)...
[04/29/25 13:24:52.518] [T11888] [info] CSXSEventQueueManager::CreateEventQueueIfNotExist: create queue 1007.1745929492 (ACCC)...
[04/29/25 13:25:01.924] [T13055] [info] CSXSEventQueueManager::CreateEventQueueIfNotExist: create queue 1084.1745929501 (ADCS)...
[04/29/25 13:25:03.184] [T13291] [info] CSXSEventQueueManager::CreateEventQueueIfNotExist: create queue 1105.1745929503 (ACHP)...
[04/29/25 13:25:09.999] [T14009] [info] CSXSEventQueueManager::CreateEventQueueIfNotExist: create queue 1127.1745929509 (COSY)...
[04/29/25 13:25:10.853] [T14094] [info] CSXSEventQueueManager::CreateEventQueueIfNotExist: create queue 1139.1745929510 (COSY)...
[04/29/25 13:25:15.238] [T14552] [info] CSXSEventQueueManager::CreateEventQueueIfNotExist: create queue 1155.1745929515 (CCH_UPI)...
[04/29/25 13:30:23.639] [T14593] [info] CSXSEventQueueManager::RemoveEventQueueByChannel: remove queue 1155.1745929515 (CCH_UPI) for channel 15...
[04/30/25 01:38:51.323] [T11478] [info] CSXSEventQueueManager::RemoveEventQueueByChannel: remove queue 1019.1745929490 (CCXP) for channel 3...
[04/30/25 01:39:53.145] [T595146] [info] CSXSEventQueueManager::CreateEventQueueIfNotExist: create queue 11753.1745973593 (CCXP)...
[04/30/25 02:40:54.655] [T595150] [info] CSXSEventQueueManager::RemoveEventQueueByChannel: remove queue 11753.1745973593 (CCXP) for channel 3...
[04/30/25 02:41:56.783] [T640810] [info] CSXSEventQueueManager::CreateEventQueueIfNotExist: create queue 12741.1745977316 (CCXP)...
[04/30/25 03:12:58.762] [T640810] [info] CSXSEventQueueManager::RemoveEventQueueByChannel: remove queue 12741.1745977316 (CCXP) for channel 2...
[04/30/25 03:14:10.522] [T657849] [info] CSXSEventQueueManager::CreateEventQueueIfNotExist: create queue 13153.1745979250 (CCXP)...
[04/30/25 03:45:12.855] [T657853] [info] CSXSEventQueueManager::RemoveEventQueueByChannel: remove queue 13153.1745979250 (CCXP) for channel 3...
[04/30/25 03:46:24.650] [T671827] [info] CSXSEventQueueManager::CreateEventQueueIfNotExist: create queue 13408.1745981184 (CCXP)...
[04/30/25 13:22:20.525] [T945621] [info] CSXSEventQueueManager::CreateEventQueueIfNotExist: create queue 17646.1746015740 (CCH_UPI)...
[04/30/25 13:27:21.541] [T945621] [info] CSXSEventQueueManager::RemoveEventQueueByChannel: remove queue 17646.1746015740 (CCH_UPI) for channel 14...
[05/01/25 00:44:15.348] [T14094] [info] CSXSEventQueueManager::RemoveEventQueueByChannel: remove queue 1139.1745929510 (COSY) for channel 12...
[05/01/25 00:44:58.917] [T1366735] [info] CSXSEventQueueManager::CreateEventQueueIfNotExist: create queue 22290.1746056698 (COSY)...
[05/01/25 01:37:20.187] [T671827] [info] CSXSEventQueueManager::RemoveEventQueueByChannel: remove queue 13408.1745981184 (CCXP) for channel 2...
[05/01/25 01:38:29.041] [T1415237] [info] CSXSEventQueueManager::CreateEventQueueIfNotExist: create queue 23200.1746059909 (CCXP)...
[05/01/25 01:40:11.848] [T7041] [info] AdobeIPCBroker version: 7.2.1
[05/01/25 01:40:11.891] [T7065] [info] CSXSEventQueueManager::CreateEventQueueIfNotExist: create queue 797.1746060011 (CCXP)...
[05/01/25 01:40:12.828] [T7283] [info] CSXSEventQueueManager::CreateEventQueueIfNotExist: create queue 757.1746060012 (ACCC)...
[05/01/25 01:40:13.614] [T7459] [info] CSXSEventQueueManager::CreateEventQueueIfNotExist: create queue 852.1746060013 (ADCS)...
[05/01/25 01:40:13.618] [T7466] [info] CSXSEventQueueManager::CreateEventQueueIfNotExist: create queue 855.1746060013 (ACHP)...
[05/01/25 01:40:18.375] [T8118] [info] CSXSEventQueueManager::CreateEventQueueIfNotExist: create queue 919.1746060018 (COSY)...
[05/01/25 01:40:19.030] [T8214] [info] CSXSEventQueueManager::CreateEventQueueIfNotExist: create queue 930.1746060019 (COSY)...
[05/01/25 01:40:21.541] [T8617] [info] CSXSEventQueueManager::CreateEventQueueIfNotExist: create queue 957.1746060021 (CCH_UPI)...
[05/01/25 01:45:23.454] [T8617] [info] CSXSEventQueueManager::RemoveEventQueueByChannel: remove queue 957.1746060021 (CCH_UPI) for channel 23...
[05/01/25 02:41:13.319] [T7069] [info] CSXSEventQueueManager::RemoveEventQueueByChannel: remove queue 797.1746060011 (CCXP) for channel 7...
[05/01/25 02:42:23.876] [T70664] [info] CSXSEventQueueManager::CreateEventQueueIfNotExist: create queue 2032.1746063743 (CCXP)...
[05/01/25 03:13:26.090] [T70667] [info] CSXSEventQueueManager::RemoveEventQueueByChannel: remove queue 2032.1746063743 (CCXP) for channel 7...
[05/01/25 03:14:28.061] [T109063] [info] CSXSEventQueueManager::CreateEventQueueIfNotExist: create queue 2901.1746065668 (CCXP)...
[05/01/25 03:56:31.082] [T6902] [info] AdobeIPCBroker version: 7.2.1
[05/01/25 03:56:31.135] [T6952] [info] CSXSEventQueueManager::CreateEventQueueIfNotExist: create queue 801.1746068190 (CCXP)...
[05/01/25 03:56:32.455] [T7399] [info] CSXSEventQueueManager::CreateEventQueueIfNotExist: create queue 724.1746068192 (ACCC)...
[05/01/25 03:56:33.107] [T7599] [info] CSXSEventQueueManager::CreateEventQueueIfNotExist: create queue 868.1746068193 (ADCS)...
[05/01/25 03:56:33.139] [T7610] [info] CSXSEventQueueManager::CreateEventQueueIfNotExist: create queue 879.1746068193 (ACHP)...
[05/01/25 03:56:36.485] [T8043] [info] CSXSEventQueueManager::CreateEventQueueIfNotExist: create queue 898.1746068196 (COSY)...
[05/01/25 03:56:37.068] [T8118] [info] CSXSEventQueueManager::CreateEventQueueIfNotExist: create queue 907.1746068197 (COSY)...
[05/01/25 03:56:39.294] [T8482] [info] CSXSEventQueueManager::CreateEventQueueIfNotExist: create queue 946.1746068199 (CCH_UPI)...
[05/01/25 04:01:41.764] [T8482] [info] CSXSEventQueueManager::RemoveEventQueueByChannel: remove queue 946.1746068199 (CCH_UPI) for channel 14...
[05/01/25 07:04:12.616] [T12790] [info] AdobeIPCBroker version: 7.2.1
[05/01/25 07:04:12.644] [T12861] [info] CSXSEventQueueManager::CreateEventQueueIfNotExist: create queue 973.1746079452 (CCXP)...
[05/01/25 07:04:13.832] [T13034] [info] CSXSEventQueueManager::CreateEventQueueIfNotExist: create queue 958.1746079453 (ACCC)...
[05/01/25 07:04:23.112] [T14587] [info] CSXSEventQueueManager::CreateEventQueueIfNotExist: create queue 1022.1746079463 (ADCS)...
[05/01/25 07:04:23.173] [T14592] [info] CSXSEventQueueManager::CreateEventQueueIfNotExist: create queue 1035.1746079463 (ACHP)...
[05/01/25 07:04:29.304] [T15189] [info] CSXSEventQueueManager::CreateEventQueueIfNotExist: create queue 1053.1746079469 (COSY)...
[05/01/25 07:04:30.563] [T15364] [info] CSXSEventQueueManager::CreateEventQueueIfNotExist: create queue 1072.1746079470 (COSY)...
[05/01/25 07:04:35.660] [T15935] [info] CSXSEventQueueManager::CreateEventQueueIfNotExist: create queue 1087.1746079475 (CCH_UPI)...
[05/01/25 07:09:38.733] [T15935] [info] CSXSEventQueueManager::RemoveEventQueueByChannel: remove queue 1087.1746079475 (CCH_UPI) for channel 14...
[05/01/25 15:04:40.855] [T6960] [info] AdobeIPCBroker version: 7.2.1
[05/01/25 15:04:40.900] [T6992] [info] CSXSEventQueueManager::CreateEventQueueIfNotExist: create queue 800.1746108280 (CCXP)...
[05/01/25 15:04:42.425] [T7467] [info] CSXSEventQueueManager::CreateEventQueueIfNotExist: create queue 752.1746108282 (ACCC)...
[05/01/25 15:04:44.022] [T7902] [info] CSXSEventQueueManager::CreateEventQueueIfNotExist: create queue 861.1746108284 (ADCS)...
[05/01/25 15:04:44.245] [T7958] [info] CSXSEventQueueManager::CreateEventQueueIfNotExist: create queue 888.1746108284 (ACHP)...
[05/01/25 15:04:53.616] [T9433] [info] CSXSEventQueueManager::CreateEventQueueIfNotExist: create queue 970.1746108293 (COSY)...
[05/01/25 15:04:53.946] [T9481] [info] CSXSEventQueueManager::CreateEventQueueIfNotExist: create queue 977.1746108293 (COSY)...
[05/01/25 15:04:56.639] [T9907] [info] CSXSEventQueueManager::CreateEventQueueIfNotExist: create queue 1019.1746108296 (CCH_UPI)...
[05/01/25 15:09:58.338] [T9907] [info] CSXSEventQueueManager::RemoveEventQueueByChannel: remove queue 1019.1746108296 (CCH_UPI) for channel 14...
[05/02/25 01:22:44.726] [T7009] [info] CSXSEventQueueManager::RemoveEventQueueByChannel: remove queue 800.1746108280 (CCXP) for channel 3...
[05/02/25 01:23:52.125] [T498426] [info] CSXSEventQueueManager::CreateEventQueueIfNotExist: create queue 9161.1746145432 (CCXP)...
[05/02/25 01:54:54.541] [T498426] [info] CSXSEventQueueManager::RemoveEventQueueByChannel: remove queue 9161.1746145432 (CCXP) for channel 2...
[05/02/25 01:55:56.675] [T520137] [info] CSXSEventQueueManager::CreateEventQueueIfNotExist: create queue 9468.1746147356 (CCXP)...
[05/02/25 02:56:59.291] [T520140] [info] CSXSEventQueueManager::RemoveEventQueueByChannel: remove queue 9468.1746147356 (CCXP) for channel 3...
[05/02/25 02:58:06.949] [T562662] [info] CSXSEventQueueManager::CreateEventQueueIfNotExist: create queue 9984.1746151086 (CCXP)...
[05/02/25 03:29:09.213] [T562663] [info] CSXSEventQueueManager::RemoveEventQueueByChannel: remove queue 9984.1746151086 (CCXP) for channel 3...
[05/02/25 03:30:11.829] [T585397] [info] CSXSEventQueueManager::CreateEventQueueIfNotExist: create queue 10293.1746153011 (CCXP)...
[05/02/25 15:02:00.220] [T1094725] [info] CSXSEventQueueManager::CreateEventQueueIfNotExist: create queue 18938.1746194520 (CCH_UPI)...
[05/02/25 15:07:03.210] [T1094725] [info] CSXSEventQueueManager::RemoveEventQueueByChannel: remove queue 18938.1746194520 (CCH_UPI) for channel 14...
[05/03/25 01:22:51.967] [T585397] [info] CSXSEventQueueManager::RemoveEventQueueByChannel: remove queue 10293.1746153011 (CCXP) for channel 2...
[05/03/25 01:23:53.288] [T1477786] [info] CSXSEventQueueManager::CreateEventQueueIfNotExist: create queue 23784.1746231833 (CCXP)...
[05/03/25 01:54:55.302] [T1477786] [info] CSXSEventQueueManager::RemoveEventQueueByChannel: remove queue 23784.1746231833 (CCXP) for channel 2...
[05/03/25 01:55:56.481] [T1496776] [info] CSXSEventQueueManager::CreateEventQueueIfNotExist: create queue 24073.1746233756 (CCXP)...
[05/03/25 02:57:00.306] [T1496777] [info] CSXSEventQueueManager::RemoveEventQueueByChannel: remove queue 24073.1746233756 (CCXP) for channel 3...
[05/03/25 02:58:11.406] [T1532716] [info] CSXSEventQueueManager::CreateEventQueueIfNotExist: create queue 24544.1746237491 (CCXP)...
[05/03/25 03:29:12.278] [T1532718] [info] CSXSEventQueueManager::RemoveEventQueueByChannel: remove queue 24544.1746237491 (CCXP) for channel 3...
[05/03/25 03:30:13.387] [T1554094] [info] CSXSEventQueueManager::CreateEventQueueIfNotExist: create queue 24869.1746239413 (CCXP)...
[05/03/25 14:59:04.511] [T2253406] [info] CSXSEventQueueManager::CreateEventQueueIfNotExist: create queue 30900.1746280744 (CCH_UPI)...
[05/03/25 15:04:07.483] [T2253406] [info] CSXSEventQueueManager::RemoveEventQueueByChannel: remove queue 30900.1746280744 (CCH_UPI) for channel 14...
[05/03/25 21:45:32.773] [T6633] [info] AdobeIPCBroker version: 7.2.1
[05/03/25 21:45:32.819] [T6661] [info] CSXSEventQueueManager::CreateEventQueueIfNotExist: create queue 770.1746305132 (CCXP)...
[05/03/25 21:45:34.637] [T7219] [info] CSXSEventQueueManager::CreateEventQueueIfNotExist: create queue 730.1746305134 (ACCC)...
[05/03/25 21:45:35.431] [T7402] [info] CSXSEventQueueManager::CreateEventQueueIfNotExist: create queue 833.1746305135 (ADCS)...
[05/03/25 21:45:35.472] [T7424] [info] CSXSEventQueueManager::CreateEventQueueIfNotExist: create queue 838.1746305135 (ACHP)...
[05/03/25 21:45:40.476] [T8283] [info] CSXSEventQueueManager::CreateEventQueueIfNotExist: create queue 900.1746305140 (COSY)...
[05/03/25 21:45:41.011] [T8393] [info] CSXSEventQueueManager::CreateEventQueueIfNotExist: create queue 912.1746305141 (COSY)...
[05/03/25 21:45:44.101] [T8875] [info] CSXSEventQueueManager::CreateEventQueueIfNotExist: create queue 960.1746305144 (CCH_UPI)...
[05/03/25 21:50:46.132] [T8875] [info] CSXSEventQueueManager::RemoveEventQueueByChannel: remove queue 960.1746305144 (CCH_UPI) for channel 14...
[05/04/25 01:16:34.637] [T6661] [info] CSXSEventQueueManager::RemoveEventQueueByChannel: remove queue 770.1746305132 (CCXP) for channel 2...
[05/04/25 01:17:46.660] [T149240] [info] CSXSEventQueueManager::CreateEventQueueIfNotExist: create queue 3217.1746317866 (CCXP)...
[05/04/25 01:48:48.791] [T149240] [info] CSXSEventQueueManager::RemoveEventQueueByChannel: remove queue 3217.1746317866 (CCXP) for channel 2...
[05/04/25 01:49:50.842] [T173873] [info] CSXSEventQueueManager::CreateEventQueueIfNotExist: create queue 3549.1746319790 (CCXP)...
[05/04/25 02:50:51.996] [T173873] [info] CSXSEventQueueManager::RemoveEventQueueByChannel: remove queue 3549.1746319790 (CCXP) for channel 2...
[05/04/25 02:51:54.487] [T215503] [info] CSXSEventQueueManager::CreateEventQueueIfNotExist: create queue 4127.1746323514 (CCXP)...
[05/04/25 03:22:56.384] [T215503] [info] CSXSEventQueueManager::RemoveEventQueueByChannel: remove queue 4127.1746323514 (CCXP) for channel 2...
[05/04/25 03:24:09.368] [T238264] [info] CSXSEventQueueManager::CreateEventQueueIfNotExist: create queue 4517.1746325449 (CCXP)...
[05/04/25 21:27:30.123] [T6893] [info] AdobeIPCBroker version: 7.2.1
[05/04/25 21:27:30.133] [T6911] [info] CSXSEventQueueManager::CreateEventQueueIfNotExist: create queue 787.1746390450 (CCXP)...
[05/04/25 21:27:30.768] [T7109] [info] CSXSEventQueueManager::CreateEventQueueIfNotExist: create queue 736.1746390450 (ACCC)...
[05/04/25 21:27:31.611] [T7342] [info] CSXSEventQueueManager::CreateEventQueueIfNotExist: create queue 835.1746390451 (ACHP)...
[05/04/25 21:27:31.612] [T7345] [info] CSXSEventQueueManager::CreateEventQueueIfNotExist: create queue 827.1746390451 (ADCS)...
[05/04/25 21:27:37.355] [T8269] [info] CSXSEventQueueManager::CreateEventQueueIfNotExist: create queue 916.1746390457 (COSY)...
[05/04/25 21:27:38.485] [T8398] [info] CSXSEventQueueManager::CreateEventQueueIfNotExist: create queue 928.1746390458 (COSY)...
[05/04/25 21:27:42.186] [T8827] [info] CSXSEventQueueManager::CreateEventQueueIfNotExist: create queue 962.1746390462 (CCH_UPI)...
[05/04/25 21:32:44.774] [T8827] [info] CSXSEventQueueManager::RemoveEventQueueByChannel: remove queue 962.1746390462 (CCH_UPI) for channel 14...
[05/05/25 01:28:34.111] [T6922] [info] CSXSEventQueueManager::RemoveEventQueueByChannel: remove queue 787.1746390450 (CCXP) for channel 3...
[05/05/25 01:29:40.346] [T147708] [info] CSXSEventQueueManager::CreateEventQueueIfNotExist: create queue 2466.1746404980 (CCXP)...
[05/05/25 02:00:40.999] [T147708] [info] CSXSEventQueueManager::RemoveEventQueueByChannel: remove queue 2466.1746404980 (CCXP) for channel 2...
[05/05/25 02:01:45.106] [T166371] [info] CSXSEventQueueManager::CreateEventQueueIfNotExist: create queue 2705.1746406905 (CCXP)...
[05/05/25 03:09:51.215] [T166371] [info] CSXSEventQueueManager::RemoveEventQueueByChannel: remove queue 2705.1746406905 (CCXP) for channel 2...
[05/05/25 03:19:21.326] [T178274] [info] CSXSEventQueueManager::CreateEventQueueIfNotExist: create queue 2875.1746411561 (CCXP)...
[05/05/25 03:50:23.863] [T178275] [info] CSXSEventQueueManager::RemoveEventQueueByChannel: remove queue 2875.1746411561 (CCXP) for channel 3...
[05/05/25 03:51:31.272] [T187637] [info] CSXSEventQueueManager::CreateEventQueueIfNotExist: create queue 3168.1746413491 (CCXP)...
[05/05/25 21:24:49.091] [T888075] [info] CSXSEventQueueManager::CreateEventQueueIfNotExist: create queue 12254.1746476689 (CCH_UPI)...
[05/05/25 21:29:49.735] [T888092] [info] CSXSEventQueueManager::RemoveEventQueueByChannel: remove queue 12254.1746476689 (CCH_UPI) for channel 15...
[05/06/25 01:40:25.134] [T187637] [info] CSXSEventQueueManager::RemoveEventQueueByChannel: remove queue 3168.1746413491 (CCXP) for channel 2...
[05/06/25 01:41:31.182] [T1002522] [info] CSXSEventQueueManager::CreateEventQueueIfNotExist: create queue 14376.1746492091 (CCXP)...
[05/06/25 02:12:32.634] [T1002523] [info] CSXSEventQueueManager::RemoveEventQueueByChannel: remove queue 14376.1746492091 (CCXP) for channel 3...
[05/06/25 02:13:36.603] [T1014009] [info] CSXSEventQueueManager::CreateEventQueueIfNotExist: create queue 14500.1746494016 (CCXP)...
[05/06/25 03:36:42.325] [T1014009] [info] CSXSEventQueueManager::RemoveEventQueueByChannel: remove queue 14500.1746494016 (CCXP) for channel 2...
[05/06/25 03:37:48.711] [T1030641] [info] CSXSEventQueueManager::CreateEventQueueIfNotExist: create queue 14910.1746499068 (CCXP)...
[05/06/25 04:36:31.282] [T1030642] [info] CSXSEventQueueManager::RemoveEventQueueByChannel: remove queue 14910.1746499068 (CCXP) for channel 3...
[05/06/25 04:54:24.730] [T1037508] [info] CSXSEventQueueManager::CreateEventQueueIfNotExist: create queue 15011.1746503664 (CCXP)...
[05/06/25 21:21:55.372] [T1389168] [info] CSXSEventQueueManager::CreateEventQueueIfNotExist: create queue 20171.1746562915 (CCH_UPI)...
[05/06/25 21:26:57.696] [T1389168] [info] CSXSEventQueueManager::RemoveEventQueueByChannel: remove queue 20171.1746562915 (CCH_UPI) for channel 14...
[05/07/25 01:16:52.885] [T1037508] [info] CSXSEventQueueManager::RemoveEventQueueByChannel: remove queue 15011.1746503664 (CCXP) for channel 2...
[05/07/25 01:18:04.543] [T1538874] [info] CSXSEventQueueManager::CreateEventQueueIfNotExist: create queue 22978.1746577084 (CCXP)...
[05/07/25 01:49:06.085] [T1538874] [info] CSXSEventQueueManager::RemoveEventQueueByChannel: remove queue 22978.1746577084 (CCXP) for channel 2...
[05/07/25 01:50:17.778] [T1573978] [info] CSXSEventQueueManager::CreateEventQueueIfNotExist: create queue 23678.1746579017 (CCXP)...
[05/07/25 02:21:20.194] [T1573978] [info] CSXSEventQueueManager::RemoveEventQueueByChannel: remove queue 23678.1746579017 (CCXP) for channel 2...
[05/07/25 02:22:41.906] [T1620785] [info] CSXSEventQueueManager::CreateEventQueueIfNotExist: create queue 24690.1746580961 (CCXP)...
[05/07/25 02:33:05.784] [T6934] [info] AdobeIPCBroker version: 7.2.1
[05/07/25 02:33:05.787] [T6943] [info] CSXSEventQueueManager::CreateEventQueueIfNotExist: create queue 794.1746581585 (CCXP)...
[05/07/25 02:33:06.220] [T7099] [info] CSXSEventQueueManager::CreateEventQueueIfNotExist: create queue 750.1746581586 (ACCC)...
[05/07/25 02:33:07.938] [T7683] [info] CSXSEventQueueManager::CreateEventQueueIfNotExist: create queue 863.1746581587 (ADCS)...
[05/07/25 02:33:08.021] [T7710] [info] CSXSEventQueueManager::CreateEventQueueIfNotExist: create queue 873.1746581588 (ACHP)...
[05/07/25 02:33:11.597] [T8124] [info] CSXSEventQueueManager::CreateEventQueueIfNotExist: create queue 900.1746581591 (COSY)...
[05/07/25 02:33:12.506] [T8263] [info] CSXSEventQueueManager::CreateEventQueueIfNotExist: create queue 916.1746581592 (COSY)...
[05/07/25 02:33:15.396] [T8536] [info] CSXSEventQueueManager::CreateEventQueueIfNotExist: create queue 933.1746581595 (CCH_UPI)...
[05/07/25 02:38:17.565] [T8536] [info] CSXSEventQueueManager::RemoveEventQueueByChannel: remove queue 933.1746581595 (CCH_UPI) for channel 14...
[05/07/25 09:46:14.607] [T7163] [info] AdobeIPCBroker version: 7.2.1
[05/07/25 09:46:14.652] [T7173] [info] CSXSEventQueueManager::CreateEventQueueIfNotExist: create queue 799.1746607574 (CCXP)...
[05/07/25 09:46:15.331] [T7412] [info] CSXSEventQueueManager::CreateEventQueueIfNotExist: create queue 744.1746607575 (ACCC)...
[05/07/25 09:46:15.786] [T7571] [info] CSXSEventQueueManager::CreateEventQueueIfNotExist: create queue 850.1746607575 (ACHP)...
[05/07/25 09:46:15.804] [T7589] [info] CSXSEventQueueManager::CreateEventQueueIfNotExist: create queue 846.1746607575 (ADCS)...
[05/07/25 09:46:23.635] [T8561] [info] CSXSEventQueueManager::CreateEventQueueIfNotExist: create queue 931.1746607583 (COSY)...
[05/07/25 09:46:24.650] [T8719] [info] CSXSEventQueueManager::CreateEventQueueIfNotExist: create queue 947.1746607584 (COSY)...
[05/07/25 09:46:27.560] [T9074] [info] CSXSEventQueueManager::CreateEventQueueIfNotExist: create queue 977.1746607587 (CCH_UPI)...
[05/07/25 09:51:29.696] [T9074] [info] CSXSEventQueueManager::RemoveEventQueueByChannel: remove queue 977.1746607587 (CCH_UPI) for channel 14...
[05/08/25 01:17:16.937] [T7173] [info] CSXSEventQueueManager::RemoveEventQueueByChannel: remove queue 799.1746607574 (CCXP) for channel 2...
[05/08/25 01:18:19.838] [T727623] [info] CSXSEventQueueManager::CreateEventQueueIfNotExist: create queue 11468.1746663499 (CCXP)...
[05/08/25 01:49:22.083] [T727623] [info] CSXSEventQueueManager::RemoveEventQueueByChannel: remove queue 11468.1746663499 (CCXP) for channel 2...
[05/08/25 01:50:33.371] [T752074] [info] CSXSEventQueueManager::CreateEventQueueIfNotExist: create queue 11750.1746665433 (CCXP)...
[05/08/25 02:21:33.743] [T752079] [info] CSXSEventQueueManager::RemoveEventQueueByChannel: remove queue 11750.1746665433 (CCXP) for channel 3...
[05/08/25 02:22:36.704] [T775071] [info] CSXSEventQueueManager::CreateEventQueueIfNotExist: create queue 12135.1746667356 (CCXP)...
[05/08/25 03:23:37.446] [T775077] [info] CSXSEventQueueManager::RemoveEventQueueByChannel: remove queue 12135.1746667356 (CCXP) for channel 3...
[05/08/25 03:24:50.992] [T825238] [info] CSXSEventQueueManager::CreateEventQueueIfNotExist: create queue 12898.1746671090 (CCXP)...
[05/08/25 09:43:32.970] [T1079463] [info] CSXSEventQueueManager::CreateEventQueueIfNotExist: create queue 17074.1746693812 (CCH_UPI)...
[05/08/25 09:48:38.500] [T1079511] [info] CSXSEventQueueManager::RemoveEventQueueByChannel: remove queue 17074.1746693812 (CCH_UPI) for channel 15...
[05/09/25 01:32:10.192] [T825239] [info] CSXSEventQueueManager::RemoveEventQueueByChannel: remove queue 12898.1746671090 (CCXP) for channel 3...
[05/09/25 01:33:22.413] [T1677529] [info] CSXSEventQueueManager::CreateEventQueueIfNotExist: create queue 25987.1746750802 (CCXP)...
[05/09/25 02:04:23.079] [T1677534] [info] CSXSEventQueueManager::RemoveEventQueueByChannel: remove queue 25987.1746750802 (CCXP) for channel 3...
[05/09/25 02:05:29.932] [T1699722] [info] CSXSEventQueueManager::CreateEventQueueIfNotExist: create queue 26534.1746752729 (CCXP)...
[05/09/25 03:06:31.906] [T1699728] [info] CSXSEventQueueManager::RemoveEventQueueByChannel: remove queue 26534.1746752729 (CCXP) for channel 3...
[05/09/25 03:07:33.335] [T1745497] [info] CSXSEventQueueManager::CreateEventQueueIfNotExist: create queue 27381.1746756453 (CCXP)...
[05/09/25 03:38:35.475] [T1745498] [info] CSXSEventQueueManager::RemoveEventQueueByChannel: remove queue 27381.1746756453 (CCXP) for channel 3...
[05/09/25 03:39:36.947] [T1769389] [info] CSXSEventQueueManager::CreateEventQueueIfNotExist: create queue 27770.1746758376 (CCXP)...
[05/09/25 09:40:34.912] [T2093392] [info] CSXSEventQueueManager::CreateEventQueueIfNotExist: create queue 31669.1746780034 (CCH_UPI)...
[05/09/25 09:45:37.458] [T2093392] [info] CSXSEventQueueManager::RemoveEventQueueByChannel: remove queue 31669.1746780034 (CCH_UPI) for channel 14...
[05/09/25 13:04:47.324] [T8713] [info] AdobeIPCBroker version: 7.2.1
[05/09/25 13:04:47.330] [T8727] [info] CSXSEventQueueManager::CreateEventQueueIfNotExist: create queue 813.1746792287 (CCXP)...
[05/09/25 13:04:48.227] [T8993] [info] CSXSEventQueueManager::CreateEventQueueIfNotExist: create queue 738.1746792288 (ACCC)...
[05/09/25 13:04:48.799] [T9173] [info] CSXSEventQueueManager::CreateEventQueueIfNotExist: create queue 864.1746792288 (ADCS)...
[05/09/25 13:04:48.808] [T9175] [info] CSXSEventQueueManager::CreateEventQueueIfNotExist: create queue 871.1746792288 (ACHP)...
[05/09/25 13:04:53.986] [T9777] [info] CSXSEventQueueManager::CreateEventQueueIfNotExist: create queue 915.1746792293 (COSY)...
[05/09/25 13:04:55.382] [T10000] [info] CSXSEventQueueManager::CreateEventQueueIfNotExist: create queue 932.1746792295 (COSY)...
[05/09/25 13:04:58.914] [T10420] [info] CSXSEventQueueManager::CreateEventQueueIfNotExist: create queue 974.1746792298 (CCH_UPI)...
[05/09/25 13:10:35.153] [T10433] [info] CSXSEventQueueManager::RemoveEventQueueByChannel: remove queue 974.1746792298 (CCH_UPI) for channel 15...
[05/10/25 01:19:33.604] [T8727] [info] CSXSEventQueueManager::RemoveEventQueueByChannel: remove queue 813.1746792287 (CCXP) for channel 2...
[05/10/25 01:20:45.033] [T395779] [info] CSXSEventQueueManager::CreateEventQueueIfNotExist: create queue 6330.1746836445 (CCXP)...
[05/10/25 01:51:47.360] [T395779] [info] CSXSEventQueueManager::RemoveEventQueueByChannel: remove queue 6330.1746836445 (CCXP) for channel 2...
[05/10/25 01:53:00.190] [T415327] [info] CSXSEventQueueManager::CreateEventQueueIfNotExist: create queue 6538.1746838380 (CCXP)...
[05/10/25 02:24:01.271] [T415327] [info] CSXSEventQueueManager::RemoveEventQueueByChannel: remove queue 6538.1746838380 (CCXP) for channel 2...
[05/10/25 02:25:16.391] [T442563] [info] CSXSEventQueueManager::CreateEventQueueIfNotExist: create queue 6924.1746840316 (CCXP)...
[05/10/25 03:26:19.815] [T442569] [info] CSXSEventQueueManager::RemoveEventQueueByChannel: remove queue 6924.1746840316 (CCXP) for channel 4...
[05/10/25 03:27:21.961] [T489587] [info] CSXSEventQueueManager::CreateEventQueueIfNotExist: create queue 7463.1746844041 (CCXP)...
[05/10/25 13:02:03.524] [T787546] [info] CSXSEventQueueManager::CreateEventQueueIfNotExist: create queue 12001.1746878523 (CCH_UPI)...
[05/10/25 13:07:04.615] [T787546] [info] CSXSEventQueueManager::RemoveEventQueueByChannel: remove queue 12001.1746878523 (CCH_UPI) for channel 14...
[05/11/25 01:10:43.709] [T489588] [info] CSXSEventQueueManager::RemoveEventQueueByChannel: remove queue 7463.1746844041 (CCXP) for channel 4...
[05/11/25 01:11:52.271] [T1313007] [info] CSXSEventQueueManager::CreateEventQueueIfNotExist: create queue 18460.1746922312 (CCXP)...
[05/11/25 01:42:54.225] [T1313007] [info] CSXSEventQueueManager::RemoveEventQueueByChannel: remove queue 18460.1746922312 (CCXP) for channel 2...
[05/11/25 01:44:07.967] [T1332936] [info] CSXSEventQueueManager::CreateEventQueueIfNotExist: create queue 18584.1746924247 (CCXP)...
[05/11/25 02:15:09.351] [T1332936] [info] CSXSEventQueueManager::RemoveEventQueueByChannel: remove queue 18584.1746924247 (CCXP) for channel 2...
[05/11/25 02:16:23.446] [T1354724] [info] CSXSEventQueueManager::CreateEventQueueIfNotExist: create queue 18790.1746926183 (CCXP)...
[05/11/25 03:17:24.390] [T1354724] [info] CSXSEventQueueManager::RemoveEventQueueByChannel: remove queue 18790.1746926183 (CCXP) for channel 2...
[05/11/25 03:18:26.403] [T1399399] [info] CSXSEventQueueManager::CreateEventQueueIfNotExist: create queue 19134.1746929906 (CCXP)...
[05/11/25 12:59:03.827] [T1789329] [info] CSXSEventQueueManager::CreateEventQueueIfNotExist: create queue 24123.1746964743 (CCH_UPI)...
[05/11/25 13:04:06.333] [T1789349] [info] CSXSEventQueueManager::RemoveEventQueueByChannel: remove queue 24123.1746964743 (CCH_UPI) for channel 15...
[05/11/25 13:47:18.919] [T6685] [info] AdobeIPCBroker version: 7.2.1
[05/11/25 13:47:18.968] [T6730] [info] CSXSEventQueueManager::CreateEventQueueIfNotExist: create queue 771.1746967638 (CCXP)...
[05/11/25 13:47:19.883] [T7069] [info] CSXSEventQueueManager::CreateEventQueueIfNotExist: create queue 735.1746967639 (ACCC)...
[05/11/25 13:47:21.438] [T7404] [info] CSXSEventQueueManager::CreateEventQueueIfNotExist: create queue 848.1746967641 (ACHP)...
[05/11/25 13:47:21.451] [T7408] [info] CSXSEventQueueManager::CreateEventQueueIfNotExist: create queue 841.1746967641 (ADCS)...
[05/11/25 13:47:30.822] [T8582] [info] CSXSEventQueueManager::CreateEventQueueIfNotExist: create queue 941.1746967650 (COSY)...
[05/11/25 13:47:31.576] [T8674] [info] CSXSEventQueueManager::CreateEventQueueIfNotExist: create queue 951.1746967651 (COSY)...
[05/11/25 13:47:34.255] [T8974] [info] CSXSEventQueueManager::CreateEventQueueIfNotExist: create queue 968.1746967654 (CCH_UPI)...
[05/11/25 13:52:36.997] [T9012] [info] CSXSEventQueueManager::RemoveEventQueueByChannel: remove queue 968.1746967654 (CCH_UPI) for channel 15...
[05/11/25 17:08:36.813] [T6735] [info] AdobeIPCBroker version: 7.2.1
[05/11/25 17:08:36.856] [T6754] [info] CSXSEventQueueManager::CreateEventQueueIfNotExist: create queue 765.1746979716 (CCXP)...
[05/11/25 17:08:38.104] [T7059] [info] CSXSEventQueueManager::CreateEventQueueIfNotExist: create queue 723.1746979718 (ACCC)...
[05/11/25 17:08:40.558] [T7724] [info] CSXSEventQueueManager::CreateEventQueueIfNotExist: create queue 878.1746979720 (ACHP)...
[05/11/25 17:08:41.017] [T7776] [info] CSXSEventQueueManager::CreateEventQueueIfNotExist: create queue 868.1746979721 (ADCS)...
[05/11/25 17:08:45.013] [T8255] [info] CSXSEventQueueManager::CreateEventQueueIfNotExist: create queue 926.1746979725 (COSY)...
[05/11/25 17:08:45.729] [T8378] [info] CSXSEventQueueManager::CreateEventQueueIfNotExist: create queue 940.1746979725 (COSY)...
[05/11/25 17:08:48.404] [T8761] [info] CSXSEventQueueManager::CreateEventQueueIfNotExist: create queue 973.1746979728 (CCH_UPI)...
[05/11/25 17:13:49.672] [T8761] [info] CSXSEventQueueManager::RemoveEventQueueByChannel: remove queue 973.1746979728 (CCH_UPI) for channel 14...
[05/12/25 01:18:35.782] [T6759] [info] CSXSEventQueueManager::RemoveEventQueueByChannel: remove queue 765.1746979716 (CCXP) for channel 3...
[05/12/25 01:19:47.857] [T349530] [info] CSXSEventQueueManager::CreateEventQueueIfNotExist: create queue 6076.1747009187 (CCXP)...
[05/12/25 01:50:49.388] [T349530] [info] CSXSEventQueueManager::RemoveEventQueueByChannel: remove queue 6076.1747009187 (CCXP) for channel 2...
[05/12/25 01:51:54.427] [T364435] [info] CSXSEventQueueManager::CreateEventQueueIfNotExist: create queue 6211.1747011114 (CCXP)...
[05/12/25 02:22:57.160] [T364435] [info] CSXSEventQueueManager::RemoveEventQueueByChannel: remove queue 6211.1747011114 (CCXP) for channel 2...
[05/12/25 02:24:03.507] [T380091] [info] CSXSEventQueueManager::CreateEventQueueIfNotExist: create queue 6376.1747013043 (CCXP)...
[05/12/25 03:25:03.999] [T380094] [info] CSXSEventQueueManager::RemoveEventQueueByChannel: remove queue 6376.1747013043 (CCXP) for channel 3...
[05/12/25 03:26:15.367] [T409427] [info] CSXSEventQueueManager::CreateEventQueueIfNotExist: create queue 6627.1747016775 (CCXP)...
[05/12/25 17:05:53.365] [T959747] [info] CSXSEventQueueManager::CreateEventQueueIfNotExist: create queue 14066.1747065953 (CCH_UPI)...
[05/12/25 17:10:55.825] [T959756] [info] CSXSEventQueueManager::RemoveEventQueueByChannel: remove queue 14066.1747065953 (CCH_UPI) for channel 15...
[05/13/25 01:27:18.133] [T409428] [info] CSXSEventQueueManager::RemoveEventQueueByChannel: remove queue 6627.1747016775 (CCXP) for channel 3...
[05/13/25 01:28:24.969] [T1309720] [info] CSXSEventQueueManager::CreateEventQueueIfNotExist: create queue 18020.1747096104 (CCXP)...
[05/13/25 01:59:26.891] [T1309720] [info] CSXSEventQueueManager::RemoveEventQueueByChannel: remove queue 18020.1747096104 (CCXP) for channel 2...
[05/13/25 02:00:39.486] [T1333289] [info] CSXSEventQueueManager::CreateEventQueueIfNotExist: create queue 18414.1747098039 (CCXP)...
[05/13/25 03:01:42.747] [T1333296] [info] CSXSEventQueueManager::RemoveEventQueueByChannel: remove queue 18414.1747098039 (CCXP) for channel 3...
[05/13/25 03:02:45.757] [T1382803] [info] CSXSEventQueueManager::CreateEventQueueIfNotExist: create queue 18903.1747101765 (CCXP)...
[05/13/25 03:33:47.031] [T1382803] [info] CSXSEventQueueManager::RemoveEventQueueByChannel: remove queue 18903.1747101765 (CCXP) for channel 2...
[05/13/25 03:34:48.103] [T1409902] [info] CSXSEventQueueManager::CreateEventQueueIfNotExist: create queue 19193.1747103688 (CCXP)...
[05/13/25 13:06:06.952] [T8964] [info] AdobeIPCBroker version: 7.2.1
[05/13/25 13:06:06.956] [T8984] [info] CSXSEventQueueManager::CreateEventQueueIfNotExist: create queue 926.1747137966 (CCXP)...
[05/13/25 13:06:11.393] [T9787] [info] CSXSEventQueueManager::CreateEventQueueIfNotExist: create queue 907.1747137971 (ACCC)...
[05/13/25 13:06:21.034] [T10912] [info] CSXSEventQueueManager::CreateEventQueueIfNotExist: create queue 1003.1747137981 (ADCS)...
[05/13/25 13:06:22.047] [T11136] [info] CSXSEventQueueManager::CreateEventQueueIfNotExist: create queue 1009.1747137982 (ACHP)...
[05/13/25 13:06:25.209] [T11580] [info] CSXSEventQueueManager::CreateEventQueueIfNotExist: create queue 1032.1747137985 (COSY)...
[05/13/25 13:06:26.585] [T11791] [info] CSXSEventQueueManager::CreateEventQueueIfNotExist: create queue 1050.1747137986 (COSY)...
[05/13/25 13:06:44.489] [T13432] [info] CSXSEventQueueManager::CreateEventQueueIfNotExist: create queue 1105.1747138004 (CCH_UPI)...
[05/13/25 13:11:46.918] [T13445] [info] CSXSEventQueueManager::RemoveEventQueueByChannel: remove queue 1105.1747138004 (CCH_UPI) for channel 26...
[05/13/25 17:50:00.220] [T7252] [info] AdobeIPCBroker version: 7.2.1
[05/13/25 17:50:00.251] [T7284] [info] CSXSEventQueueManager::CreateEventQueueIfNotExist: create queue 820.1747155000 (CCXP)...
[05/13/25 17:50:01.046] [T7470] [info] CSXSEventQueueManager::CreateEventQueueIfNotExist: create queue 732.1747155001 (ACCC)...
[05/13/25 17:50:03.200] [T7730] [info] CSXSEventQueueManager::CreateEventQueueIfNotExist: create queue 879.1747155003 (ACHP)...
[05/13/25 17:50:03.231] [T7744] [info] CSXSEventQueueManager::CreateEventQueueIfNotExist: create queue 863.1747155003 (ADCS)...
[05/13/25 17:50:09.647] [T8340] [info] CSXSEventQueueManager::CreateEventQueueIfNotExist: create queue 911.1747155009 (COSY)...
[05/13/25 17:50:10.143] [T8480] [info] CSXSEventQueueManager::CreateEventQueueIfNotExist: create queue 932.1747155010 (COSY)...
[05/13/25 17:50:12.727] [T8804] [info] CSXSEventQueueManager::CreateEventQueueIfNotExist: create queue 964.1747155012 (CCH_UPI)...
[05/13/25 17:55:15.280] [T8804] [info] CSXSEventQueueManager::RemoveEventQueueByChannel: remove queue 964.1747155012 (CCH_UPI) for channel 14...
[05/14/25 01:26:06.693] [T7301] [info] CSXSEventQueueManager::RemoveEventQueueByChannel: remove queue 820.1747155000 (CCXP) for channel 3...
[05/14/25 01:27:08.005] [T247778] [info] CSXSEventQueueManager::CreateEventQueueIfNotExist: create queue 3903.1747182428 (CCXP)...
[05/14/25 02:07:29.510] [T247778] [info] CSXSEventQueueManager::RemoveEventQueueByChannel: remove queue 3903.1747182428 (CCXP) for channel 2...
[05/14/25 02:10:19.043] [T264796] [info] CSXSEventQueueManager::CreateEventQueueIfNotExist: create queue 4376.1747185019 (CCXP)...
[05/14/25 03:11:19.645] [T264800] [info] CSXSEventQueueManager::RemoveEventQueueByChannel: remove queue 4376.1747185019 (CCXP) for channel 3...
[05/14/25 03:12:31.595] [T319177] [info] CSXSEventQueueManager::CreateEventQueueIfNotExist: create queue 5033.1747188751 (CCXP)...
[05/14/25 03:43:33.903] [T319177] [info] CSXSEventQueueManager::RemoveEventQueueByChannel: remove queue 5033.1747188751 (CCXP) for channel 2...
[05/14/25 03:44:46.747] [T340130] [info] CSXSEventQueueManager::CreateEventQueueIfNotExist: create queue 5347.1747190686 (CCXP)...
[05/14/25 17:47:15.804] [T873607] [info] CSXSEventQueueManager::CreateEventQueueIfNotExist: create queue 11973.1747241235 (CCH_UPI)...
[05/14/25 17:52:17.210] [T873607] [info] CSXSEventQueueManager::RemoveEventQueueByChannel: remove queue 11973.1747241235 (CCH_UPI) for channel 14...
[05/15/25 01:19:59.462] [T340130] [info] CSXSEventQueueManager::RemoveEventQueueByChannel: remove queue 5347.1747190686 (CCXP) for channel 2...
[05/15/25 01:21:01.019] [T1230008] [info] CSXSEventQueueManager::CreateEventQueueIfNotExist: create queue 15180.1747268461 (CCXP)...
[05/15/25 01:52:02.761] [T1230008] [info] CSXSEventQueueManager::RemoveEventQueueByChannel: remove queue 15180.1747268461 (CCXP) for channel 2...
[05/15/25 01:53:15.877] [T1254527] [info] CSXSEventQueueManager::CreateEventQueueIfNotExist: create queue 15434.1747270395 (CCXP)...
[05/15/25 02:24:17.789] [T1254529] [info] CSXSEventQueueManager::RemoveEventQueueByChannel: remove queue 15434.1747270395 (CCXP) for channel 3...
[05/15/25 02:25:19.863] [T1283973] [info] CSXSEventQueueManager::CreateEventQueueIfNotExist: create queue 15749.1747272319 (CCXP)...
[05/15/25 03:26:22.423] [T1283980] [info] CSXSEventQueueManager::RemoveEventQueueByChannel: remove queue 15749.1747272319 (CCXP) for channel 3...
[05/15/25 03:27:26.202] [T1329603] [info] CSXSEventQueueManager::CreateEventQueueIfNotExist: create queue 16251.1747276046 (CCXP)...
[05/15/25 17:44:21.549] [T1857730] [info] CSXSEventQueueManager::CreateEventQueueIfNotExist: create queue 23145.1747327461 (CCH_UPI)...
[05/15/25 17:49:24.783] [T1857730] [info] CSXSEventQueueManager::RemoveEventQueueByChannel: remove queue 23145.1747327461 (CCH_UPI) for channel 14...
[05/16/25 01:28:08.760] [T1329604] [info] CSXSEventQueueManager::RemoveEventQueueByChannel: remove queue 16251.1747276046 (CCXP) for channel 3...
[05/16/25 01:29:20.730] [T2237679] [info] CSXSEventQueueManager::CreateEventQueueIfNotExist: create queue 29858.1747355360 (CCXP)...
[05/16/25 02:00:21.535] [T2237685] [info] CSXSEventQueueManager::RemoveEventQueueByChannel: remove queue 29858.1747355360 (CCXP) for channel 3...
[05/16/25 02:01:29.218] [T2267001] [info] CSXSEventQueueManager::CreateEventQueueIfNotExist: create queue 30178.1747357289 (CCXP)...
[05/16/25 03:02:31.474] [T2267001] [info] CSXSEventQueueManager::RemoveEventQueueByChannel: remove queue 30178.1747357289 (CCXP) for channel 2...
[05/16/25 03:03:44.117] [T2319740] [info] CSXSEventQueueManager::CreateEventQueueIfNotExist: create queue 30800.1747361024 (CCXP)...
[05/16/25 03:34:46.206] [T2319745] [info] CSXSEventQueueManager::RemoveEventQueueByChannel: remove queue 30800.1747361024 (CCXP) for channel 3...
[05/16/25 03:35:52.675] [T2347028] [info] CSXSEventQueueManager::CreateEventQueueIfNotExist: create queue 31412.1747362952 (CCXP)...
[05/16/25 06:45:56.177] [T6919] [info] AdobeIPCBroker version: 7.2.1
[05/16/25 06:45:56.204] [T6949] [info] CSXSEventQueueManager::CreateEventQueueIfNotExist: create queue 806.1747374356 (CCXP)...
[05/16/25 06:45:58.285] [T7483] [info] CSXSEventQueueManager::CreateEventQueueIfNotExist: create queue 756.1747374358 (ACCC)...
[05/16/25 06:46:01.167] [T7950] [info] CSXSEventQueueManager::CreateEventQueueIfNotExist: create queue 899.1747374361 (ACHP)...
[05/16/25 06:46:01.334] [T8021] [info] CSXSEventQueueManager::CreateEventQueueIfNotExist: create queue 893.1747374361 (ADCS)...
[05/16/25 06:46:02.654] [T8295] [info] CSXSEventQueueManager::CreateEventQueueIfNotExist: create queue 927.1747374362 (COSY)...
[05/16/25 06:46:03.348] [T8410] [info] CSXSEventQueueManager::CreateEventQueueIfNotExist: create queue 940.1747374363 (COSY)...
[05/16/25 06:46:06.433] [T8763] [info] CSXSEventQueueManager::CreateEventQueueIfNotExist: create queue 969.1747374366 (CCH_UPI)...
[05/16/25 06:51:09.046] [T8763] [info] CSXSEventQueueManager::RemoveEventQueueByChannel: remove queue 969.1747374366 (CCH_UPI) for channel 14...
[05/17/25 01:36:21.580] [T6958] [info] CSXSEventQueueManager::RemoveEventQueueByChannel: remove queue 806.1747374356 (CCXP) for channel 4...
[05/17/25 01:37:28.253] [T834409] [info] CSXSEventQueueManager::CreateEventQueueIfNotExist: create queue 17038.1747442248 (CCXP)...
[05/17/25 02:08:30.547] [T834409] [info] CSXSEventQueueManager::RemoveEventQueueByChannel: remove queue 17038.1747442248 (CCXP) for channel 2...
[05/17/25 02:09:43.943] [T858193] [info] CSXSEventQueueManager::CreateEventQueueIfNotExist: create queue 17264.1747444183 (CCXP)...
[05/17/25 03:10:47.217] [T858203] [info] CSXSEventQueueManager::RemoveEventQueueByChannel: remove queue 17264.1747444183 (CCXP) for channel 4...
[05/17/25 03:11:59.552] [T903986] [info] CSXSEventQueueManager::CreateEventQueueIfNotExist: create queue 17647.1747447919 (CCXP)...
[05/17/25 03:43:00.349] [T903986] [info] CSXSEventQueueManager::RemoveEventQueueByChannel: remove queue 17647.1747447919 (CCXP) for channel 2...
[05/17/25 03:44:01.365] [T928476] [info] CSXSEventQueueManager::CreateEventQueueIfNotExist: create queue 17872.1747449841 (CCXP)...
[05/17/25 06:43:11.517] [T1051217] [info] CSXSEventQueueManager::CreateEventQueueIfNotExist: create queue 18948.1747460591 (CCH_UPI)...
[05/17/25 06:48:13.047] [T1051259] [info] CSXSEventQueueManager::RemoveEventQueueByChannel: remove queue 18948.1747460591 (CCH_UPI) for channel 15...
[05/17/25 23:27:14.508] [T6835] [info] AdobeIPCBroker version: 7.2.1
[05/17/25 23:27:14.523] [T6887] [info] CSXSEventQueueManager::CreateEventQueueIfNotExist: create queue 781.1747520834 (CCXP)...
[05/17/25 23:27:16.073] [T7385] [info] CSXSEventQueueManager::CreateEventQueueIfNotExist: create queue 748.1747520836 (ACCC)...
[05/17/25 23:27:16.722] [T7547] [info] CSXSEventQueueManager::CreateEventQueueIfNotExist: create queue 865.1747520836 (ACHP)...
[05/17/25 23:27:16.725] [T7549] [info] CSXSEventQueueManager::CreateEventQueueIfNotExist: create queue 857.1747520836 (ADCS)...
[05/17/25 23:27:24.926] [T8594] [info] CSXSEventQueueManager::CreateEventQueueIfNotExist: create queue 935.1747520844 (COSY)...
[05/17/25 23:27:25.670] [T8686] [info] CSXSEventQueueManager::CreateEventQueueIfNotExist: create queue 948.1747520845 (COSY)...
[05/17/25 23:27:28.315] [T8962] [info] CSXSEventQueueManager::CreateEventQueueIfNotExist: create queue 969.1747520848 (CCH_UPI)...
[05/17/25 23:33:34.875] [T8981] [info] CSXSEventQueueManager::RemoveEventQueueByChannel: remove queue 969.1747520848 (CCH_UPI) for channel 15...
[05/18/25 01:35:45.201] [T6904] [info] CSXSEventQueueManager::RemoveEventQueueByChannel: remove queue 781.1747520834 (CCXP) for channel 3...
[05/18/25 01:36:47.906] [T109604] [info] CSXSEventQueueManager::CreateEventQueueIfNotExist: create queue 2794.1747528607 (CCXP)...
[05/18/25 02:07:50.257] [T109605] [info] CSXSEventQueueManager::RemoveEventQueueByChannel: remove queue 2794.1747528607 (CCXP) for channel 3...
[05/18/25 02:08:51.324] [T132624] [info] CSXSEventQueueManager::CreateEventQueueIfNotExist: create queue 3070.1747530531 (CCXP)...
[05/18/25 03:16:48.154] [T132625] [info] CSXSEventQueueManager::RemoveEventQueueByChannel: remove queue 3070.1747530531 (CCXP) for channel 3...
[05/18/25 03:17:56.215] [T170800] [info] CSXSEventQueueManager::CreateEventQueueIfNotExist: create queue 3914.1747534676 (CCXP)...
[05/18/25 03:48:58.336] [T170801] [info] CSXSEventQueueManager::RemoveEventQueueByChannel: remove queue 3914.1747534676 (CCXP) for channel 3...
[05/18/25 03:50:01.110] [T195197] [info] CSXSEventQueueManager::CreateEventQueueIfNotExist: create queue 4384.1747536601 (CCXP)...
[05/18/25 16:37:07.024] [T6713] [info] AdobeIPCBroker version: 7.2.1
[05/18/25 16:37:07.030] [T6732] [info] CSXSEventQueueManager::CreateEventQueueIfNotExist: create queue 787.1747582626 (CCXP)...
[05/18/25 16:37:07.701] [T6932] [info] CSXSEventQueueManager::CreateEventQueueIfNotExist: create queue 737.1747582627 (ACCC)...
[05/18/25 16:37:09.258] [T7395] [info] CSXSEventQueueManager::CreateEventQueueIfNotExist: create queue 851.1747582629 (ACHP)...
[05/18/25 16:37:09.279] [T7400] [info] CSXSEventQueueManager::CreateEventQueueIfNotExist: create queue 847.1747582629 (ADCS)...
[05/18/25 16:37:15.683] [T8131] [info] CSXSEventQueueManager::CreateEventQueueIfNotExist: create queue 899.1747582635 (COSY)...
[05/18/25 16:37:16.020] [T8193] [info] CSXSEventQueueManager::CreateEventQueueIfNotExist: create queue 908.1747582636 (COSY)...
[05/18/25 16:37:18.253] [T8531] [info] CSXSEventQueueManager::CreateEventQueueIfNotExist: create queue 944.1747582638 (CCH_UPI)...
[05/18/25 16:42:23.335] [T8545] [info] CSXSEventQueueManager::RemoveEventQueueByChannel: remove queue 944.1747582638 (CCH_UPI) for channel 15...
[05/19/25 01:40:59.483] [T7826] [info] AdobeIPCBroker version: 7.2.1
[05/19/25 01:40:59.485] [T7848] [info] CSXSEventQueueManager::CreateEventQueueIfNotExist: create queue 809.1747615259 (CCXP)...
[05/19/25 01:41:00.448] [T8037] [info] CSXSEventQueueManager::CreateEventQueueIfNotExist: create queue 765.1747615260 (ACCC)...
[05/19/25 01:41:01.474] [T8309] [info] CSXSEventQueueManager::CreateEventQueueIfNotExist: create queue 874.1747615261 (ADCS)...
[05/19/25 01:41:01.500] [T8327] [info] CSXSEventQueueManager::CreateEventQueueIfNotExist: create queue 883.1747615261 (ACHP)...
[05/19/25 01:41:09.067] [T9379] [info] CSXSEventQueueManager::CreateEventQueueIfNotExist: create queue 949.1747615269 (COSY)...
[05/19/25 01:41:09.810] [T9499] [info] CSXSEventQueueManager::CreateEventQueueIfNotExist: create queue 960.1747615269 (COSY)...
[05/19/25 01:41:12.132] [T9860] [info] CSXSEventQueueManager::CreateEventQueueIfNotExist: create queue 986.1747615272 (CCH_UPI)...
[05/19/25 01:46:17.184] [T9860] [info] CSXSEventQueueManager::RemoveEventQueueByChannel: remove queue 986.1747615272 (CCH_UPI) for channel 14...
[05/19/25 02:12:02.110] [T7855] [info] CSXSEventQueueManager::RemoveEventQueueByChannel: remove queue 809.1747615259 (CCXP) for channel 3...
[05/19/25 02:13:08.198] [T38444] [info] CSXSEventQueueManager::CreateEventQueueIfNotExist: create queue 1476.1747617188 (CCXP)...
[05/19/25 03:14:12.092] [T38451] [info] CSXSEventQueueManager::RemoveEventQueueByChannel: remove queue 1476.1747617188 (CCXP) for channel 3...
[05/19/25 03:15:14.144] [T94817] [info] CSXSEventQueueManager::CreateEventQueueIfNotExist: create queue 2822.1747620914 (CCXP)...
[05/19/25 03:46:15.975] [T94817] [info] CSXSEventQueueManager::RemoveEventQueueByChannel: remove queue 2822.1747620914 (CCXP) for channel 2...
[05/19/25 03:47:16.972] [T120324] [info] CSXSEventQueueManager::CreateEventQueueIfNotExist: create queue 3567.1747622836 (CCXP)...
[05/20/25 01:18:18.792] [T120325] [info] CSXSEventQueueManager::RemoveEventQueueByChannel: remove queue 3567.1747622836 (CCXP) for channel 3...
[05/20/25 01:19:22.347] [T816123] [info] CSXSEventQueueManager::CreateEventQueueIfNotExist: create queue 12945.1747700362 (CCXP)...
[05/20/25 01:38:18.664] [T831638] [info] CSXSEventQueueManager::CreateEventQueueIfNotExist: create queue 13133.1747701498 (CCH_UPI)...
[05/20/25 01:43:21.469] [T831638] [info] CSXSEventQueueManager::RemoveEventQueueByChannel: remove queue 13133.1747701498 (CCH_UPI) for channel 14...
[05/20/25 01:50:23.918] [T816123] [info] CSXSEventQueueManager::RemoveEventQueueByChannel: remove queue 12945.1747700362 (CCXP) for channel 2...
[05/20/25 01:51:26.337] [T844288] [info] CSXSEventQueueManager::CreateEventQueueIfNotExist: create queue 13447.1747702286 (CCXP)...
[05/20/25 02:22:28.655] [T844293] [info] CSXSEventQueueManager::RemoveEventQueueByChannel: remove queue 13447.1747702286 (CCXP) for channel 3...
[05/20/25 02:23:36.235] [T881041] [info] CSXSEventQueueManager::CreateEventQueueIfNotExist: create queue 14286.1747704216 (CCXP)...
[05/20/25 03:24:38.530] [T881041] [info] CSXSEventQueueManager::RemoveEventQueueByChannel: remove queue 14286.1747704216 (CCXP) for channel 2...
[05/20/25 03:25:46.681] [T927954] [info] CSXSEventQueueManager::CreateEventQueueIfNotExist: create queue 14984.1747707946 (CCXP)...
[05/20/25 05:15:17.887] [T6801] [info] AdobeIPCBroker version: 7.2.1
[05/20/25 05:15:17.916] [T6860] [info] CSXSEventQueueManager::CreateEventQueueIfNotExist: create queue 787.1747714517 (CCXP)...
[05/20/25 05:15:18.908] [T7216] [info] CSXSEventQueueManager::CreateEventQueueIfNotExist: create queue 732.1747714518 (ACCC)...
[05/20/25 05:15:19.751] [T7407] [info] CSXSEventQueueManager::CreateEventQueueIfNotExist: create queue 841.1747714519 (ADCS)...
[05/20/25 05:15:19.751] [T7409] [info] CSXSEventQueueManager::CreateEventQueueIfNotExist: create queue 846.1747714519 (ACHP)...
[05/20/25 05:15:25.937] [T8124] [info] CSXSEventQueueManager::CreateEventQueueIfNotExist: create queue 900.1747714525 (COSY)...
[05/20/25 05:15:26.698] [T8205] [info] CSXSEventQueueManager::CreateEventQueueIfNotExist: create queue 911.1747714526 (COSY)...
[05/20/25 05:15:29.613] [T8811] [info] CSXSEventQueueManager::CreateEventQueueIfNotExist: create queue 947.1747714529 (CCH_UPI)...
[05/20/25 05:20:31.595] [T8837] [info] CSXSEventQueueManager::RemoveEventQueueByChannel: remove queue 947.1747714529 (CCH_UPI) for channel 15...
[05/21/25 01:21:10.391] [T6860] [info] CSXSEventQueueManager::RemoveEventQueueByChannel: remove queue 787.1747714517 (CCXP) for channel 2...
[05/21/25 01:22:11.649] [T477850] [info] CSXSEventQueueManager::CreateEventQueueIfNotExist: create queue 11510.1747786931 (CCXP)...
[05/21/25 01:53:12.591] [T477850] [info] CSXSEventQueueManager::RemoveEventQueueByChannel: remove queue 11510.1747786931 (CCXP) for channel 2...
[05/21/25 01:54:19.056] [T518969] [info] CSXSEventQueueManager::CreateEventQueueIfNotExist: create queue 14235.1747788859 (CCXP)...
[05/21/25 02:25:23.056] [T518969] [info] CSXSEventQueueManager::RemoveEventQueueByChannel: remove queue 14235.1747788859 (CCXP) for channel 2...
[05/21/25 02:26:29.288] [T547386] [info] CSXSEventQueueManager::CreateEventQueueIfNotExist: create queue 14518.1747790789 (CCXP)...
[05/21/25 03:46:34.759] [T547386] [info] CSXSEventQueueManager::RemoveEventQueueByChannel: remove queue 14518.1747790789 (CCXP) for channel 2...
[05/21/25 03:47:36.629] [T571297] [info] CSXSEventQueueManager::CreateEventQueueIfNotExist: create queue 14863.1747795656 (CCXP)...
[05/21/25 05:27:11.554] [T580966] [info] CSXSEventQueueManager::CreateEventQueueIfNotExist: create queue 15082.1747801631 (ACHP)...
[05/21/25 05:27:12.150] [T581040] [info] CSXSEventQueueManager::CreateEventQueueIfNotExist: create queue 15086.1747801632 (CCH_UPI)...
[05/21/25 05:27:13.979] [T7409] [info] CSXSEventQueueManager::RemoveEventQueueByChannel: remove queue 846.1747714519 (ACHP) for channel 6...
[05/21/25 05:48:00.310] [T581040] [info] CSXSEventQueueManager::RemoveEventQueueByChannel: remove queue 15086.1747801632 (CCH_UPI) for channel 16...
[05/22/25 01:35:45.939] [T571298] [info] CSXSEventQueueManager::RemoveEventQueueByChannel: remove queue 14863.1747795656 (CCXP) for channel 3...
[05/22/25 01:36:53.569] [T1188423] [info] CSXSEventQueueManager::CreateEventQueueIfNotExist: create queue 23565.1747874213 (CCXP)...
[05/22/25 02:08:08.413] [T7105] [info] AdobeIPCBroker version: 7.2.1
[05/22/25 02:08:08.454] [T7115] [info] CSXSEventQueueManager::CreateEventQueueIfNotExist: create queue 792.1747876088 (CCXP)...
[05/22/25 02:08:09.450] [T7319] [info] CSXSEventQueueManager::CreateEventQueueIfNotExist: create queue 747.1747876089 (ACCC)...
[05/22/25 02:08:11.810] [T7824] [info] CSXSEventQueueManager::CreateEventQueueIfNotExist: create queue 882.1747876091 (ACHP)...
[05/22/25 02:08:12.378] [T7939] [info] CSXSEventQueueManager::CreateEventQueueIfNotExist: create queue 878.1747876092 (ADCS)...
[05/22/25 02:08:14.736] [T8284] [info] CSXSEventQueueManager::CreateEventQueueIfNotExist: create queue 922.1747876094 (COSY)...
[05/22/25 02:08:16.035] [T8466] [info] CSXSEventQueueManager::CreateEventQueueIfNotExist: create queue 939.1747876096 (COSY)...
[05/22/25 02:08:17.557] [T8675] [info] CSXSEventQueueManager::CreateEventQueueIfNotExist: create queue 959.1747876097 (CCH_UPI)...
[05/22/25 02:13:20.258] [T8675] [info] CSXSEventQueueManager::RemoveEventQueueByChannel: remove queue 959.1747876097 (CCH_UPI) for channel 14...
[05/22/25 02:39:09.408] [T7115] [info] CSXSEventQueueManager::RemoveEventQueueByChannel: remove queue 792.1747876088 (CCXP) for channel 2...
[05/22/25 02:40:12.306] [T37751] [info] CSXSEventQueueManager::CreateEventQueueIfNotExist: create queue 1435.1747878012 (CCXP)...
[05/22/25 03:41:15.488] [T37751] [info] CSXSEventQueueManager::RemoveEventQueueByChannel: remove queue 1435.1747878012 (CCXP) for channel 2...
[05/22/25 03:42:28.681] [T75588] [info] CSXSEventQueueManager::CreateEventQueueIfNotExist: create queue 1865.1747881748 (CCXP)...
[05/23/25 01:04:04.403] [T75588] [info] CSXSEventQueueManager::RemoveEventQueueByChannel: remove queue 1865.1747881748 (CCXP) for channel 2...
[05/23/25 01:05:11.888] [T818252] [info] CSXSEventQueueManager::CreateEventQueueIfNotExist: create queue 12688.1747958711 (CCXP)...
[05/23/25 01:36:14.472] [T818252] [info] CSXSEventQueueManager::RemoveEventQueueByChannel: remove queue 12688.1747958711 (CCXP) for channel 2...
[05/23/25 01:37:16.225] [T844002] [info] CSXSEventQueueManager::CreateEventQueueIfNotExist: create queue 12986.1747960636 (CCXP)...
[05/23/25 02:05:24.985] [T866431] [info] CSXSEventQueueManager::CreateEventQueueIfNotExist: create queue 13154.1747962324 (CCH_UPI)...
[05/23/25 02:08:16.788] [T844002] [info] CSXSEventQueueManager::RemoveEventQueueByChannel: remove queue 12986.1747960636 (CCXP) for channel 2...
[05/23/25 02:09:23.321] [T870145] [info] CSXSEventQueueManager::CreateEventQueueIfNotExist: create queue 13223.1747962563 (CCXP)...
[05/23/25 02:10:27.025] [T866458] [info] CSXSEventQueueManager::RemoveEventQueueByChannel: remove queue 13154.1747962324 (CCH_UPI) for channel 15...
[05/23/25 02:40:24.131] [T870146] [info] CSXSEventQueueManager::RemoveEventQueueByChannel: remove queue 13223.1747962563 (CCXP) for channel 3...
[05/23/25 02:41:28.978] [T896724] [info] CSXSEventQueueManager::CreateEventQueueIfNotExist: create queue 13492.1747964488 (CCXP)...
[05/23/25 09:27:52.883] [T7176] [info] AdobeIPCBroker version: 7.2.1
[05/23/25 09:27:52.898] [T7215] [info] CSXSEventQueueManager::CreateEventQueueIfNotExist: create queue 796.1747988872 (CCXP)...
[05/23/25 09:27:53.120] [T7337] [info] CSXSEventQueueManager::CreateEventQueueIfNotExist: create queue 723.1747988873 (ACCC)...
[05/23/25 09:27:55.927] [T7766] [info] CSXSEventQueueManager::CreateEventQueueIfNotExist: create queue 866.1747988875 (ACHP)...
[05/23/25 09:27:56.025] [T7824] [info] CSXSEventQueueManager::CreateEventQueueIfNotExist: create queue 863.1747988876 (ADCS)...
[05/23/25 09:28:05.401] [T8936] [info] CSXSEventQueueManager::CreateEventQueueIfNotExist: create queue 956.1747988885 (COSY)...
[05/23/25 09:28:06.652] [T9027] [info] CSXSEventQueueManager::CreateEventQueueIfNotExist: create queue 967.1747988886 (COSY)...
[05/23/25 09:28:08.140] [T9270] [info] CSXSEventQueueManager::CreateEventQueueIfNotExist: create queue 983.1747988888 (CCH_UPI)...
[05/23/25 09:33:10.616] [T9293] [info] CSXSEventQueueManager::RemoveEventQueueByChannel: remove queue 983.1747988888 (CCH_UPI) for channel 15...
[05/24/25 00:00:15.356] [T6718] [info] AdobeIPCBroker version: 7.2.1
[05/24/25 00:00:15.394] [T6751] [info] CSXSEventQueueManager::CreateEventQueueIfNotExist: create queue 779.1748041215 (CCXP)...
[05/24/25 00:00:16.273] [T7014] [info] CSXSEventQueueManager::CreateEventQueueIfNotExist: create queue 716.1748041216 (ACCC)...
[05/24/25 00:00:18.963] [T7517] [info] CSXSEventQueueManager::CreateEventQueueIfNotExist: create queue 869.1748041218 (ADCS)...
[05/24/25 00:00:19.021] [T7519] [info] CSXSEventQueueManager::CreateEventQueueIfNotExist: create queue 875.1748041219 (ACHP)...
[05/24/25 00:00:23.899] [T7987] [info] CSXSEventQueueManager::CreateEventQueueIfNotExist: create queue 902.1748041223 (COSY)...
[05/24/25 00:00:24.674] [T8113] [info] CSXSEventQueueManager::CreateEventQueueIfNotExist: create queue 912.1748041224 (COSY)...
[05/24/25 00:00:29.654] [T9020] [info] CSXSEventQueueManager::CreateEventQueueIfNotExist: create queue 985.1748041229 (CCH_UPI)...
[05/24/25 00:05:31.534] [T9034] [info] CSXSEventQueueManager::RemoveEventQueueByChannel: remove queue 985.1748041229 (CCH_UPI) for channel 15...
[05/24/25 01:31:17.600] [T6751] [info] CSXSEventQueueManager::RemoveEventQueueByChannel: remove queue 779.1748041215 (CCXP) for channel 2...
[05/24/25 01:32:25.295] [T118242] [info] CSXSEventQueueManager::CreateEventQueueIfNotExist: create queue 2786.1748046745 (CCXP)...
[05/24/25 02:03:27.532] [T118245] [info] CSXSEventQueueManager::RemoveEventQueueByChannel: remove queue 2786.1748046745 (CCXP) for channel 3...
[05/24/25 02:04:28.636] [T164428] [info] CSXSEventQueueManager::CreateEventQueueIfNotExist: create queue 3434.1748048668 (CCXP)...
[05/24/25 02:35:30.231] [T164428] [info] CSXSEventQueueManager::RemoveEventQueueByChannel: remove queue 3434.1748048668 (CCXP) for channel 2...
[05/24/25 02:36:31.155] [T198204] [info] CSXSEventQueueManager::CreateEventQueueIfNotExist: create queue 3998.1748050591 (CCXP)...
[05/24/25 03:37:33.329] [T198205] [info] CSXSEventQueueManager::RemoveEventQueueByChannel: remove queue 3998.1748050591 (CCXP) for channel 3...
[05/24/25 03:38:39.731] [T261898] [info] CSXSEventQueueManager::CreateEventQueueIfNotExist: create queue 5056.1748054319 (CCXP)...
[05/24/25 15:31:40.845] [T6922] [info] AdobeIPCBroker version: 7.2.1
[05/24/25 15:31:40.885] [T6941] [info] CSXSEventQueueManager::CreateEventQueueIfNotExist: create queue 790.1748097100 (CCXP)...
[05/24/25 15:31:41.566] [T7125] [info] CSXSEventQueueManager::CreateEventQueueIfNotExist: create queue 735.1748097101 (ACCC)...
[05/24/25 15:31:42.069] [T7265] [info] CSXSEventQueueManager::CreateEventQueueIfNotExist: create queue 840.1748097102 (ACHP)...
[05/24/25 15:31:42.148] [T7301] [info] CSXSEventQueueManager::CreateEventQueueIfNotExist: create queue 836.1748097102 (ADCS)...
[05/24/25 15:31:47.087] [T7936] [info] CSXSEventQueueManager::CreateEventQueueIfNotExist: create queue 892.1748097107 (COSY)...
[05/24/25 15:31:48.040] [T8026] [info] CSXSEventQueueManager::CreateEventQueueIfNotExist: create queue 905.1748097108 (COSY)...
[05/24/25 15:31:50.237] [T8364] [info] CSXSEventQueueManager::CreateEventQueueIfNotExist: create queue 943.1748097110 (CCH_UPI)...
[05/24/25 15:36:52.183] [T8364] [info] CSXSEventQueueManager::RemoveEventQueueByChannel: remove queue 943.1748097110 (CCH_UPI) for channel 14...
[05/24/25 15:46:35.977] [T7112] [info] AdobeIPCBroker version: 7.2.1
[05/24/25 15:46:36.025] [T7162] [info] CSXSEventQueueManager::CreateEventQueueIfNotExist: create queue 811.1748097995 (CCXP)...
[05/24/25 15:46:36.774] [T7432] [info] CSXSEventQueueManager::CreateEventQueueIfNotExist: create queue 792.1748097996 (ACCC)...
[05/24/25 15:46:38.354] [T7731] [info] CSXSEventQueueManager::CreateEventQueueIfNotExist: create queue 871.1748097998 (ACHP)...
[05/24/25 15:46:38.379] [T7755] [info] CSXSEventQueueManager::CreateEventQueueIfNotExist: create queue 864.1748097998 (ADCS)...
[05/24/25 15:46:45.802] [T8484] [info] CSXSEventQueueManager::CreateEventQueueIfNotExist: create queue 918.1748098005 (COSY)...
[05/24/25 15:46:46.836] [T8675] [info] CSXSEventQueueManager::CreateEventQueueIfNotExist: create queue 932.1748098006 (COSY)...
[05/24/25 15:46:49.240] [T9020] [info] CSXSEventQueueManager::CreateEventQueueIfNotExist: create queue 962.1748098009 (CCH_UPI)...
[05/24/25 15:51:51.407] [T9020] [info] CSXSEventQueueManager::RemoveEventQueueByChannel: remove queue 962.1748098009 (CCH_UPI) for channel 14...
[05/25/25 01:21:55.497] [T7162] [info] CSXSEventQueueManager::RemoveEventQueueByChannel: remove queue 811.1748097995 (CCXP) for channel 2...
[05/25/25 01:22:56.925] [T431874] [info] CSXSEventQueueManager::CreateEventQueueIfNotExist: create queue 7438.1748132576 (CCXP)...
[05/25/25 01:53:59.175] [T431880] [info] CSXSEventQueueManager::RemoveEventQueueByChannel: remove queue 7438.1748132576 (CCXP) for channel 3...
[05/25/25 01:55:02.769] [T454062] [info] CSXSEventQueueManager::CreateEventQueueIfNotExist: create queue 7734.1748134502 (CCXP)...
[05/25/25 02:26:04.739] [T454067] [info] CSXSEventQueueManager::RemoveEventQueueByChannel: remove queue 7734.1748134502 (CCXP) for channel 3...
[05/25/25 02:27:06.968] [T476859] [info] CSXSEventQueueManager::CreateEventQueueIfNotExist: create queue 7977.1748136426 (CCXP)...
[05/25/25 03:28:08.890] [T476859] [info] CSXSEventQueueManager::RemoveEventQueueByChannel: remove queue 7977.1748136426 (CCXP) for channel 2...
[05/25/25 03:29:15.516] [T524743] [info] CSXSEventQueueManager::CreateEventQueueIfNotExist: create queue 8336.1748140155 (CCXP)...
[05/25/25 15:43:54.245] [T867675] [info] CSXSEventQueueManager::CreateEventQueueIfNotExist: create queue 12418.1748184234 (CCH_UPI)...
[05/25/25 15:48:55.498] [T867675] [info] CSXSEventQueueManager::RemoveEventQueueByChannel: remove queue 12418.1748184234 (CCH_UPI) for channel 14...
[05/26/25 01:52:38.475] [T524743] [info] CSXSEventQueueManager::RemoveEventQueueByChannel: remove queue 8336.1748140155 (CCXP) for channel 2...
[05/26/25 01:53:40.342] [T1167868] [info] CSXSEventQueueManager::CreateEventQueueIfNotExist: create queue 16161.1748220820 (CCXP)...
[05/26/25 02:28:20.457] [T1167868] [info] CSXSEventQueueManager::RemoveEventQueueByChannel: remove queue 16161.1748220820 (CCXP) for channel 2...
[05/26/25 02:29:23.712] [T1171549] [info] CSXSEventQueueManager::CreateEventQueueIfNotExist: create queue 16250.1748222963 (CCXP)...
[05/26/25 03:43:32.649] [T1171550] [info] CSXSEventQueueManager::RemoveEventQueueByChannel: remove queue 16250.1748222963 (CCXP) for channel 3...
[05/26/25 03:44:34.002] [T1180538] [info] CSXSEventQueueManager::CreateEventQueueIfNotExist: create queue 16636.1748227474 (CCXP)...
[05/26/25 04:23:56.233] [T1180539] [info] CSXSEventQueueManager::RemoveEventQueueByChannel: remove queue 16636.1748227474 (CCXP) for channel 3...
[05/26/25 04:40:24.246] [T1186905] [info] CSXSEventQueueManager::CreateEventQueueIfNotExist: create queue 16788.1748230824 (CCXP)...
[05/26/25 15:40:59.098] [T1352044] [info] CSXSEventQueueManager::CreateEventQueueIfNotExist: create queue 19776.1748270459 (CCH_UPI)...
[05/26/25 15:46:01.868] [T1352044] [info] CSXSEventQueueManager::RemoveEventQueueByChannel: remove queue 19776.1748270459 (CCH_UPI) for channel 14...
[05/27/25 01:12:38.734] [T1186905] [info] CSXSEventQueueManager::RemoveEventQueueByChannel: remove queue 16788.1748230824 (CCXP) for channel 2...
[05/27/25 01:13:58.154] [T2077307] [info] CSXSEventQueueManager::CreateEventQueueIfNotExist: create queue 36064.1748304838 (CCXP)...
[05/27/25 01:45:01.094] [T2077307] [info] CSXSEventQueueManager::RemoveEventQueueByChannel: remove queue 36064.1748304838 (CCXP) for channel 2...
[05/27/25 01:46:08.506] [T2120090] [info] CSXSEventQueueManager::CreateEventQueueIfNotExist: create queue 36941.1748306768 (CCXP)...
[05/27/25 02:17:38.567] [T2120095] [info] CSXSEventQueueManager::RemoveEventQueueByChannel: remove queue 36941.1748306768 (CCXP) for channel 3...
[05/27/25 02:21:30.322] [T2156962] [info] CSXSEventQueueManager::CreateEventQueueIfNotExist: create queue 37477.1748308890 (CCXP)...
[05/27/25 02:52:33.070] [T2156967] [info] CSXSEventQueueManager::RemoveEventQueueByChannel: remove queue 37477.1748308890 (CCXP) for channel 3...
[05/27/25 02:59:33.527] [T7396] [info] AdobeIPCBroker version: 7.2.1
[05/27/25 02:59:33.560] [T7421] [info] CSXSEventQueueManager::CreateEventQueueIfNotExist: create queue 798.1748311173 (CCXP)...
[05/27/25 02:59:34.681] [T7770] [info] CSXSEventQueueManager::CreateEventQueueIfNotExist: create queue 741.1748311174 (ACCC)...
[05/27/25 02:59:35.436] [T7935] [info] CSXSEventQueueManager::CreateEventQueueIfNotExist: create queue 857.1748311175 (ACHP)...
[05/27/25 02:59:35.457] [T7942] [info] CSXSEventQueueManager::CreateEventQueueIfNotExist: create queue 852.1748311175 (ADCS)...
[05/27/25 02:59:46.356] [T9168] [info] CSXSEventQueueManager::CreateEventQueueIfNotExist: create queue 954.1748311186 (COSY)...
[05/27/25 02:59:46.826] [T9241] [info] CSXSEventQueueManager::CreateEventQueueIfNotExist: create queue 969.1748311186 (COSY)...
[05/27/25 02:59:49.259] [T9503] [info] CSXSEventQueueManager::CreateEventQueueIfNotExist: create queue 984.1748311189 (CCH_UPI)...
[05/27/25 03:04:50.755] [T9503] [info] CSXSEventQueueManager::RemoveEventQueueByChannel: remove queue 984.1748311189 (CCH_UPI) for channel 23...
[05/27/25 20:40:16.337] [T9270] [info] AdobeIPCBroker version: 7.2.1
[05/27/25 20:40:16.379] [T9292] [info] CSXSEventQueueManager::CreateEventQueueIfNotExist: create queue 955.1748374816 (CCXP)...
[05/27/25 20:40:17.709] [T9527] [info] CSXSEventQueueManager::CreateEventQueueIfNotExist: create queue 941.1748374817 (ACCC)...
[05/27/25 20:40:19.057] [T9893] [info] CSXSEventQueueManager::CreateEventQueueIfNotExist: create queue 998.1748374819 (ADCS)...
[05/27/25 20:40:19.217] [T9955] [info] CSXSEventQueueManager::CreateEventQueueIfNotExist: create queue 1007.1748374819 (ACHP)...
[05/27/25 20:40:19.883] [T10092] [info] CSXSEventQueueManager::CreateEventQueueIfNotExist: create queue 1015.1748374819 (COSY)...
[05/27/25 20:40:20.490] [T10175] [info] CSXSEventQueueManager::CreateEventQueueIfNotExist: create queue 1025.1748374820 (COSY)...
[05/27/25 20:40:23.765] [T10601] [info] CSXSEventQueueManager::CreateEventQueueIfNotExist: create queue 1052.1748374823 (CCH_UPI)...
[05/27/25 20:45:32.856] [T10601] [info] CSXSEventQueueManager::RemoveEventQueueByChannel: remove queue 1052.1748374823 (CCH_UPI) for channel 14...
[05/28/25 01:11:17.356] [T9294] [info] CSXSEventQueueManager::RemoveEventQueueByChannel: remove queue 955.1748374816 (CCXP) for channel 3...
[05/28/25 01:12:30.921] [T262702] [info] CSXSEventQueueManager::CreateEventQueueIfNotExist: create queue 6159.1748391150 (CCXP)...
[05/28/25 01:43:31.831] [T262702] [info] CSXSEventQueueManager::RemoveEventQueueByChannel: remove queue 6159.1748391150 (CCXP) for channel 2...
[05/28/25 01:44:46.096] [T300332] [info] CSXSEventQueueManager::CreateEventQueueIfNotExist: create queue 7118.1748393086 (CCXP)...
[05/28/25 02:19:31.514] [T6715] [info] AdobeIPCBroker version: 7.2.1
[05/28/25 02:19:31.579] [T6745] [info] CSXSEventQueueManager::CreateEventQueueIfNotExist: create queue 784.1748395171 (CCXP)...
[05/28/25 02:19:33.049] [T7191] [info] CSXSEventQueueManager::CreateEventQueueIfNotExist: create queue 758.1748395173 (ACCC)...
[05/28/25 02:19:33.868] [T7380] [info] CSXSEventQueueManager::CreateEventQueueIfNotExist: create queue 847.1748395173 (ADCS)...
[05/28/25 02:19:33.885] [T7400] [info] CSXSEventQueueManager::CreateEventQueueIfNotExist: create queue 856.1748395173 (ACHP)...
[05/28/25 02:19:40.834] [T8595] [info] CSXSEventQueueManager::CreateEventQueueIfNotExist: create queue 935.1748395180 (COSY)...
[05/28/25 02:19:41.166] [T8652] [info] CSXSEventQueueManager::CreateEventQueueIfNotExist: create queue 942.1748395181 (COSY)...
[05/28/25 02:19:43.619] [T8906] [info] CSXSEventQueueManager::CreateEventQueueIfNotExist: create queue 965.1748395183 (CCH_UPI)...
[05/28/25 02:24:45.626] [T8906] [info] CSXSEventQueueManager::RemoveEventQueueByChannel: remove queue 965.1748395183 (CCH_UPI) for channel 14...
[05/28/25 02:50:33.778] [T6745] [info] CSXSEventQueueManager::RemoveEventQueueByChannel: remove queue 784.1748395171 (CCXP) for channel 2...
[05/28/25 02:51:39.725] [T41951] [info] CSXSEventQueueManager::CreateEventQueueIfNotExist: create queue 1611.1748397099 (CCXP)...
[05/28/25 07:04:12.958] [T7463] [info] AdobeIPCBroker version: 7.2.1
[05/28/25 07:04:13.007] [T7494] [info] CSXSEventQueueManager::CreateEventQueueIfNotExist: create queue 807.1748412252 (CCXP)...
[05/28/25 07:04:13.731] [T7673] [info] CSXSEventQueueManager::CreateEventQueueIfNotExist: create queue 749.1748412253 (ACCC)...
[05/28/25 07:04:14.332] [T7830] [info] CSXSEventQueueManager::CreateEventQueueIfNotExist: create queue 857.1748412254 (ACHP)...
[05/28/25 07:04:14.339] [T7836] [info] CSXSEventQueueManager::CreateEventQueueIfNotExist: create queue 853.1748412254 (ADCS)...
[05/28/25 07:04:20.626] [T8551] [info] CSXSEventQueueManager::CreateEventQueueIfNotExist: create queue 915.1748412260 (COSY)...
[05/28/25 07:04:21.371] [T8670] [info] CSXSEventQueueManager::CreateEventQueueIfNotExist: create queue 924.1748412261 (COSY)...
[05/28/25 07:04:23.569] [T8956] [info] CSXSEventQueueManager::CreateEventQueueIfNotExist: create queue 953.1748412263 (CCH_UPI)...
[05/28/25 07:09:25.640] [T8956] [info] CSXSEventQueueManager::RemoveEventQueueByChannel: remove queue 953.1748412263 (CCH_UPI) for channel 23...
[05/28/25 14:38:18.533] [T8719] [info] AdobeIPCBroker version: 7.2.1
[05/28/25 14:38:18.574] [T8730] [info] CSXSEventQueueManager::CreateEventQueueIfNotExist: create queue 817.1748439498 (CCXP)...
[05/28/25 14:38:19.152] [T8863] [info] CSXSEventQueueManager::CreateEventQueueIfNotExist: create queue 751.1748439499 (ACCC)...
[05/28/25 14:38:19.821] [T9013] [info] CSXSEventQueueManager::CreateEventQueueIfNotExist: create queue 859.1748439499 (ACHP)...
[05/28/25 14:38:19.838] [T9025] [info] CSXSEventQueueManager::CreateEventQueueIfNotExist: create queue 854.1748439499 (ADCS)...
[05/28/25 14:38:24.246] [T9660] [info] CSXSEventQueueManager::CreateEventQueueIfNotExist: create queue 915.1748439504 (COSY)...
[05/28/25 14:38:24.686] [T9747] [info] CSXSEventQueueManager::CreateEventQueueIfNotExist: create queue 928.1748439504 (COSY)...
[05/28/25 14:38:26.913] [T10164] [info] CSXSEventQueueManager::CreateEventQueueIfNotExist: create queue 970.1748439506 (CCH_UPI)...
[05/28/25 14:43:28.757] [T10164] [info] CSXSEventQueueManager::RemoveEventQueueByChannel: remove queue 970.1748439506 (CCH_UPI) for channel 14...
[05/29/25 01:09:21.502] [T8730] [info] CSXSEventQueueManager::RemoveEventQueueByChannel: remove queue 817.1748439498 (CCXP) for channel 2...
[05/29/25 01:10:33.348] [T559920] [info] CSXSEventQueueManager::CreateEventQueueIfNotExist: create queue 10284.1748477433 (CCXP)...
[05/29/25 01:41:37.796] [T559920] [info] CSXSEventQueueManager::RemoveEventQueueByChannel: remove queue 10284.1748477433 (CCXP) for channel 2...
[05/29/25 01:42:39.084] [T571072] [info] CSXSEventQueueManager::CreateEventQueueIfNotExist: create queue 10588.1748479359 (CCXP)...
[05/29/25 02:13:41.501] [T571079] [info] CSXSEventQueueManager::RemoveEventQueueByChannel: remove queue 10588.1748479359 (CCXP) for channel 3...
[05/29/25 02:14:44.658] [T598359] [info] CSXSEventQueueManager::CreateEventQueueIfNotExist: create queue 11042.1748481284 (CCXP)...
[05/29/25 02:45:45.139] [T598369] [info] CSXSEventQueueManager::RemoveEventQueueByChannel: remove queue 11042.1748481284 (CCXP) for channel 3...
[05/29/25 02:46:51.491] [T625748] [info] CSXSEventQueueManager::CreateEventQueueIfNotExist: create queue 11464.1748483211 (CCXP)...
[05/29/25 14:35:32.291] [T823371] [info] CSXSEventQueueManager::CreateEventQueueIfNotExist: create queue 15002.1748525732 (CCH_UPI)...
[05/29/25 14:35:32.755] [T823454] [info] CSXSEventQueueManager::CreateEventQueueIfNotExist: create queue 14996.1748525732 (ACHP)...
[05/29/25 14:35:35.107] [T9013] [info] CSXSEventQueueManager::RemoveEventQueueByChannel: remove queue 859.1748439499 (ACHP) for channel 5...
[05/29/25 14:35:40.283] [T625748] [info] CSXSEventQueueManager::RemoveEventQueueByChannel: remove queue 11464.1748483211 (CCXP) for channel 2...
[05/29/25 14:36:26.314] [T824950] [info] CSXSEventQueueManager::CreateEventQueueIfNotExist: create queue 15105.1748525786 (CCXP)...
[05/29/25 14:40:42.991] [T823417] [info] CSXSEventQueueManager::RemoveEventQueueByChannel: remove queue 15002.1748525732 (CCH_UPI) for channel 15...
[05/30/25 01:37:28.594] [T824952] [info] CSXSEventQueueManager::RemoveEventQueueByChannel: remove queue 15105.1748525786 (CCXP) for channel 3...
[05/30/25 01:38:38.374] [T1297455] [info] CSXSEventQueueManager::CreateEventQueueIfNotExist: create queue 22478.1748565518 (CCXP)...
[05/30/25 02:09:39.096] [T1297461] [info] CSXSEventQueueManager::RemoveEventQueueByChannel: remove queue 22478.1748565518 (CCXP) for channel 3...
[05/30/25 02:10:54.806] [T1321018] [info] CSXSEventQueueManager::CreateEventQueueIfNotExist: create queue 22684.1748567454 (CCXP)...
[05/30/25 02:41:57.862] [T1321022] [info] CSXSEventQueueManager::RemoveEventQueueByChannel: remove queue 22684.1748567454 (CCXP) for channel 3...
[05/30/25 02:43:00.760] [T1352175] [info] CSXSEventQueueManager::CreateEventQueueIfNotExist: create queue 23213.1748569380 (CCXP)...
[05/30/25 03:44:02.398] [T1352175] [info] CSXSEventQueueManager::RemoveEventQueueByChannel: remove queue 23213.1748569380 (CCXP) for channel 2...
[05/30/25 03:45:19.159] [T1401148] [info] CSXSEventQueueManager::CreateEventQueueIfNotExist: create queue 23711.1748573119 (CCXP)...
[05/30/25 06:00:23.078] [T6611] [info] AdobeIPCBroker version: 7.2.1
[05/30/25 06:00:23.094] [T6625] [info] CSXSEventQueueManager::CreateEventQueueIfNotExist: create queue 745.1748581223 (CCXP)...
[05/30/25 06:00:23.815] [T6818] [info] CSXSEventQueueManager::CreateEventQueueIfNotExist: create queue 721.1748581223 (ACCC)...
[05/30/25 06:00:28.308] [T7942] [info] CSXSEventQueueManager::CreateEventQueueIfNotExist: create queue 863.1748581228 (ACHP)...
[05/30/25 06:00:28.327] [T7949] [info] CSXSEventQueueManager::CreateEventQueueIfNotExist: create queue 857.1748581228 (ADCS)...
[05/30/25 06:00:35.974] [T8899] [info] CSXSEventQueueManager::CreateEventQueueIfNotExist: create queue 937.1748581235 (COSY)...
[05/30/25 06:00:36.425] [T8984] [info] CSXSEventQueueManager::CreateEventQueueIfNotExist: create queue 948.1748581236 (COSY)...
[05/30/25 06:00:39.066] [T9468] [info] CSXSEventQueueManager::CreateEventQueueIfNotExist: create queue 1000.1748581239 (CCH_UPI)...
[05/30/25 06:05:41.233] [T9468] [info] CSXSEventQueueManager::RemoveEventQueueByChannel: remove queue 1000.1748581239 (CCH_UPI) for channel 14...
[05/31/25 01:19:49.265] [T6636] [info] CSXSEventQueueManager::RemoveEventQueueByChannel: remove queue 745.1748581223 (CCXP) for channel 3...
[05/31/25 01:20:50.753] [T796201] [info] CSXSEventQueueManager::CreateEventQueueIfNotExist: create queue 12505.1748650850 (CCXP)...
[05/31/25 01:51:53.864] [T796206] [info] CSXSEventQueueManager::RemoveEventQueueByChannel: remove queue 12505.1748650850 (CCXP) for channel 3...
[05/31/25 01:52:57.163] [T817902] [info] CSXSEventQueueManager::CreateEventQueueIfNotExist: create queue 12705.1748652777 (CCXP)...
[05/31/25 02:23:58.944] [T817909] [info] CSXSEventQueueManager::RemoveEventQueueByChannel: remove queue 12705.1748652777 (CCXP) for channel 3...
[05/31/25 02:27:45.780] [T844048] [info] CSXSEventQueueManager::CreateEventQueueIfNotExist: create queue 12973.1748654865 (CCXP)...
[05/31/25 03:28:47.035] [T844053] [info] CSXSEventQueueManager::RemoveEventQueueByChannel: remove queue 12973.1748654865 (CCXP) for channel 3...
[05/31/25 03:30:01.934] [T911874] [info] CSXSEventQueueManager::CreateEventQueueIfNotExist: create queue 14019.1748658601 (CCXP)...
[05/31/25 04:54:03.261] [T6525] [info] AdobeIPCBroker version: 7.2.1
[05/31/25 04:54:03.269] [T6539] [info] CSXSEventQueueManager::CreateEventQueueIfNotExist: create queue 764.1748663643 (CCXP)...
[05/31/25 04:54:04.293] [T6759] [info] CSXSEventQueueManager::CreateEventQueueIfNotExist: create queue 730.1748663644 (ACCC)...
[05/31/25 04:54:05.863] [T7242] [info] CSXSEventQueueManager::CreateEventQueueIfNotExist: create queue 833.1748663645 (ACHP)...
[05/31/25 04:54:05.904] [T7282] [info] CSXSEventQueueManager::CreateEventQueueIfNotExist: create queue 828.1748663645 (ADCS)...
[05/31/25 04:54:11.549] [T7987] [info] CSXSEventQueueManager::CreateEventQueueIfNotExist: create queue 885.1748663651 (COSY)...
[05/31/25 04:54:13.864] [T8211] [info] CSXSEventQueueManager::CreateEventQueueIfNotExist: create queue 909.1748663653 (COSY)...
[05/31/25 04:54:14.158] [T8298] [info] CSXSEventQueueManager::CreateEventQueueIfNotExist: create queue 913.1748663654 (CCH_UPI)...
[05/31/25 04:59:16.009] [T8320] [info] CSXSEventQueueManager::RemoveEventQueueByChannel: remove queue 913.1748663654 (CCH_UPI) for channel 15...
[05/31/25 10:58:32.321] [T7432] [info] AdobeIPCBroker version: 7.2.1
[05/31/25 10:58:32.353] [T7453] [info] CSXSEventQueueManager::CreateEventQueueIfNotExist: create queue 797.1748685512 (CCXP)...
[05/31/25 10:58:33.024] [T7589] [info] CSXSEventQueueManager::CreateEventQueueIfNotExist: create queue 752.1748685513 (ACCC)...
[05/31/25 10:58:34.062] [T7799] [info] CSXSEventQueueManager::CreateEventQueueIfNotExist: create queue 848.1748685514 (ACHP)...
[05/31/25 10:58:34.079] [T7803] [info] CSXSEventQueueManager::CreateEventQueueIfNotExist: create queue 845.1748685514 (ADCS)...
[05/31/25 10:58:40.989] [T8591] [info] CSXSEventQueueManager::CreateEventQueueIfNotExist: create queue 908.1748685520 (COSY)...
[05/31/25 10:58:41.647] [T8729] [info] CSXSEventQueueManager::CreateEventQueueIfNotExist: create queue 922.1748685521 (COSY)...
[05/31/25 10:58:44.158] [T9188] [info] CSXSEventQueueManager::CreateEventQueueIfNotExist: create queue 950.1748685524 (CCH_UPI)...
[05/31/25 11:03:47.067] [T9214] [info] CSXSEventQueueManager::RemoveEventQueueByChannel: remove queue 950.1748685524 (CCH_UPI) for channel 15...
[06/01/25 01:10:05.968] [T7453] [info] CSXSEventQueueManager::RemoveEventQueueByChannel: remove queue 797.1748685512 (CCXP) for channel 2...
[06/01/25 01:11:10.109] [T688825] [info] CSXSEventQueueManager::CreateEventQueueIfNotExist: create queue 11907.1748736670 (CCXP)...
[06/01/25 01:42:11.576] [T688825] [info] CSXSEventQueueManager::RemoveEventQueueByChannel: remove queue 11907.1748736670 (CCXP) for channel 2...
[06/01/25 01:43:13.417] [T726216] [info] CSXSEventQueueManager::CreateEventQueueIfNotExist: create queue 12470.1748738593 (CCXP)...
[06/01/25 02:14:14.959] [T726219] [info] CSXSEventQueueManager::RemoveEventQueueByChannel: remove queue 12470.1748738593 (CCXP) for channel 3...
[06/01/25 02:15:16.443] [T767632] [info] CSXSEventQueueManager::CreateEventQueueIfNotExist: create queue 13062.1748740516 (CCXP)...
[06/01/25 02:46:17.445] [T767632] [info] CSXSEventQueueManager::RemoveEventQueueByChannel: remove queue 13062.1748740516 (CCXP) for channel 2...
[06/01/25 02:47:23.834] [T804351] [info] CSXSEventQueueManager::CreateEventQueueIfNotExist: create queue 13775.1748742443 (CCXP)...
[06/01/25 10:55:48.987] [T1196110] [info] CSXSEventQueueManager::CreateEventQueueIfNotExist: create queue 19265.1748771748 (CCH_UPI)...
[06/01/25 11:00:52.045] [T1196125] [info] CSXSEventQueueManager::RemoveEventQueueByChannel: remove queue 19265.1748771748 (CCH_UPI) for channel 15...
[06/02/25 01:21:28.793] [T804354] [info] CSXSEventQueueManager::RemoveEventQueueByChannel: remove queue 13775.1748742443 (CCXP) for channel 3...
[06/02/25 01:22:31.529] [T1698285] [info] CSXSEventQueueManager::CreateEventQueueIfNotExist: create queue 25538.1748823751 (CCXP)...
[06/02/25 02:04:48.039] [T1698289] [info] CSXSEventQueueManager::RemoveEventQueueByChannel: remove queue 25538.1748823751 (CCXP) for channel 3...
[06/02/25 02:05:55.094] [T1705024] [info] CSXSEventQueueManager::CreateEventQueueIfNotExist: create queue 25652.1748826355 (CCXP)...
[06/02/25 02:41:22.026] [T1705026] [info] CSXSEventQueueManager::RemoveEventQueueByChannel: remove queue 25652.1748826355 (CCXP) for channel 3...
[06/02/25 02:42:23.834] [T1708868] [info] CSXSEventQueueManager::CreateEventQueueIfNotExist: create queue 25725.1748828543 (CCXP)...
[06/02/25 03:57:50.785] [T1708868] [info] CSXSEventQueueManager::RemoveEventQueueByChannel: remove queue 25725.1748828543 (CCXP) for channel 2...
[06/02/25 03:58:55.501] [T1717337] [info] CSXSEventQueueManager::CreateEventQueueIfNotExist: create queue 25924.1748833135 (CCXP)...
[06/02/25 10:52:52.819] [T1940614] [info] CSXSEventQueueManager::CreateEventQueueIfNotExist: create queue 29153.1748857972 (CCH_UPI)...
[06/02/25 10:57:55.595] [T1940614] [info] CSXSEventQueueManager::RemoveEventQueueByChannel: remove queue 29153.1748857972 (CCH_UPI) for channel 14...
[06/02/25 13:56:22.467] [T6808] [info] AdobeIPCBroker version: 7.2.1
[06/02/25 13:56:22.485] [T6823] [info] CSXSEventQueueManager::CreateEventQueueIfNotExist: create queue 784.1748868982 (CCXP)...
[06/02/25 13:56:24.059] [T7399] [info] CSXSEventQueueManager::CreateEventQueueIfNotExist: create queue 779.1748868984 (ACCC)...
[06/02/25 13:56:25.095] [T7643] [info] CSXSEventQueueManager::CreateEventQueueIfNotExist: create queue 867.1748868985 (ADCS)...
[06/02/25 13:56:25.115] [T7647] [info] CSXSEventQueueManager::CreateEventQueueIfNotExist: create queue 875.1748868985 (ACHP)...
[06/02/25 13:56:29.049] [T8135] [info] CSXSEventQueueManager::CreateEventQueueIfNotExist: create queue 898.1748868989 (COSY)...
[06/02/25 13:56:32.842] [T8552] [info] CSXSEventQueueManager::CreateEventQueueIfNotExist: create queue 948.1748868992 (CCH_UPI)...
[06/02/25 13:56:33.010] [T8580] [info] CSXSEventQueueManager::CreateEventQueueIfNotExist: create queue 951.1748868993 (COSY)...
[06/02/25 14:01:35.186] [T8552] [info] CSXSEventQueueManager::RemoveEventQueueByChannel: remove queue 948.1748868992 (CCH_UPI) for channel 12...
[06/02/25 18:29:08.885] [T6740] [info] AdobeIPCBroker version: 7.2.1
[06/02/25 18:29:08.889] [T6747] [info] CSXSEventQueueManager::CreateEventQueueIfNotExist: create queue 776.1748885348 (CCXP)...
[06/02/25 18:29:10.645] [T7124] [info] CSXSEventQueueManager::CreateEventQueueIfNotExist: create queue 741.1748885350 (ACCC)...
[06/02/25 18:29:11.121] [T7289] [info] CSXSEventQueueManager::CreateEventQueueIfNotExist: create queue 843.1748885351 (ACHP)...
[06/02/25 18:29:11.393] [T7468] [info] CSXSEventQueueManager::CreateEventQueueIfNotExist: create queue 840.1748885351 (ADCS)...
[06/02/25 18:29:19.040] [T8326] [info] CSXSEventQueueManager::CreateEventQueueIfNotExist: create queue 908.1748885359 (COSY)...
[06/02/25 18:29:22.156] [T8650] [info] CSXSEventQueueManager::CreateEventQueueIfNotExist: create queue 942.1748885362 (CCH_UPI)...
[06/02/25 18:29:22.243] [T8659] [info] CSXSEventQueueManager::CreateEventQueueIfNotExist: create queue 943.1748885362 (COSY)...
[06/02/25 18:34:23.970] [T8679] [info] CSXSEventQueueManager::RemoveEventQueueByChannel: remove queue 942.1748885362 (CCH_UPI) for channel 14...
[06/03/25 01:30:12.447] [T6747] [info] CSXSEventQueueManager::RemoveEventQueueByChannel: remove queue 776.1748885348 (CCXP) for channel 2...
[06/03/25 01:31:15.520] [T283666] [info] CSXSEventQueueManager::CreateEventQueueIfNotExist: create queue 5661.1748910675 (CCXP)...
[06/03/25 02:02:17.818] [T283670] [info] CSXSEventQueueManager::RemoveEventQueueByChannel: remove queue 5661.1748910675 (CCXP) for channel 3...
[06/03/25 02:03:19.378] [T308645] [info] CSXSEventQueueManager::CreateEventQueueIfNotExist: create queue 6340.1748912599 (CCXP)...
[06/03/25 02:34:22.236] [T308650] [info] CSXSEventQueueManager::RemoveEventQueueByChannel: remove queue 6340.1748912599 (CCXP) for channel 3...
[06/03/25 02:35:25.739] [T343367] [info] CSXSEventQueueManager::CreateEventQueueIfNotExist: create queue 7404.1748914525 (CCXP)...
[06/03/25 03:36:29.624] [T343367] [info] CSXSEventQueueManager::RemoveEventQueueByChannel: remove queue 7404.1748914525 (CCXP) for channel 2...
[06/03/25 03:37:32.106] [T388499] [info] CSXSEventQueueManager::CreateEventQueueIfNotExist: create queue 8172.1748918252 (CCXP)...
[06/03/25 09:19:42.271] [T7504] [info] AdobeIPCBroker version: 7.2.1
[06/03/25 09:19:42.311] [T7520] [info] CSXSEventQueueManager::CreateEventQueueIfNotExist: create queue 821.1748938782 (CCXP)...
[06/03/25 09:19:44.979] [T8131] [info] CSXSEventQueueManager::CreateEventQueueIfNotExist: create queue 809.1748938784 (ACCC)...
[06/03/25 09:19:47.870] [T8468] [info] CSXSEventQueueManager::CreateEventQueueIfNotExist: create queue 904.1748938787 (ADCS)...
[06/03/25 09:19:47.885] [T8472] [info] CSXSEventQueueManager::CreateEventQueueIfNotExist: create queue 908.1748938787 (ACHP)...
[06/03/25 09:19:48.930] [T8751] [info] CSXSEventQueueManager::CreateEventQueueIfNotExist: create queue 927.1748938788 (COSY)...
[06/03/25 09:19:49.624] [T8849] [info] CSXSEventQueueManager::CreateEventQueueIfNotExist: create queue 940.1748938789 (COSY)...
[06/03/25 09:19:53.053] [T9246] [info] CSXSEventQueueManager::CreateEventQueueIfNotExist: create queue 962.1748938793 (CCH_UPI)...
[06/03/25 09:24:54.164] [T9246] [info] CSXSEventQueueManager::RemoveEventQueueByChannel: remove queue 962.1748938793 (CCH_UPI) for channel 14...
[06/04/25 01:38:08.666] [T7528] [info] CSXSEventQueueManager::RemoveEventQueueByChannel: remove queue 821.1748938782 (CCXP) for channel 3...
[06/04/25 01:39:13.090] [T681162] [info] CSXSEventQueueManager::CreateEventQueueIfNotExist: create queue 14149.1748997553 (CCXP)...
[06/04/25 02:14:34.636] [T681164] [info] CSXSEventQueueManager::RemoveEventQueueByChannel: remove queue 14149.1748997553 (CCXP) for channel 3...
[06/04/25 02:15:37.481] [T684429] [info] CSXSEventQueueManager::CreateEventQueueIfNotExist: create queue 14205.1748999737 (CCXP)...
[06/04/25 02:51:27.421] [T684430] [info] CSXSEventQueueManager::RemoveEventQueueByChannel: remove queue 14205.1748999737 (CCXP) for channel 3...
[06/04/25 02:52:34.123] [T687688] [info] CSXSEventQueueManager::CreateEventQueueIfNotExist: create queue 14270.1749001954 (CCXP)...
[06/04/25 04:18:44.630] [T687688] [info] CSXSEventQueueManager::RemoveEventQueueByChannel: remove queue 14270.1749001954 (CCXP) for channel 2...
[06/04/25 04:19:47.315] [T694083] [info] CSXSEventQueueManager::CreateEventQueueIfNotExist: create queue 14416.1749007187 (CCXP)...
[06/04/25 09:20:42.991] [T721752] [info] CSXSEventQueueManager::CreateEventQueueIfNotExist: create queue 14822.1749025242 (CCH_UPI)...
[06/04/25 09:34:44.465] [T721752] [info] CSXSEventQueueManager::RemoveEventQueueByChannel: remove queue 14822.1749025242 (CCH_UPI) for channel 14...
[06/05/25 01:27:19.891] [T694083] [info] CSXSEventQueueManager::RemoveEventQueueByChannel: remove queue 14416.1749007187 (CCXP) for channel 2...
[06/05/25 01:28:25.413] [T1279861] [info] CSXSEventQueueManager::CreateEventQueueIfNotExist: create queue 22466.1749083305 (CCXP)...
[06/05/25 01:59:29.322] [T1279861] [info] CSXSEventQueueManager::RemoveEventQueueByChannel: remove queue 22466.1749083305 (CCXP) for channel 2...
[06/05/25 02:00:32.263] [T1294221] [info] CSXSEventQueueManager::CreateEventQueueIfNotExist: create queue 22663.1749085232 (CCXP)...
[06/05/25 02:31:34.203] [T1294221] [info] CSXSEventQueueManager::RemoveEventQueueByChannel: remove queue 22663.1749085232 (CCXP) for channel 2...
[06/05/25 02:32:38.309] [T1317721] [info] CSXSEventQueueManager::CreateEventQueueIfNotExist: create queue 23095.1749087158 (CCXP)...
[06/05/25 03:33:40.665] [T1317721] [info] CSXSEventQueueManager::RemoveEventQueueByChannel: remove queue 23095.1749087158 (CCXP) for channel 2...
[06/05/25 03:34:47.211] [T1368869] [info] CSXSEventQueueManager::CreateEventQueueIfNotExist: create queue 23834.1749090887 (CCXP)...
[06/05/25 08:15:50.213] [T6970] [info] AdobeIPCBroker version: 7.2.1
[06/05/25 08:15:50.215] [T6986] [info] CSXSEventQueueManager::CreateEventQueueIfNotExist: create queue 798.1749107750 (CCXP)...
[06/05/25 08:15:51.182] [T7226] [info] CSXSEventQueueManager::CreateEventQueueIfNotExist: create queue 743.1749107751 (ACCC)...
[06/05/25 08:15:51.868] [T7361] [info] CSXSEventQueueManager::CreateEventQueueIfNotExist: create queue 850.1749107751 (ACHP)...
[06/05/25 08:15:51.931] [T7392] [info] CSXSEventQueueManager::CreateEventQueueIfNotExist: create queue 846.1749107751 (ADCS)...
[06/05/25 08:16:01.218] [T8489] [info] CSXSEventQueueManager::CreateEventQueueIfNotExist: create queue 940.1749107761 (COSY)...
[06/05/25 08:16:01.550] [T8555] [info] CSXSEventQueueManager::CreateEventQueueIfNotExist: create queue 947.1749107761 (COSY)...
[06/05/25 08:16:46.805] [T7365] [info] CSXSEventQueueManager::RemoveEventQueueByChannel: remove queue 850.1749107751 (ACHP) for channel 6...
[06/05/25 08:16:46.806] [T7453] [info] CSXSEventQueueManager::RemoveEventQueueByChannel: remove queue 743.1749107751 (ACCC) for channel 9...
[06/05/25 08:16:55.598] [T12054] [info] AdobeIPCBroker version: 7.2.1
[06/05/25 08:16:55.605] [T12065] [info] CSXSEventQueueManager::CreateEventQueueIfNotExist: create queue 798.1749107750 (CCXP)...
[06/05/25 08:16:55.632] [T12067] [info] CSXSEventQueueManager::CreateEventQueueIfNotExist: create queue 947.1749107761 (COSY)...
[06/05/25 08:17:01.925] [T12576] [info] CSXSEventQueueManager::CreateEventQueueIfNotExist: create queue 1228.1749107821 (ACCC)...
[06/05/25 08:17:01.925] [T12577] [info] CSXSEventQueueManager::CreateEventQueueIfNotExist: create queue 1267.1749107821 (ACHP)...
[06/05/25 08:17:02.442] [T12615] [info] CSXSEventQueueManager::CreateEventQueueIfNotExist: create queue 1271.1749107822 (ACHP)...
[06/05/25 08:17:02.781] [T12662] [info] CSXSEventQueueManager::CreateEventQueueIfNotExist: create queue 1272.1749107822 (ADCS)...
[06/05/25 08:17:03.353] [T12581] [info] CSXSEventQueueManager::RemoveEventQueueByChannel: remove queue 1267.1749107821 (ACHP) for channel 9...
[06/05/25 08:17:15.069] [T13238] [info] CSXSEventQueueManager::CreateEventQueueIfNotExist: create queue 1297.1749107835 (COSY)...
[06/05/25 08:17:45.607] [T13730] [info] CSXSEventQueueManager::CreateEventQueueIfNotExist: create queue 1319.1749107865 (CCH_UPI)...
[06/05/25 08:22:47.007] [T13788] [info] CSXSEventQueueManager::RemoveEventQueueByChannel: remove queue 1319.1749107865 (CCH_UPI) for channel 18...
[06/06/25 01:23:20.517] [T13313] [info] CSXSEventQueueManager::RemoveEventQueueByChannel: remove queue 798.1749107750 (CCXP) for channel 16...
[06/06/25 01:24:22.506] [T735997] [info] CSXSEventQueueManager::CreateEventQueueIfNotExist: create queue 12593.1749169462 (CCXP)...
[06/06/25 01:55:56.205] [T735998] [info] CSXSEventQueueManager::RemoveEventQueueByChannel: remove queue 12593.1749169462 (CCXP) for channel 16...
[06/06/25 01:56:58.069] [T756363] [info] CSXSEventQueueManager::CreateEventQueueIfNotExist: create queue 12877.1749171418 (CCXP)...
[06/06/25 02:28:01.739] [T756363] [info] CSXSEventQueueManager::RemoveEventQueueByChannel: remove queue 12877.1749171418 (CCXP) for channel 5...
[06/06/25 02:29:04.658] [T771404] [info] CSXSEventQueueManager::CreateEventQueueIfNotExist: create queue 14722.1749173344 (CCXP)...
[06/06/25 04:05:02.949] [T771405] [info] CSXSEventQueueManager::RemoveEventQueueByChannel: remove queue 14722.1749173344 (CCXP) for channel 16...
[06/06/25 04:06:04.579] [T787836] [info] CSXSEventQueueManager::CreateEventQueueIfNotExist: create queue 15137.1749179164 (CCXP)...
[06/06/25 08:19:42.953] [T12619] [info] CSXSEventQueueManager::RemoveEventQueueByChannel: remove queue 1271.1749107822 (ACHP) for channel 11...
[06/06/25 08:19:50.780] [T815131] [info] CSXSEventQueueManager::CreateEventQueueIfNotExist: create queue 15641.1749194390 (CCH_UPI)...
[06/06/25 08:19:52.248] [T815176] [info] CSXSEventQueueManager::CreateEventQueueIfNotExist: create queue 15654.1749194392 (ACHP)...
[06/06/25 09:02:10.424] [T815131] [info] CSXSEventQueueManager::RemoveEventQueueByChannel: remove queue 15641.1749194390 (CCH_UPI) for channel 10...
[06/07/25 01:31:56.174] [T787836] [info] CSXSEventQueueManager::RemoveEventQueueByChannel: remove queue 15137.1749179164 (CCXP) for channel 5...
[06/07/25 01:33:04.387] [T1423129] [info] CSXSEventQueueManager::CreateEventQueueIfNotExist: create queue 25630.1749256384 (CCXP)...
[06/07/25 02:04:05.624] [T1423129] [info] CSXSEventQueueManager::RemoveEventQueueByChannel: remove queue 25630.1749256384 (CCXP) for channel 5...
[06/07/25 02:05:16.685] [T1438936] [info] CSXSEventQueueManager::CreateEventQueueIfNotExist: create queue 25921.1749258316 (CCXP)...
[06/07/25 02:36:17.867] [T1438937] [info] CSXSEventQueueManager::RemoveEventQueueByChannel: remove queue 25921.1749258316 (CCXP) for channel 10...
[06/07/25 02:37:19.134] [T1459068] [info] CSXSEventQueueManager::CreateEventQueueIfNotExist: create queue 26137.1749260239 (CCXP)...
[06/07/25 03:38:19.648] [T1459068] [info] CSXSEventQueueManager::RemoveEventQueueByChannel: remove queue 26137.1749260239 (CCXP) for channel 5...
[06/07/25 03:39:25.815] [T1504341] [info] CSXSEventQueueManager::CreateEventQueueIfNotExist: create queue 26926.1749263965 (CCXP)...
[06/07/25 03:48:19.303] [T6577] [info] AdobeIPCBroker version: 7.2.1
[06/07/25 03:48:19.313] [T6587] [info] CSXSEventQueueManager::CreateEventQueueIfNotExist: create queue 765.1749264499 (CCXP)...
[06/07/25 03:48:22.268] [T7299] [info] CSXSEventQueueManager::CreateEventQueueIfNotExist: create queue 833.1749264502 (ACHP)...
[06/07/25 03:48:22.268] [T7300] [info] CSXSEventQueueManager::CreateEventQueueIfNotExist: create queue 743.1749264502 (ACCC)...
[06/07/25 03:48:22.530] [T7350] [info] CSXSEventQueueManager::CreateEventQueueIfNotExist: create queue 841.1749264502 (ACHP)...
[06/07/25 03:48:22.823] [T7479] [info] CSXSEventQueueManager::CreateEventQueueIfNotExist: create queue 842.1749264502 (ADCS)...
[06/07/25 03:48:23.375] [T7318] [info] CSXSEventQueueManager::RemoveEventQueueByChannel: remove queue 833.1749264502 (ACHP) for channel 6...
[06/07/25 03:48:27.411] [T8051] [info] CSXSEventQueueManager::CreateEventQueueIfNotExist: create queue 894.1749264507 (COSY)...
[06/07/25 03:48:28.594] [T8373] [info] CSXSEventQueueManager::CreateEventQueueIfNotExist: create queue 919.1749264508 (COSY)...
[06/07/25 03:48:33.708] [T9257] [info] CSXSEventQueueManager::CreateEventQueueIfNotExist: create queue 992.1749264513 (CCH_UPI)...
[06/07/25 03:53:35.814] [T9286] [info] CSXSEventQueueManager::RemoveEventQueueByChannel: remove queue 992.1749264513 (CCH_UPI) for channel 15...
[06/08/25 01:28:20.273] [T6587] [info] CSXSEventQueueManager::RemoveEventQueueByChannel: remove queue 765.1749264499 (CCXP) for channel 2...
[06/08/25 01:29:21.814] [T849598] [info] CSXSEventQueueManager::CreateEventQueueIfNotExist: create queue 20460.1749342561 (CCXP)...
[06/08/25 02:00:23.033] [T849601] [info] CSXSEventQueueManager::RemoveEventQueueByChannel: remove queue 20460.1749342561 (CCXP) for channel 3...
[06/08/25 02:01:24.323] [T922520] [info] CSXSEventQueueManager::CreateEventQueueIfNotExist: create queue 27058.1749344484 (CCXP)...
[06/08/25 02:32:25.842] [T922524] [info] CSXSEventQueueManager::RemoveEventQueueByChannel: remove queue 27058.1749344484 (CCXP) for channel 3...
[06/08/25 02:33:28.990] [T946043] [info] CSXSEventQueueManager::CreateEventQueueIfNotExist: create queue 27219.1749346408 (CCXP)...
[06/08/25 03:34:32.492] [T946046] [info] CSXSEventQueueManager::RemoveEventQueueByChannel: remove queue 27219.1749346408 (CCXP) for channel 3...
[06/08/25 03:35:34.199] [T989927] [info] CSXSEventQueueManager::CreateEventQueueIfNotExist: create queue 27682.1749350134 (CCXP)...
[06/08/25 03:45:37.022] [T997374] [info] CSXSEventQueueManager::CreateEventQueueIfNotExist: create queue 27735.1749350737 (CCH_UPI)...
[06/08/25 03:50:39.499] [T997374] [info] CSXSEventQueueManager::RemoveEventQueueByChannel: remove queue 27735.1749350737 (CCH_UPI) for channel 14...
[06/08/25 14:01:52.259] [T6932] [info] AdobeIPCBroker version: 7.2.1
[06/08/25 14:01:52.306] [T6967] [info] CSXSEventQueueManager::CreateEventQueueIfNotExist: create queue 795.1749387712 (CCXP)...
[06/08/25 14:01:54.371] [T7620] [info] CSXSEventQueueManager::CreateEventQueueIfNotExist: create queue 754.1749387714 (ACCC)...
[06/08/25 14:01:54.371] [T7619] [info] CSXSEventQueueManager::CreateEventQueueIfNotExist: create queue 858.1749387714 (ACHP)...
[06/08/25 14:01:54.574] [T7692] [info] CSXSEventQueueManager::CreateEventQueueIfNotExist: create queue 867.1749387714 (ACHP)...
[06/08/25 14:01:54.690] [T7742] [info] CSXSEventQueueManager::CreateEventQueueIfNotExist: create queue 869.1749387714 (ADCS)...
[06/08/25 14:01:55.358] [T7626] [info] CSXSEventQueueManager::RemoveEventQueueByChannel: remove queue 858.1749387714 (ACHP) for channel 10...
[06/08/25 14:01:58.449] [T8352] [info] CSXSEventQueueManager::CreateEventQueueIfNotExist: create queue 927.1749387718 (COSY)...
[06/08/25 14:01:58.906] [T8472] [info] CSXSEventQueueManager::CreateEventQueueIfNotExist: create queue 941.1749387718 (COSY)...
[06/08/25 14:02:00.993] [T8778] [info] CSXSEventQueueManager::CreateEventQueueIfNotExist: create queue 967.1749387720 (CCH_UPI)...
[06/08/25 14:07:03.105] [T8778] [info] CSXSEventQueueManager::RemoveEventQueueByChannel: remove queue 967.1749387720 (CCH_UPI) for channel 22...
[06/09/25 01:56:33.185] [T6967] [info] CSXSEventQueueManager::RemoveEventQueueByChannel: remove queue 795.1749387712 (CCXP) for channel 6...
[06/09/25 01:57:34.850] [T278712] [info] CSXSEventQueueManager::CreateEventQueueIfNotExist: create queue 5135.1749430654 (CCXP)...
[06/09/25 02:37:01.876] [T278713] [info] CSXSEventQueueManager::RemoveEventQueueByChannel: remove queue 5135.1749430654 (CCXP) for channel 7...
[06/09/25 02:38:03.590] [T282616] [info] CSXSEventQueueManager::CreateEventQueueIfNotExist: create queue 5196.1749433083 (CCXP)...
[06/09/25 04:29:47.910] [T282616] [info] CSXSEventQueueManager::RemoveEventQueueByChannel: remove queue 5196.1749433083 (CCXP) for channel 6...
[06/09/25 04:30:53.655] [T292166] [info] CSXSEventQueueManager::CreateEventQueueIfNotExist: create queue 5399.1749439853 (CCXP)...
[06/09/25 05:06:37.081] [T292167] [info] CSXSEventQueueManager::RemoveEventQueueByChannel: remove queue 5399.1749439853 (CCXP) for channel 7...
[06/09/25 05:24:12.953] [T294953] [info] CSXSEventQueueManager::CreateEventQueueIfNotExist: create queue 5441.1749443052 (CCXP)...
[06/09/25 14:12:16.239] [T409009] [info] CSXSEventQueueManager::CreateEventQueueIfNotExist: create queue 7690.1749474736 (CCH_UPI)...
[06/09/25 14:12:22.476] [T294953] [info] CSXSEventQueueManager::RemoveEventQueueByChannel: remove queue 5441.1749443052 (CCXP) for channel 6...
[06/09/25 14:13:05.968] [T410467] [info] CSXSEventQueueManager::CreateEventQueueIfNotExist: create queue 7823.1749474785 (CCXP)...
[06/09/25 14:49:47.355] [T409009] [info] CSXSEventQueueManager::RemoveEventQueueByChannel: remove queue 7690.1749474736 (CCH_UPI) for channel 22...
[06/10/25 01:31:07.278] [T410479] [info] CSXSEventQueueManager::RemoveEventQueueByChannel: remove queue 7823.1749474785 (CCXP) for channel 7...
[06/10/25 01:32:21.167] [T805945] [info] CSXSEventQueueManager::CreateEventQueueIfNotExist: create queue 14004.1749515541 (CCXP)...
[06/10/25 02:03:23.398] [T805945] [info] CSXSEventQueueManager::RemoveEventQueueByChannel: remove queue 14004.1749515541 (CCXP) for channel 6...
[06/10/25 02:04:24.534] [T826564] [info] CSXSEventQueueManager::CreateEventQueueIfNotExist: create queue 14193.1749517464 (CCXP)...
[06/10/25 02:35:27.003] [T826568] [info] CSXSEventQueueManager::RemoveEventQueueByChannel: remove queue 14193.1749517464 (CCXP) for channel 7...
[06/10/25 02:36:30.296] [T848701] [info] CSXSEventQueueManager::CreateEventQueueIfNotExist: create queue 14474.1749519390 (CCXP)...
[06/10/25 03:07:31.281] [T848701] [info] CSXSEventQueueManager::RemoveEventQueueByChannel: remove queue 14474.1749519390 (CCXP) for channel 6...
[06/10/25 03:08:46.130] [T867636] [info] CSXSEventQueueManager::CreateEventQueueIfNotExist: create queue 14739.1749521326 (CCXP)...
[06/10/25 14:14:00.626] [T1054077] [info] CSXSEventQueueManager::CreateEventQueueIfNotExist: create queue 18751.1749561240 (CCH_UPI)...
[06/10/25 14:14:01.873] [T7692] [info] CSXSEventQueueManager::RemoveEventQueueByChannel: remove queue 867.1749387714 (ACHP) for channel 11...
[06/10/25 14:14:02.095] [T1054178] [info] CSXSEventQueueManager::CreateEventQueueIfNotExist: create queue 18780.1749561242 (ACHP)...
[06/10/25 14:19:08.964] [T1054077] [info] CSXSEventQueueManager::RemoveEventQueueByChannel: remove queue 18751.1749561240 (CCH_UPI) for channel 22...
[06/11/25 00:49:10.809] [T7473] [info] AdobeIPCBroker version: 7.2.1
[06/11/25 00:49:10.853] [T7504] [info] CSXSEventQueueManager::CreateEventQueueIfNotExist: create queue 838.1749599350 (CCXP)...
[06/11/25 00:49:13.200] [T8130] [info] CSXSEventQueueManager::CreateEventQueueIfNotExist: create queue 897.1749599353 (ACHP)...
[06/11/25 00:49:13.200] [T8131] [info] CSXSEventQueueManager::CreateEventQueueIfNotExist: create queue 820.1749599353 (ACCC)...
[06/11/25 00:49:13.333] [T8208] [info] CSXSEventQueueManager::CreateEventQueueIfNotExist: create queue 909.1749599353 (ACHP)...
[06/11/25 00:49:13.473] [T8299] [info] CSXSEventQueueManager::CreateEventQueueIfNotExist: create queue 911.1749599353 (ADCS)...
[06/11/25 00:49:14.380] [T8145] [info] CSXSEventQueueManager::RemoveEventQueueByChannel: remove queue 897.1749599353 (ACHP) for channel 6...
[06/11/25 00:49:20.907] [T9174] [info] CSXSEventQueueManager::CreateEventQueueIfNotExist: create queue 1006.1749599360 (COSY)...
[06/11/25 00:49:21.879] [T9482] [info] CSXSEventQueueManager::CreateEventQueueIfNotExist: create queue 1030.1749599361 (COSY)...
[06/11/25 00:49:25.096] [T9912] [info] CSXSEventQueueManager::CreateEventQueueIfNotExist: create queue 1051.1749599365 (CCH_UPI)...
[06/11/25 00:54:27.403] [T9912] [info] CSXSEventQueueManager::RemoveEventQueueByChannel: remove queue 1051.1749599365 (CCH_UPI) for channel 14...
[06/11/25 01:20:11.931] [T7504] [info] CSXSEventQueueManager::RemoveEventQueueByChannel: remove queue 838.1749599350 (CCXP) for channel 2...
[06/11/25 01:21:17.939] [T90098] [info] CSXSEventQueueManager::CreateEventQueueIfNotExist: create queue 15516.1749601277 (CCXP)...
[06/11/25 01:52:20.039] [T90102] [info] CSXSEventQueueManager::RemoveEventQueueByChannel: remove queue 15516.1749601277 (CCXP) for channel 3...
[06/11/25 01:53:21.146] [T108531] [info] CSXSEventQueueManager::CreateEventQueueIfNotExist: create queue 15740.1749603201 (CCXP)...
[06/11/25 02:24:23.497] [T108531] [info] CSXSEventQueueManager::RemoveEventQueueByChannel: remove queue 15740.1749603201 (CCXP) for channel 2...
[06/11/25 02:25:24.723] [T132860] [info] CSXSEventQueueManager::CreateEventQueueIfNotExist: create queue 16274.1749605124 (CCXP)...
[06/11/25 02:56:25.968] [T132861] [info] CSXSEventQueueManager::RemoveEventQueueByChannel: remove queue 16274.1749605124 (CCXP) for channel 3...
[06/11/25 02:57:28.354] [T152847] [info] CSXSEventQueueManager::CreateEventQueueIfNotExist: create queue 16546.1749607048 (CCXP)...
[06/11/25 06:40:28.816] [T9317] [info] AdobeIPCBroker version: 7.2.1
[06/11/25 06:40:28.851] [T9377] [info] CSXSEventQueueManager::CreateEventQueueIfNotExist: create queue 946.1749620427 (CCXP)...
[06/11/25 06:40:34.588] [T10371] [info] CSXSEventQueueManager::CreateEventQueueIfNotExist: create queue 932.1749620434 (ACCC)...
[06/11/25 06:40:34.591] [T10372] [info] CSXSEventQueueManager::CreateEventQueueIfNotExist: create queue 1010.1749620434 (ACHP)...
[06/11/25 06:40:38.990] [T11039] [info] CSXSEventQueueManager::CreateEventQueueIfNotExist: create queue 1022.1749620438 (ADCS)...
[06/11/25 06:40:39.914] [T11096] [info] CSXSEventQueueManager::CreateEventQueueIfNotExist: create queue 1020.1749620439 (ACHP)...
[06/11/25 06:40:40.450] [T11193] [info] CSXSEventQueueManager::CreateEventQueueIfNotExist: create queue 1047.1749620440 (COSY)...
[06/11/25 06:40:40.739] [T10372] [info] CSXSEventQueueManager::RemoveEventQueueByChannel: remove queue 1010.1749620434 (ACHP) for channel 5...
[06/11/25 06:40:41.079] [T11255] [info] CSXSEventQueueManager::CreateEventQueueIfNotExist: create queue 1058.1749620441 (COSY)...
[06/11/25 06:40:44.105] [T11584] [info] CSXSEventQueueManager::CreateEventQueueIfNotExist: create queue 1081.1749620444 (CCH_UPI)...
[06/11/25 06:45:52.116] [T11584] [info] CSXSEventQueueManager::RemoveEventQueueByChannel: remove queue 1081.1749620444 (CCH_UPI) for channel 14...
[06/11/25 15:15:27.919] [T7067] [info] AdobeIPCBroker version: 7.2.1
[06/11/25 15:15:27.926] [T7099] [info] CSXSEventQueueManager::CreateEventQueueIfNotExist: create queue 798.1749651327 (CCXP)...
[06/11/25 15:15:30.849] [T7807] [info] CSXSEventQueueManager::CreateEventQueueIfNotExist: create queue 879.1749651330 (ACHP)...
[06/11/25 15:15:30.849] [T7808] [info] CSXSEventQueueManager::CreateEventQueueIfNotExist: create queue 773.1749651330 (ACCC)...
[06/11/25 15:15:31.022] [T7860] [info] CSXSEventQueueManager::CreateEventQueueIfNotExist: create queue 885.1749651331 (ACHP)...
[06/11/25 15:15:31.366] [T7956] [info] CSXSEventQueueManager::CreateEventQueueIfNotExist: create queue 886.1749651331 (ADCS)...
[06/11/25 15:15:31.871] [T7811] [info] CSXSEventQueueManager::RemoveEventQueueByChannel: remove queue 879.1749651330 (ACHP) for channel 10...
[06/11/25 15:15:35.687] [T8363] [info] CSXSEventQueueManager::CreateEventQueueIfNotExist: create queue 908.1749651335 (COSY)...
[06/11/25 15:15:37.141] [T8498] [info] CSXSEventQueueManager::CreateEventQueueIfNotExist: create queue 926.1749651337 (COSY)...
[06/11/25 15:15:38.985] [T8803] [info] CSXSEventQueueManager::CreateEventQueueIfNotExist: create queue 958.1749651338 (CCH_UPI)...
[06/11/25 15:20:41.854] [T8803] [info] CSXSEventQueueManager::RemoveEventQueueByChannel: remove queue 958.1749651338 (CCH_UPI) for channel 23...
[06/11/25 19:53:15.224] [T8719] [info] AdobeIPCBroker version: 7.2.1
[06/11/25 19:53:15.250] [T8754] [info] CSXSEventQueueManager::CreateEventQueueIfNotExist: create queue 807.1749667995 (CCXP)...
[06/11/25 19:53:17.386] [T9145] [info] CSXSEventQueueManager::CreateEventQueueIfNotExist: create queue 872.1749667997 (ACHP)...
[06/11/25 19:53:17.409] [T9151] [info] CSXSEventQueueManager::CreateEventQueueIfNotExist: create queue 742.1749667997 (ACCC)...
[06/11/25 19:53:17.696] [T9211] [info] CSXSEventQueueManager::CreateEventQueueIfNotExist: create queue 885.1749667997 (ACHP)...
[06/11/25 19:53:18.781] [T9400] [info] CSXSEventQueueManager::CreateEventQueueIfNotExist: create queue 889.1749667998 (ADCS)...
[06/11/25 19:53:20.890] [T9153] [info] CSXSEventQueueManager::RemoveEventQueueByChannel: remove queue 872.1749667997 (ACHP) for channel 10...
[06/11/25 19:53:24.356] [T9945] [info] CSXSEventQueueManager::CreateEventQueueIfNotExist: create queue 934.1749668004 (COSY)...
[06/11/25 19:53:25.634] [T10114] [info] CSXSEventQueueManager::CreateEventQueueIfNotExist: create queue 941.1749668005 (COSY)...
[06/11/25 19:53:27.875] [T10357] [info] CSXSEventQueueManager::CreateEventQueueIfNotExist: create queue 969.1749668007 (CCH_UPI)...
[06/11/25 19:58:30.345] [T10357] [info] CSXSEventQueueManager::RemoveEventQueueByChannel: remove queue 969.1749668007 (CCH_UPI) for channel 23...
[06/12/25 01:24:16.863] [T8764] [info] CSXSEventQueueManager::RemoveEventQueueByChannel: remove queue 807.1749667995 (CCXP) for channel 7...
[06/12/25 01:25:30.310] [T222140] [info] CSXSEventQueueManager::CreateEventQueueIfNotExist: create queue 3613.1749687930 (CCXP)...
[06/12/25 01:56:33.237] [T222141] [info] CSXSEventQueueManager::RemoveEventQueueByChannel: remove queue 3613.1749687930 (CCXP) for channel 7...
[06/12/25 01:57:41.702] [T236037] [info] CSXSEventQueueManager::CreateEventQueueIfNotExist: create queue 3823.1749689861 (CCXP)...
[06/12/25 02:28:43.204] [T236038] [info] CSXSEventQueueManager::RemoveEventQueueByChannel: remove queue 3823.1749689861 (CCXP) for channel 7...
[06/12/25 02:29:52.729] [T257689] [info] CSXSEventQueueManager::CreateEventQueueIfNotExist: create queue 4231.1749691792 (CCXP)...
[06/12/25 03:00:54.646] [T257689] [info] CSXSEventQueueManager::RemoveEventQueueByChannel: remove queue 4231.1749691792 (CCXP) for channel 6...
[06/12/25 03:01:58.333] [T279340] [info] CSXSEventQueueManager::CreateEventQueueIfNotExist: create queue 4631.1749693718 (CCXP)...
[06/12/25 20:01:15.094] [T918430] [info] CSXSEventQueueManager::CreateEventQueueIfNotExist: create queue 15523.1749754875 (CCH_UPI)...
[06/12/25 20:14:43.942] [T918430] [info] CSXSEventQueueManager::RemoveEventQueueByChannel: remove queue 15523.1749754875 (CCH_UPI) for channel 18...
[06/13/25 01:26:52.255] [T279340] [info] CSXSEventQueueManager::RemoveEventQueueByChannel: remove queue 4631.1749693718 (CCXP) for channel 6...
[06/13/25 01:40:31.723] [T1033369] [info] CSXSEventQueueManager::CreateEventQueueIfNotExist: create queue 19170.1749775231 (CCXP)...
[06/13/25 02:11:36.553] [T1033370] [info] CSXSEventQueueManager::RemoveEventQueueByChannel: remove queue 19170.1749775231 (CCXP) for channel 7...
[06/13/25 02:12:48.758] [T1054350] [info] CSXSEventQueueManager::CreateEventQueueIfNotExist: create queue 19378.1749777168 (CCXP)...
[06/13/25 02:43:49.534] [T1054350] [info] CSXSEventQueueManager::RemoveEventQueueByChannel: remove queue 19378.1749777168 (CCXP) for channel 6...
[06/13/25 02:44:57.064] [T1071857] [info] CSXSEventQueueManager::CreateEventQueueIfNotExist: create queue 19485.1749779097 (CCXP)...
[06/13/25 03:15:57.930] [T1071858] [info] CSXSEventQueueManager::RemoveEventQueueByChannel: remove queue 19485.1749779097 (CCXP) for channel 7...
[06/13/25 03:17:04.009] [T1088779] [info] CSXSEventQueueManager::CreateEventQueueIfNotExist: create queue 19730.1749781024 (CCXP)...
[06/13/25 19:58:16.693] [T1426599] [info] CSXSEventQueueManager::CreateEventQueueIfNotExist: create queue 24010.1749841096 (CCH_UPI)...
[06/13/25 20:03:19.237] [T1426604] [info] CSXSEventQueueManager::RemoveEventQueueByChannel: remove queue 24010.1749841096 (CCH_UPI) for channel 23...
[06/14/25 01:05:37.195] [T1088780] [info] CSXSEventQueueManager::RemoveEventQueueByChannel: remove queue 19730.1749781024 (CCXP) for channel 7...
[06/14/25 01:06:38.521] [T1634582] [info] CSXSEventQueueManager::CreateEventQueueIfNotExist: create queue 26134.1749859598 (CCXP)...
[06/14/25 01:37:40.266] [T1634582] [info] CSXSEventQueueManager::RemoveEventQueueByChannel: remove queue 26134.1749859598 (CCXP) for channel 6...
[06/14/25 01:38:41.382] [T1656076] [info] CSXSEventQueueManager::CreateEventQueueIfNotExist: create queue 26421.1749861521 (CCXP)...
[06/14/25 02:09:43.420] [T1656076] [info] CSXSEventQueueManager::RemoveEventQueueByChannel: remove queue 26421.1749861521 (CCXP) for channel 6...
[06/14/25 02:10:45.976] [T1679327] [info] CSXSEventQueueManager::CreateEventQueueIfNotExist: create queue 26699.1749863445 (CCXP)...
[06/14/25 02:44:49.309] [T1679335] [info] CSXSEventQueueManager::RemoveEventQueueByChannel: remove queue 26699.1749863445 (CCXP) for channel 7...
[06/14/25 02:45:50.576] [T1702078] [info] CSXSEventQueueManager::CreateEventQueueIfNotExist: create queue 26999.1749865550 (CCXP)...
[06/14/25 19:55:22.302] [T2268266] [info] CSXSEventQueueManager::CreateEventQueueIfNotExist: create queue 33899.1749927322 (CCH_UPI)...
[06/14/25 20:00:24.351] [T2268266] [info] CSXSEventQueueManager::RemoveEventQueueByChannel: remove queue 33899.1749927322 (CCH_UPI) for channel 18...
[06/15/25 01:56:51.894] [T1702086] [info] CSXSEventQueueManager::RemoveEventQueueByChannel: remove queue 26999.1749865550 (CCXP) for channel 7...
[06/15/25 01:57:55.563] [T2461261] [info] CSXSEventQueueManager::CreateEventQueueIfNotExist: create queue 37276.1749949075 (CCXP)...
[06/15/25 02:28:56.400] [T2461268] [info] CSXSEventQueueManager::RemoveEventQueueByChannel: remove queue 37276.1749949075 (CCXP) for channel 7...
[06/15/25 02:29:57.852] [T2468468] [info] CSXSEventQueueManager::CreateEventQueueIfNotExist: create queue 37373.1749950997 (CCXP)...
[06/15/25 03:01:00.504] [T2468476] [info] CSXSEventQueueManager::RemoveEventQueueByChannel: remove queue 37373.1749950997 (CCXP) for channel 7...
[06/15/25 03:02:04.431] [T2491222] [info] CSXSEventQueueManager::CreateEventQueueIfNotExist: create queue 37831.1749952924 (CCXP)...
[06/15/25 04:03:08.476] [T2491222] [info] CSXSEventQueueManager::RemoveEventQueueByChannel: remove queue 37831.1749952924 (CCXP) for channel 6...
[06/15/25 04:04:14.729] [T2535758] [info] CSXSEventQueueManager::CreateEventQueueIfNotExist: create queue 38410.1749956654 (CCXP)...
[06/15/25 06:13:15.151] [T9601] [info] AdobeIPCBroker version: 7.2.1
[06/15/25 06:13:15.184] [T9762] [info] CSXSEventQueueManager::CreateEventQueueIfNotExist: create queue 785.1749964394 (CCXP)...
[06/15/25 06:13:18.801] [T10451] [info] CSXSEventQueueManager::CreateEventQueueIfNotExist: create queue 746.1749964398 (ACCC)...
[06/15/25 06:13:18.802] [T10452] [info] CSXSEventQueueManager::CreateEventQueueIfNotExist: create queue 865.1749964398 (ACHP)...
[06/15/25 06:13:18.957] [T10493] [info] CSXSEventQueueManager::CreateEventQueueIfNotExist: create queue 868.1749964398 (ACHP)...
[06/15/25 06:13:19.689] [T10694] [info] CSXSEventQueueManager::CreateEventQueueIfNotExist: create queue 869.1749964399 (ADCS)...
[06/15/25 06:13:20.751] [T10467] [info] CSXSEventQueueManager::RemoveEventQueueByChannel: remove queue 865.1749964398 (ACHP) for channel 6...
[06/15/25 06:13:30.248] [T11628] [info] CSXSEventQueueManager::CreateEventQueueIfNotExist: create queue 971.1749964410 (COSY)...
[06/15/25 06:13:31.221] [T11704] [info] CSXSEventQueueManager::CreateEventQueueIfNotExist: create queue 980.1749964411 (COSY)...
[06/15/25 06:13:34.110] [T12016] [info] CSXSEventQueueManager::CreateEventQueueIfNotExist: create queue 994.1749964414 (CCH_UPI)...
[06/15/25 06:18:35.692] [T12016] [info] CSXSEventQueueManager::RemoveEventQueueByChannel: remove queue 994.1749964414 (CCH_UPI) for channel 14...
[06/16/25 01:33:49.219] [T9762] [info] CSXSEventQueueManager::RemoveEventQueueByChannel: remove queue 785.1749964394 (CCXP) for channel 2...
[06/16/25 01:34:53.110] [T508134] [info] CSXSEventQueueManager::CreateEventQueueIfNotExist: create queue 5947.1750034093 (CCXP)...
[06/16/25 02:05:55.100] [T508134] [info] CSXSEventQueueManager::RemoveEventQueueByChannel: remove queue 5947.1750034093 (CCXP) for channel 2...
[06/16/25 02:06:56.081] [T529007] [info] CSXSEventQueueManager::CreateEventQueueIfNotExist: create queue 6231.1750036016 (CCXP)...
[06/16/25 02:49:03.117] [T529007] [info] CSXSEventQueueManager::RemoveEventQueueByChannel: remove queue 6231.1750036016 (CCXP) for channel 2...
[06/16/25 03:21:20.200] [T547336] [info] CSXSEventQueueManager::CreateEventQueueIfNotExist: create queue 6566.1750040480 (CCXP)...
[06/16/25 04:28:32.253] [T547338] [info] CSXSEventQueueManager::RemoveEventQueueByChannel: remove queue 6566.1750040480 (CCXP) for channel 3...
[06/16/25 04:46:44.258] [T556704] [info] CSXSEventQueueManager::CreateEventQueueIfNotExist: create queue 6845.1750045604 (CCXP)...
[06/16/25 06:14:01.740] [T10493] [info] CSXSEventQueueManager::RemoveEventQueueByChannel: remove queue 868.1749964398 (ACHP) for channel 7...
[06/16/25 06:14:03.021] [T563549] [info] CSXSEventQueueManager::CreateEventQueueIfNotExist: create queue 6958.1750050843 (ACHP)...
[06/16/25 06:14:03.105] [T563565] [info] CSXSEventQueueManager::CreateEventQueueIfNotExist: create queue 6963.1750050843 (CCH_UPI)...
[06/16/25 06:45:35.514] [T563565] [info] CSXSEventQueueManager::RemoveEventQueueByChannel: remove queue 6963.1750050843 (CCH_UPI) for channel 14...
[06/17/25 01:24:56.960] [T556705] [info] CSXSEventQueueManager::RemoveEventQueueByChannel: remove queue 6845.1750045604 (CCXP) for channel 3...
[06/17/25 01:25:58.524] [T1000752] [info] CSXSEventQueueManager::CreateEventQueueIfNotExist: create queue 14441.1750119958 (CCXP)...
[06/17/25 01:57:01.088] [T1000753] [info] CSXSEventQueueManager::RemoveEventQueueByChannel: remove queue 14441.1750119958 (CCXP) for channel 3...
[06/17/25 01:58:02.399] [T1023347] [info] CSXSEventQueueManager::CreateEventQueueIfNotExist: create queue 14736.1750121882 (CCXP)...
[06/17/25 02:29:04.869] [T1023348] [info] CSXSEventQueueManager::RemoveEventQueueByChannel: remove queue 14736.1750121882 (CCXP) for channel 3...
[06/17/25 02:30:07.646] [T1042292] [info] CSXSEventQueueManager::CreateEventQueueIfNotExist: create queue 15005.1750123807 (CCXP)...
[06/17/25 03:01:09.967] [T1042297] [info] CSXSEventQueueManager::RemoveEventQueueByChannel: remove queue 15005.1750123807 (CCXP) for channel 3...
[06/17/25 03:02:11.130] [T1062820] [info] CSXSEventQueueManager::CreateEventQueueIfNotExist: create queue 15358.1750125731 (CCXP)...
[06/17/25 06:11:06.243] [T1172715] [info] CSXSEventQueueManager::CreateEventQueueIfNotExist: create queue 16926.1750137066 (CCH_UPI)...
[06/17/25 06:16:09.207] [T1172715] [info] CSXSEventQueueManager::RemoveEventQueueByChannel: remove queue 16926.1750137066 (CCH_UPI) for channel 14...
[06/17/25 17:25:17.940] [T6723] [info] AdobeIPCBroker version: 7.2.1
[06/17/25 17:25:17.990] [T6761] [info] CSXSEventQueueManager::CreateEventQueueIfNotExist: create queue 789.1750177517 (CCXP)...
[06/17/25 17:25:19.591] [T7121] [info] CSXSEventQueueManager::CreateEventQueueIfNotExist: create queue 827.1750177519 (ACHP)...
[06/17/25 17:25:19.592] [T7120] [info] CSXSEventQueueManager::CreateEventQueueIfNotExist: create queue 759.1750177519 (ACCC)...
[06/17/25 17:25:19.703] [T7160] [info] CSXSEventQueueManager::CreateEventQueueIfNotExist: create queue 832.1750177519 (ACHP)...
[06/17/25 17:25:20.040] [T7256] [info] CSXSEventQueueManager::CreateEventQueueIfNotExist: create queue 835.1750177520 (ADCS)...
[06/17/25 17:25:20.954] [T7128] [info] CSXSEventQueueManager::RemoveEventQueueByChannel: remove queue 827.1750177519 (ACHP) for channel 14...
[06/17/25 17:25:24.878] [T8023] [info] CSXSEventQueueManager::CreateEventQueueIfNotExist: create queue 892.1750177524 (COSY)...
[06/17/25 17:25:25.376] [T8102] [info] CSXSEventQueueManager::CreateEventQueueIfNotExist: create queue 902.1750177525 (COSY)...
[06/17/25 17:25:28.842] [T8509] [info] CSXSEventQueueManager::CreateEventQueueIfNotExist: create queue 938.1750177528 (CCH_UPI)...
[06/17/25 17:30:31.047] [T8509] [info] CSXSEventQueueManager::RemoveEventQueueByChannel: remove queue 938.1750177528 (CCH_UPI) for channel 22...
[06/18/25 01:26:23.052] [T6761] [info] CSXSEventQueueManager::RemoveEventQueueByChannel: remove queue 789.1750177517 (CCXP) for channel 10...
[06/18/25 01:27:29.530] [T444226] [info] CSXSEventQueueManager::CreateEventQueueIfNotExist: create queue 11108.1750206449 (CCXP)...
[06/18/25 01:58:30.855] [T444229] [info] CSXSEventQueueManager::RemoveEventQueueByChannel: remove queue 11108.1750206449 (CCXP) for channel 11...
[06/18/25 01:59:42.124] [T481782] [info] CSXSEventQueueManager::CreateEventQueueIfNotExist: create queue 11825.1750208382 (CCXP)...
[06/18/25 02:30:46.676] [T481782] [info] CSXSEventQueueManager::RemoveEventQueueByChannel: remove queue 11825.1750208382 (CCXP) for channel 10...
[06/18/25 02:31:48.759] [T520213] [info] CSXSEventQueueManager::CreateEventQueueIfNotExist: create queue 12936.1750210308 (CCXP)...
[06/18/25 03:02:51.734] [T520214] [info] CSXSEventQueueManager::RemoveEventQueueByChannel: remove queue 12936.1750210308 (CCXP) for channel 11...
[06/18/25 03:03:54.870] [T557116] [info] CSXSEventQueueManager::CreateEventQueueIfNotExist: create queue 14151.1750212234 (CCXP)...
[06/18/25 07:02:04.828] [T6609] [info] AdobeIPCBroker version: 7.2.1
[06/18/25 07:02:04.872] [T6636] [info] CSXSEventQueueManager::CreateEventQueueIfNotExist: create queue 768.1750226524 (CCXP)...
[06/18/25 07:02:10.342] [T7846] [info] CSXSEventQueueManager::CreateEventQueueIfNotExist: create queue 743.1750226530 (ACCC)...
[06/18/25 07:02:10.342] [T7847] [info] CSXSEventQueueManager::CreateEventQueueIfNotExist: create queue 887.1750226530 (ACHP)...
[06/18/25 07:02:10.473] [T7881] [info] CSXSEventQueueManager::CreateEventQueueIfNotExist: create queue 888.1750226530 (ACHP)...
[06/18/25 07:02:12.086] [T8110] [info] CSXSEventQueueManager::CreateEventQueueIfNotExist: create queue 899.1750226532 (ADCS)...
[06/18/25 07:02:12.273] [T7852] [info] CSXSEventQueueManager::RemoveEventQueueByChannel: remove queue 887.1750226530 (ACHP) for channel 6...
[06/18/25 07:02:18.823] [T8902] [info] CSXSEventQueueManager::CreateEventQueueIfNotExist: create queue 972.1750226538 (COSY)...
[06/18/25 07:02:19.212] [T8979] [info] CSXSEventQueueManager::CreateEventQueueIfNotExist: create queue 987.1750226539 (COSY)...
[06/18/25 07:02:22.035] [T9512] [info] CSXSEventQueueManager::CreateEventQueueIfNotExist: create queue 1036.1750226542 (CCH_UPI)...
[06/18/25 07:07:24.242] [T9512] [info] CSXSEventQueueManager::RemoveEventQueueByChannel: remove queue 1036.1750226542 (CCH_UPI) for channel 14...
[06/19/25 01:33:14.123] [T6657] [info] CSXSEventQueueManager::RemoveEventQueueByChannel: remove queue 768.1750226524 (CCXP) for channel 3...
[06/19/25 01:34:16.055] [T701066] [info] CSXSEventQueueManager::CreateEventQueueIfNotExist: create queue 10338.1750293256 (CCXP)...
[06/19/25 02:05:17.576] [T701067] [info] CSXSEventQueueManager::RemoveEventQueueByChannel: remove queue 10338.1750293256 (CCXP) for channel 3...
[06/19/25 02:06:18.779] [T721703] [info] CSXSEventQueueManager::CreateEventQueueIfNotExist: create queue 10578.1750295178 (CCXP)...
[06/19/25 02:37:20.816] [T721704] [info] CSXSEventQueueManager::RemoveEventQueueByChannel: remove queue 10578.1750295178 (CCXP) for channel 3...
[06/19/25 02:38:22.319] [T744251] [info] CSXSEventQueueManager::CreateEventQueueIfNotExist: create queue 10861.1750297102 (CCXP)...
[06/19/25 03:09:23.147] [T744251] [info] CSXSEventQueueManager::RemoveEventQueueByChannel: remove queue 10861.1750297102 (CCXP) for channel 2...
[06/19/25 03:10:26.028] [T765589] [info] CSXSEventQueueManager::CreateEventQueueIfNotExist: create queue 11186.1750299026 (CCXP)...
[06/19/25 06:59:25.789] [T7881] [info] CSXSEventQueueManager::RemoveEventQueueByChannel: remove queue 888.1750226530 (ACHP) for channel 7...
[06/19/25 06:59:27.735] [T934970] [info] CSXSEventQueueManager::CreateEventQueueIfNotExist: create queue 13472.1750312767 (CCH_UPI)...
[06/19/25 06:59:28.229] [T935000] [info] CSXSEventQueueManager::CreateEventQueueIfNotExist: create queue 13467.1750312768 (ACHP)...
[06/19/25 07:04:34.597] [T934970] [info] CSXSEventQueueManager::RemoveEventQueueByChannel: remove queue 13472.1750312767 (CCH_UPI) for channel 7...
[06/20/25 01:36:19.564] [T765589] [info] CSXSEventQueueManager::RemoveEventQueueByChannel: remove queue 11186.1750299026 (CCXP) for channel 2...
[06/20/25 01:37:32.651] [T1466520] [info] CSXSEventQueueManager::CreateEventQueueIfNotExist: create queue 24571.1750379852 (CCXP)...
[06/20/25 02:08:34.764] [T1466520] [info] CSXSEventQueueManager::RemoveEventQueueByChannel: remove queue 24571.1750379852 (CCXP) for channel 2...
[06/20/25 02:09:46.450] [T1491164] [info] CSXSEventQueueManager::CreateEventQueueIfNotExist: create queue 25006.1750381786 (CCXP)...
[06/20/25 02:40:48.039] [T1491166] [info] CSXSEventQueueManager::RemoveEventQueueByChannel: remove queue 25006.1750381786 (CCXP) for channel 3...
[06/20/25 02:41:53.048] [T1514224] [info] CSXSEventQueueManager::CreateEventQueueIfNotExist: create queue 25369.1750383713 (CCXP)...
[06/20/25 03:12:55.707] [T1514224] [info] CSXSEventQueueManager::RemoveEventQueueByChannel: remove queue 25369.1750383713 (CCXP) for channel 2...
[06/20/25 03:13:57.818] [T1534366] [info] CSXSEventQueueManager::CreateEventQueueIfNotExist: create queue 25630.1750385637 (CCXP)...
[06/20/25 06:56:29.655] [T1722508] [info] CSXSEventQueueManager::CreateEventQueueIfNotExist: create queue 28587.1750398989 (CCH_UPI)...
[06/20/25 07:01:39.454] [T1722508] [info] CSXSEventQueueManager::RemoveEventQueueByChannel: remove queue 28587.1750398989 (CCH_UPI) for channel 7...
[06/20/25 10:05:33.667] [T8031] [info] AdobeIPCBroker version: 7.2.1
[06/20/25 10:05:33.715] [T8060] [info] CSXSEventQueueManager::CreateEventQueueIfNotExist: create queue 812.1750410333 (CCXP)...
[06/20/25 10:05:36.812] [T8746] [info] CSXSEventQueueManager::CreateEventQueueIfNotExist: create queue 881.1750410336 (ACHP)...
[06/20/25 10:05:36.813] [T8748] [info] CSXSEventQueueManager::CreateEventQueueIfNotExist: create queue 794.1750410336 (ACCC)...
[06/20/25 10:05:37.634] [T8887] [info] CSXSEventQueueManager::CreateEventQueueIfNotExist: create queue 902.1750410337 (ACHP)...
[06/20/25 10:05:37.963] [T8985] [info] CSXSEventQueueManager::CreateEventQueueIfNotExist: create queue 903.1750410337 (ADCS)...
[06/20/25 10:05:38.379] [T8761] [info] CSXSEventQueueManager::RemoveEventQueueByChannel: remove queue 881.1750410336 (ACHP) for channel 6...
[06/20/25 10:05:41.699] [T9446] [info] CSXSEventQueueManager::CreateEventQueueIfNotExist: create queue 947.1750410341 (COSY)...
[06/20/25 10:05:43.033] [T9596] [info] CSXSEventQueueManager::CreateEventQueueIfNotExist: create queue 958.1750410343 (COSY)...
[06/20/25 10:05:44.513] [T9823] [info] CSXSEventQueueManager::CreateEventQueueIfNotExist: create queue 975.1750410344 (CCH_UPI)...
[06/20/25 10:10:47.039] [T9841] [info] CSXSEventQueueManager::RemoveEventQueueByChannel: remove queue 975.1750410344 (CCH_UPI) for channel 15...
[06/21/25 01:36:38.182] [T8060] [info] CSXSEventQueueManager::RemoveEventQueueByChannel: remove queue 812.1750410333 (CCXP) for channel 2...
[06/21/25 01:37:50.031] [T764232] [info] CSXSEventQueueManager::CreateEventQueueIfNotExist: create queue 14594.1750466270 (CCXP)...
[06/21/25 02:08:51.076] [T764232] [info] CSXSEventQueueManager::RemoveEventQueueByChannel: remove queue 14594.1750466270 (CCXP) for channel 2...
[06/21/25 02:10:01.547] [T790484] [info] CSXSEventQueueManager::CreateEventQueueIfNotExist: create queue 15075.1750468201 (CCXP)...
[06/21/25 02:41:04.202] [T790490] [info] CSXSEventQueueManager::RemoveEventQueueByChannel: remove queue 15075.1750468201 (CCXP) for channel 3...
[06/21/25 02:42:10.477] [T813478] [info] CSXSEventQueueManager::CreateEventQueueIfNotExist: create queue 15507.1750470130 (CCXP)...
[06/21/25 03:13:11.238] [T813478] [info] CSXSEventQueueManager::RemoveEventQueueByChannel: remove queue 15507.1750470130 (CCXP) for channel 2...
[06/21/25 03:14:22.878] [T850207] [info] CSXSEventQueueManager::CreateEventQueueIfNotExist: create queue 16387.1750472062 (CCXP)...
[06/21/25 04:15:05.737] [T7278] [info] AdobeIPCBroker version: 7.2.1
[06/21/25 04:15:05.742] [T7365] [info] CSXSEventQueueManager::CreateEventQueueIfNotExist: create queue 803.1750475705 (CCXP)...
[06/21/25 04:15:07.420] [T7704] [info] CSXSEventQueueManager::CreateEventQueueIfNotExist: create queue 754.1750475707 (ACCC)...
[06/21/25 04:15:07.424] [T7705] [info] CSXSEventQueueManager::CreateEventQueueIfNotExist: create queue 858.1750475707 (ACHP)...
[06/21/25 04:15:07.562] [T7743] [info] CSXSEventQueueManager::CreateEventQueueIfNotExist: create queue 864.1750475707 (ACHP)...
[06/21/25 04:15:07.748] [T7808] [info] CSXSEventQueueManager::CreateEventQueueIfNotExist: create queue 866.1750475707 (ADCS)...
[06/21/25 04:15:08.265] [T7707] [info] CSXSEventQueueManager::RemoveEventQueueByChannel: remove queue 858.1750475707 (ACHP) for channel 6...
[06/21/25 04:15:12.498] [T8420] [info] CSXSEventQueueManager::CreateEventQueueIfNotExist: create queue 915.1750475712 (COSY)...
[06/21/25 04:15:13.875] [T8572] [info] CSXSEventQueueManager::CreateEventQueueIfNotExist: create queue 925.1750475713 (COSY)...
[06/21/25 04:15:15.548] [T8808] [info] CSXSEventQueueManager::CreateEventQueueIfNotExist: create queue 947.1750475715 (CCH_UPI)...
[06/21/25 04:20:18.061] [T8808] [info] CSXSEventQueueManager::RemoveEventQueueByChannel: remove queue 947.1750475715 (CCH_UPI) for channel 14...
[06/22/25 01:30:59.200] [T7365] [info] CSXSEventQueueManager::RemoveEventQueueByChannel: remove queue 803.1750475705 (CCXP) for channel 2...
[06/22/25 01:32:10.430] [T852622] [info] CSXSEventQueueManager::CreateEventQueueIfNotExist: create queue 15471.1750552330 (CCXP)...
[06/22/25 02:03:12.356] [T852626] [info] CSXSEventQueueManager::RemoveEventQueueByChannel: remove queue 15471.1750552330 (CCXP) for channel 3...
[06/22/25 02:04:14.185] [T872470] [info] CSXSEventQueueManager::CreateEventQueueIfNotExist: create queue 15773.1750554254 (CCXP)...
[06/22/25 02:35:14.259] [T872471] [info] CSXSEventQueueManager::RemoveEventQueueByChannel: remove queue 15773.1750554254 (CCXP) for channel 3...
[06/22/25 02:36:16.792] [T893114] [info] CSXSEventQueueManager::CreateEventQueueIfNotExist: create queue 16090.1750556176 (CCXP)...
[06/22/25 03:07:20.272] [T893114] [info] CSXSEventQueueManager::RemoveEventQueueByChannel: remove queue 16090.1750556176 (CCXP) for channel 2...
[06/22/25 03:08:26.996] [T911240] [info] CSXSEventQueueManager::CreateEventQueueIfNotExist: create queue 16415.1750558106 (CCXP)...
[06/22/25 04:12:21.856] [T945737] [info] CSXSEventQueueManager::CreateEventQueueIfNotExist: create queue 16963.1750561941 (CCH_UPI)...
[06/22/25 04:17:22.762] [T945737] [info] CSXSEventQueueManager::RemoveEventQueueByChannel: remove queue 16963.1750561941 (CCH_UPI) for channel 14...
[06/23/25 01:09:29.662] [T911245] [info] CSXSEventQueueManager::RemoveEventQueueByChannel: remove queue 16415.1750558106 (CCXP) for channel 3...
[06/23/25 01:10:43.379] [T1618520] [info] CSXSEventQueueManager::CreateEventQueueIfNotExist: create queue 28124.1750637443 (CCXP)...
[06/23/25 01:41:43.882] [T1618521] [info] CSXSEventQueueManager::RemoveEventQueueByChannel: remove queue 28124.1750637443 (CCXP) for channel 3...
[06/23/25 01:42:45.917] [T1638185] [info] CSXSEventQueueManager::CreateEventQueueIfNotExist: create queue 28463.1750639365 (CCXP)...
[06/23/25 02:13:46.332] [T1638191] [info] CSXSEventQueueManager::RemoveEventQueueByChannel: remove queue 28463.1750639365 (CCXP) for channel 3...
[06/23/25 02:14:52.645] [T1660527] [info] CSXSEventQueueManager::CreateEventQueueIfNotExist: create queue 28760.1750641292 (CCXP)...
[06/23/25 02:45:53.346] [T1660530] [info] CSXSEventQueueManager::RemoveEventQueueByChannel: remove queue 28760.1750641292 (CCXP) for channel 3...
[06/23/25 02:46:55.895] [T1686071] [info] CSXSEventQueueManager::CreateEventQueueIfNotExist: create queue 29094.1750643215 (CCXP)...
[06/23/25 04:09:24.825] [T1786944] [info] CSXSEventQueueManager::CreateEventQueueIfNotExist: create queue 30625.1750648164 (CCH_UPI)...
[06/23/25 04:14:45.787] [T1786944] [info] CSXSEventQueueManager::RemoveEventQueueByChannel: remove queue 30625.1750648164 (CCH_UPI) for channel 14...
[06/23/25 09:57:28.484] [T6954] [info] AdobeIPCBroker version: 7.2.1
[06/23/25 09:57:28.520] [T6973] [info] CSXSEventQueueManager::CreateEventQueueIfNotExist: create queue 788.1750669048 (CCXP)...
[06/23/25 09:57:29.940] [T7413] [info] CSXSEventQueueManager::CreateEventQueueIfNotExist: create queue 707.1750669049 (ACCC)...
[06/23/25 09:57:29.941] [T7412] [info] CSXSEventQueueManager::CreateEventQueueIfNotExist: create queue 849.1750669049 (ACHP)...
[06/23/25 09:57:30.135] [T7479] [info] CSXSEventQueueManager::CreateEventQueueIfNotExist: create queue 856.1750669050 (ACHP)...
[06/23/25 09:57:30.255] [T7547] [info] CSXSEventQueueManager::CreateEventQueueIfNotExist: create queue 857.1750669050 (ADCS)...
[06/23/25 09:57:31.120] [T7432] [info] CSXSEventQueueManager::RemoveEventQueueByChannel: remove queue 849.1750669049 (ACHP) for channel 10...
[06/23/25 09:57:40.065] [T8789] [info] CSXSEventQueueManager::CreateEventQueueIfNotExist: create queue 945.1750669060 (COSY)...
[06/23/25 09:57:40.516] [T8840] [info] CSXSEventQueueManager::CreateEventQueueIfNotExist: create queue 953.1750669060 (COSY)...
[06/23/25 09:57:42.679] [T9206] [info] CSXSEventQueueManager::CreateEventQueueIfNotExist: create queue 992.1750669062 (CCH_UPI)...
[06/23/25 10:02:45.317] [T9206] [info] CSXSEventQueueManager::RemoveEventQueueByChannel: remove queue 992.1750669062 (CCH_UPI) for channel 23...
[06/24/25 01:22:58.959] [T6973] [info] CSXSEventQueueManager::RemoveEventQueueByChannel: remove queue 788.1750669048 (CCXP) for channel 6...
[06/24/25 01:24:10.318] [T589914] [info] CSXSEventQueueManager::CreateEventQueueIfNotExist: create queue 9484.1750724650 (CCXP)...
[06/24/25 01:55:11.312] [T589917] [info] CSXSEventQueueManager::RemoveEventQueueByChannel: remove queue 9484.1750724650 (CCXP) for channel 7...
[06/24/25 01:56:12.419] [T609969] [info] CSXSEventQueueManager::CreateEventQueueIfNotExist: create queue 9709.1750726572 (CCXP)...
[06/24/25 02:27:13.643] [T609973] [info] CSXSEventQueueManager::RemoveEventQueueByChannel: remove queue 9709.1750726572 (CCXP) for channel 7...
[06/24/25 02:28:15.008] [T630721] [info] CSXSEventQueueManager::CreateEventQueueIfNotExist: create queue 10062.1750728495 (CCXP)...
[06/24/25 02:59:16.762] [T630725] [info] CSXSEventQueueManager::RemoveEventQueueByChannel: remove queue 10062.1750728495 (CCXP) for channel 7...
[06/24/25 03:00:17.919] [T652503] [info] CSXSEventQueueManager::CreateEventQueueIfNotExist: create queue 10387.1750730417 (CCXP)...
[06/24/25 08:32:07.713] [T6962] [info] AdobeIPCBroker version: 7.2.1
[06/24/25 08:32:07.745] [T7036] [info] CSXSEventQueueManager::CreateEventQueueIfNotExist: create queue 805.1750750327 (CCXP)...
[06/24/25 08:32:09.863] [T7527] [info] CSXSEventQueueManager::CreateEventQueueIfNotExist: create queue 725.1750750329 (ACCC)...
[06/24/25 08:32:09.863] [T7528] [info] CSXSEventQueueManager::CreateEventQueueIfNotExist: create queue 862.1750750329 (ACHP)...
[06/24/25 08:32:10.010] [T7578] [info] CSXSEventQueueManager::CreateEventQueueIfNotExist: create queue 866.1750750330 (ACHP)...
[06/24/25 08:32:10.189] [T7657] [info] CSXSEventQueueManager::CreateEventQueueIfNotExist: create queue 867.1750750330 (ADCS)...
[06/24/25 08:32:10.922] [T7550] [info] CSXSEventQueueManager::RemoveEventQueueByChannel: remove queue 862.1750750329 (ACHP) for channel 6...
[06/24/25 08:32:16.081] [T8236] [info] CSXSEventQueueManager::CreateEventQueueIfNotExist: create queue 904.1750750336 (COSY)...
[06/24/25 08:32:17.054] [T8327] [info] CSXSEventQueueManager::CreateEventQueueIfNotExist: create queue 913.1750750337 (COSY)...
[06/24/25 08:32:20.783] [T8883] [info] CSXSEventQueueManager::CreateEventQueueIfNotExist: create queue 987.1750750340 (CCH_UPI)...
[06/24/25 08:32:24.113] [T7036] [info] CSXSEventQueueManager::RemoveEventQueueByChannel: remove queue 805.1750750327 (CCXP) for channel 2...
[06/24/25 08:32:58.395] [T11438] [info] CSXSEventQueueManager::CreateEventQueueIfNotExist: create queue 1174.1750750378 (CCXP)...
[06/24/25 08:37:24.642] [T8883] [info] CSXSEventQueueManager::RemoveEventQueueByChannel: remove queue 987.1750750340 (CCH_UPI) for channel 14...
[06/25/25 01:33:54.004] [T11440] [info] CSXSEventQueueManager::RemoveEventQueueByChannel: remove queue 1174.1750750378 (CCXP) for channel 3...
[06/25/25 01:35:06.559] [T591323] [info] CSXSEventQueueManager::CreateEventQueueIfNotExist: create queue 10369.1750811706 (CCXP)...
[06/25/25 02:06:07.190] [T591323] [info] CSXSEventQueueManager::RemoveEventQueueByChannel: remove queue 10369.1750811706 (CCXP) for channel 2...
[06/25/25 02:07:13.558] [T607583] [info] CSXSEventQueueManager::CreateEventQueueIfNotExist: create queue 10670.1750813633 (CCXP)...
[06/25/25 02:38:14.679] [T607588] [info] CSXSEventQueueManager::RemoveEventQueueByChannel: remove queue 10670.1750813633 (CCXP) for channel 3...
[06/25/25 02:39:24.874] [T632284] [info] CSXSEventQueueManager::CreateEventQueueIfNotExist: create queue 11088.1750815564 (CCXP)...
[06/25/25 03:10:28.538] [T632291] [info] CSXSEventQueueManager::RemoveEventQueueByChannel: remove queue 11088.1750815564 (CCXP) for channel 3...
[06/25/25 03:11:30.496] [T651195] [info] CSXSEventQueueManager::CreateEventQueueIfNotExist: create queue 11476.1750817490 (CCXP)...
[06/25/25 08:29:24.312] [T813422] [info] CSXSEventQueueManager::CreateEventQueueIfNotExist: create queue 14255.1750836564 (CCH_UPI)...
[06/25/25 08:34:25.005] [T813422] [info] CSXSEventQueueManager::RemoveEventQueueByChannel: remove queue 14255.1750836564 (CCH_UPI) for channel 14...
[06/25/25 14:15:25.600] [T6988] [info] AdobeIPCBroker version: 7.2.1
[06/25/25 14:15:25.601] [T7028] [info] CSXSEventQueueManager::CreateEventQueueIfNotExist: create queue 779.1750857325 (CCXP)...
[06/25/25 14:15:29.339] [T7537] [info] CSXSEventQueueManager::CreateEventQueueIfNotExist: create queue 724.1750857329 (ACCC)...
[06/25/25 14:15:29.359] [T7539] [info] CSXSEventQueueManager::CreateEventQueueIfNotExist: create queue 861.1750857329 (ACHP)...
[06/25/25 14:15:30.260] [T7673] [info] CSXSEventQueueManager::CreateEventQueueIfNotExist: create queue 886.1750857330 (ACHP)...
[06/25/25 14:15:30.725] [T7762] [info] CSXSEventQueueManager::CreateEventQueueIfNotExist: create queue 887.1750857330 (ADCS)...
[06/25/25 14:15:31.155] [T7554] [info] CSXSEventQueueManager::RemoveEventQueueByChannel: remove queue 861.1750857329 (ACHP) for channel 10...
[06/25/25 14:15:35.439] [T8211] [info] CSXSEventQueueManager::CreateEventQueueIfNotExist: create queue 913.1750857335 (COSY)...
[06/25/25 14:15:36.681] [T8347] [info] CSXSEventQueueManager::CreateEventQueueIfNotExist: create queue 920.1750857336 (COSY)...
[06/25/25 14:15:38.795] [T8614] [info] CSXSEventQueueManager::CreateEventQueueIfNotExist: create queue 952.1750857338 (CCH_UPI)...
[06/25/25 14:20:41.191] [T8614] [info] CSXSEventQueueManager::RemoveEventQueueByChannel: remove queue 952.1750857338 (CCH_UPI) for channel 23...
[06/26/25 01:13:13.902] [T7354] [info] AdobeIPCBroker version: 7.2.1
[06/26/25 01:13:13.916] [T7381] [info] CSXSEventQueueManager::CreateEventQueueIfNotExist: create queue 792.1750896793 (CCXP)...
[06/26/25 01:13:15.404] [T7651] [info] CSXSEventQueueManager::CreateEventQueueIfNotExist: create queue 734.1750896795 (ACCC)...
[06/26/25 01:13:15.404] [T7652] [info] CSXSEventQueueManager::CreateEventQueueIfNotExist: create queue 853.1750896795 (ACHP)...
[06/26/25 01:13:15.745] [T7725] [info] CSXSEventQueueManager::CreateEventQueueIfNotExist: create queue 861.1750896795 (ACHP)...
[06/26/25 01:13:16.035] [T7807] [info] CSXSEventQueueManager::CreateEventQueueIfNotExist: create queue 863.1750896796 (ADCS)...
[06/26/25 01:13:16.415] [T7666] [info] CSXSEventQueueManager::RemoveEventQueueByChannel: remove queue 853.1750896795 (ACHP) for channel 6...
[06/26/25 01:13:23.035] [T8645] [info] CSXSEventQueueManager::CreateEventQueueIfNotExist: create queue 933.1750896803 (COSY)...
[06/26/25 01:13:24.330] [T8864] [info] CSXSEventQueueManager::CreateEventQueueIfNotExist: create queue 941.1750896804 (COSY)...
[06/26/25 01:13:25.829] [T9173] [info] CSXSEventQueueManager::CreateEventQueueIfNotExist: create queue 980.1750896805 (CCH_UPI)...
[06/26/25 01:18:27.804] [T9173] [info] CSXSEventQueueManager::RemoveEventQueueByChannel: remove queue 980.1750896805 (CCH_UPI) for channel 14...
[06/26/25 01:44:16.881] [T7396] [info] CSXSEventQueueManager::RemoveEventQueueByChannel: remove queue 792.1750896793 (CCXP) for channel 3...
[06/26/25 01:45:23.391] [T45809] [info] CSXSEventQueueManager::CreateEventQueueIfNotExist: create queue 1603.1750898723 (CCXP)...
[06/26/25 02:16:25.866] [T45809] [info] CSXSEventQueueManager::RemoveEventQueueByChannel: remove queue 1603.1750898723 (CCXP) for channel 2...
[06/26/25 02:17:27.542] [T76375] [info] CSXSEventQueueManager::CreateEventQueueIfNotExist: create queue 2146.1750900647 (CCXP)...
[06/26/25 02:48:28.796] [T76375] [info] CSXSEventQueueManager::RemoveEventQueueByChannel: remove queue 2146.1750900647 (CCXP) for channel 2...
[06/26/25 02:49:32.953] [T107720] [info] CSXSEventQueueManager::CreateEventQueueIfNotExist: create queue 2935.1750902572 (CCXP)...
[06/26/25 07:12:06.188] [T7290] [info] AdobeIPCBroker version: 7.2.1
[06/26/25 07:12:06.198] [T7322] [info] CSXSEventQueueManager::CreateEventQueueIfNotExist: create queue 801.1750918326 (CCXP)...
[06/26/25 07:12:08.551] [T7807] [info] CSXSEventQueueManager::CreateEventQueueIfNotExist: create queue 863.1750918328 (ACHP)...
[06/26/25 07:12:08.551] [T7808] [info] CSXSEventQueueManager::CreateEventQueueIfNotExist: create queue 752.1750918328 (ACCC)...
[06/26/25 07:12:08.919] [T7862] [info] CSXSEventQueueManager::CreateEventQueueIfNotExist: create queue 871.1750918328 (ACHP)...
[06/26/25 07:12:09.218] [T7938] [info] CSXSEventQueueManager::CreateEventQueueIfNotExist: create queue 872.1750918329 (ADCS)...
[06/26/25 07:12:09.821] [T7815] [info] CSXSEventQueueManager::RemoveEventQueueByChannel: remove queue 863.1750918328 (ACHP) for channel 6...
[06/26/25 07:12:12.190] [T8436] [info] CSXSEventQueueManager::CreateEventQueueIfNotExist: create queue 919.1750918332 (COSY)...
[06/26/25 07:12:13.472] [T8601] [info] CSXSEventQueueManager::CreateEventQueueIfNotExist: create queue 928.1750918333 (COSY)...
[06/26/25 07:12:15.734] [T8885] [info] CSXSEventQueueManager::CreateEventQueueIfNotExist: create queue 959.1750918335 (CCH_UPI)...
[06/26/25 07:17:18.345] [T8885] [info] CSXSEventQueueManager::RemoveEventQueueByChannel: remove queue 959.1750918335 (CCH_UPI) for channel 14...
[06/26/25 15:23:04.221] [T7091] [info] AdobeIPCBroker version: 7.2.1
[06/26/25 15:23:04.228] [T7099] [info] CSXSEventQueueManager::CreateEventQueueIfNotExist: create queue 772.1750947784 (CCXP)...
[06/26/25 15:23:06.393] [T7838] [info] CSXSEventQueueManager::CreateEventQueueIfNotExist: create queue 852.1750947786 (ACHP)...
[06/26/25 15:23:06.393] [T7837] [info] CSXSEventQueueManager::CreateEventQueueIfNotExist: create queue 732.1750947786 (ACCC)...
[06/26/25 15:23:06.545] [T7883] [info] CSXSEventQueueManager::CreateEventQueueIfNotExist: create queue 858.1750947786 (ACHP)...
[06/26/25 15:23:06.781] [T7961] [info] CSXSEventQueueManager::CreateEventQueueIfNotExist: create queue 859.1750947786 (ADCS)...
[06/26/25 15:23:07.610] [T7841] [info] CSXSEventQueueManager::RemoveEventQueueByChannel: remove queue 852.1750947786 (ACHP) for channel 6...
[06/26/25 15:23:16.215] [T8984] [info] CSXSEventQueueManager::CreateEventQueueIfNotExist: create queue 957.1750947796 (COSY)...
[06/26/25 15:23:16.579] [T9079] [info] CSXSEventQueueManager::CreateEventQueueIfNotExist: create queue 966.1750947796 (COSY)...
[06/26/25 15:23:19.963] [T9479] [info] CSXSEventQueueManager::CreateEventQueueIfNotExist: create queue 991.1750947799 (CCH_UPI)...
[06/26/25 15:28:22.465] [T9479] [info] CSXSEventQueueManager::RemoveEventQueueByChannel: remove queue 991.1750947799 (CCH_UPI) for channel 14...
[06/27/25 01:20:48.761] [T7099] [info] CSXSEventQueueManager::RemoveEventQueueByChannel: remove queue 772.1750947784 (CCXP) for channel 2...
[06/27/25 01:21:56.393] [T336113] [info] CSXSEventQueueManager::CreateEventQueueIfNotExist: create queue 4625.1750983716 (CCXP)...
[06/27/25 01:52:58.192] [T336128] [info] CSXSEventQueueManager::RemoveEventQueueByChannel: remove queue 4625.1750983716 (CCXP) for channel 3...
[06/27/25 01:53:59.291] [T359112] [info] CSXSEventQueueManager::CreateEventQueueIfNotExist: create queue 4867.1750985639 (CCXP)...
[06/27/25 02:25:01.860] [T359112] [info] CSXSEventQueueManager::RemoveEventQueueByChannel: remove queue 4867.1750985639 (CCXP) for channel 2...
[06/27/25 02:26:03.800] [T386009] [info] CSXSEventQueueManager::CreateEventQueueIfNotExist: create queue 5259.1750987563 (CCXP)...
[06/27/25 02:57:05.931] [T386012] [info] CSXSEventQueueManager::RemoveEventQueueByChannel: remove queue 5259.1750987563 (CCXP) for channel 3...
[06/27/25 02:58:08.649] [T410492] [info] CSXSEventQueueManager::CreateEventQueueIfNotExist: create queue 5572.1750989488 (CCXP)...
[06/27/25 15:20:26.221] [T952710] [info] CSXSEventQueueManager::CreateEventQueueIfNotExist: create queue 15293.1751034026 (CCH_UPI)...
[06/27/25 15:25:29.000] [T952734] [info] CSXSEventQueueManager::RemoveEventQueueByChannel: remove queue 15293.1751034026 (CCH_UPI) for channel 15...
[06/28/25 01:20:20.852] [T410495] [info] CSXSEventQueueManager::RemoveEventQueueByChannel: remove queue 5572.1750989488 (CCXP) for channel 3...
[06/28/25 01:21:27.218] [T1254277] [info] CSXSEventQueueManager::CreateEventQueueIfNotExist: create queue 19453.1751070087 (CCXP)...
[06/28/25 01:52:29.526] [T1254277] [info] CSXSEventQueueManager::RemoveEventQueueByChannel: remove queue 19453.1751070087 (CCXP) for channel 2...
[06/28/25 01:53:41.114] [T1273601] [info] CSXSEventQueueManager::CreateEventQueueIfNotExist: create queue 19858.1751072021 (CCXP)...
[06/28/25 02:24:43.879] [T1273601] [info] CSXSEventQueueManager::RemoveEventQueueByChannel: remove queue 19858.1751072021 (CCXP) for channel 2...
[06/28/25 02:25:45.337] [T1288020] [info] CSXSEventQueueManager::CreateEventQueueIfNotExist: create queue 20001.1751073945 (CCXP)...
[06/28/25 02:56:48.948] [T1288020] [info] CSXSEventQueueManager::RemoveEventQueueByChannel: remove queue 20001.1751073945 (CCXP) for channel 2...
[06/28/25 02:57:51.193] [T1304525] [info] CSXSEventQueueManager::CreateEventQueueIfNotExist: create queue 20250.1751075871 (CCXP)...
[06/28/25 15:17:29.875] [T1648693] [info] CSXSEventQueueManager::CreateEventQueueIfNotExist: create queue 25376.1751120249 (CCH_UPI)...
[06/28/25 15:22:32.428] [T1648693] [info] CSXSEventQueueManager::RemoveEventQueueByChannel: remove queue 25376.1751120249 (CCH_UPI) for channel 14...
[06/29/25 01:28:55.040] [T1304526] [info] CSXSEventQueueManager::RemoveEventQueueByChannel: remove queue 20250.1751075871 (CCXP) for channel 3...
[06/29/25 01:29:57.142] [T2047135] [info] CSXSEventQueueManager::CreateEventQueueIfNotExist: create queue 30583.1751156997 (CCXP)...
[06/29/25 02:00:58.998] [T2047138] [info] CSXSEventQueueManager::RemoveEventQueueByChannel: remove queue 30583.1751156997 (CCXP) for channel 3...
[06/29/25 02:02:05.377] [T2063967] [info] CSXSEventQueueManager::CreateEventQueueIfNotExist: create queue 30994.1751158925 (CCXP)...
[06/29/25 02:33:07.722] [T2063967] [info] CSXSEventQueueManager::RemoveEventQueueByChannel: remove queue 30994.1751158925 (CCXP) for channel 2...
[06/29/25 02:34:09.265] [T2086154] [info] CSXSEventQueueManager::CreateEventQueueIfNotExist: create queue 31287.1751160849 (CCXP)...
[06/29/25 03:05:10.783] [T2086154] [info] CSXSEventQueueManager::RemoveEventQueueByChannel: remove queue 31287.1751160849 (CCXP) for channel 2...
[06/29/25 03:06:13.177] [T2107961] [info] CSXSEventQueueManager::CreateEventQueueIfNotExist: create queue 31511.1751162773 (CCXP)...
[06/29/25 15:14:34.079] [T2626100] [info] CSXSEventQueueManager::CreateEventQueueIfNotExist: create queue 39599.1751206474 (CCH_UPI)...
[06/29/25 15:19:37.395] [T2626100] [info] CSXSEventQueueManager::RemoveEventQueueByChannel: remove queue 39599.1751206474 (CCH_UPI) for channel 14...
[06/29/25 17:13:13.380] [T6797] [info] AdobeIPCBroker version: 7.2.1
[06/29/25 17:13:13.382] [T6811] [info] CSXSEventQueueManager::CreateEventQueueIfNotExist: create queue 789.1751213593 (CCXP)...
[06/29/25 17:13:14.646] [T7115] [info] CSXSEventQueueManager::CreateEventQueueIfNotExist: create queue 760.1751213594 (ACCC)...
[06/29/25 17:13:14.646] [T7116] [info] CSXSEventQueueManager::CreateEventQueueIfNotExist: create queue 821.1751213594 (ACHP)...
[06/29/25 17:13:14.780] [T7150] [info] CSXSEventQueueManager::CreateEventQueueIfNotExist: create queue 823.1751213594 (ACHP)...
[06/29/25 17:13:15.037] [T7233] [info] CSXSEventQueueManager::CreateEventQueueIfNotExist: create queue 826.1751213595 (ADCS)...
[06/29/25 17:13:16.494] [T7127] [info] CSXSEventQueueManager::RemoveEventQueueByChannel: remove queue 821.1751213594 (ACHP) for channel 6...
[06/29/25 17:13:24.406] [T8388] [info] CSXSEventQueueManager::CreateEventQueueIfNotExist: create queue 910.1751213604 (COSY)...
[06/29/25 17:13:24.974] [T8487] [info] CSXSEventQueueManager::CreateEventQueueIfNotExist: create queue 926.1751213604 (COSY)...
[06/29/25 17:13:27.553] [T8778] [info] CSXSEventQueueManager::CreateEventQueueIfNotExist: create queue 951.1751213607 (CCH_UPI)...
[06/29/25 17:18:29.701] [T8778] [info] CSXSEventQueueManager::RemoveEventQueueByChannel: remove queue 951.1751213607 (CCH_UPI) for channel 14...
[06/30/25 01:14:15.767] [T6811] [info] CSXSEventQueueManager::RemoveEventQueueByChannel: remove queue 789.1751213593 (CCXP) for channel 2...
[06/30/25 01:15:20.336] [T400248] [info] CSXSEventQueueManager::CreateEventQueueIfNotExist: create queue 10034.1751242520 (CCXP)...
[06/30/25 01:46:21.167] [T400248] [info] CSXSEventQueueManager::RemoveEventQueueByChannel: remove queue 10034.1751242520 (CCXP) for channel 2...
[06/30/25 01:47:27.776] [T429461] [info] CSXSEventQueueManager::CreateEventQueueIfNotExist: create queue 10833.1751244447 (CCXP)...
[06/30/25 02:18:30.205] [T429465] [info] CSXSEventQueueManager::RemoveEventQueueByChannel: remove queue 10833.1751244447 (CCXP) for channel 5...
[06/30/25 02:19:43.976] [T452864] [info] CSXSEventQueueManager::CreateEventQueueIfNotExist: create queue 11161.1751246383 (CCXP)...
[06/30/25 02:50:44.801] [T452868] [info] CSXSEventQueueManager::RemoveEventQueueByChannel: remove queue 11161.1751246383 (CCXP) for channel 5...
[06/30/25 02:51:51.884] [T475888] [info] CSXSEventQueueManager::CreateEventQueueIfNotExist: create queue 11403.1751248311 (CCXP)...
[06/30/25 13:23:43.057] [T6918] [info] AdobeIPCBroker version: 7.2.1
[06/30/25 13:23:43.110] [T6969] [info] CSXSEventQueueManager::CreateEventQueueIfNotExist: create queue 803.1751286222 (CCXP)...
[06/30/25 13:23:45.448] [T7602] [info] CSXSEventQueueManager::CreateEventQueueIfNotExist: create queue 759.1751286225 (ACCC)...
[06/30/25 13:23:45.448] [T7603] [info] CSXSEventQueueManager::CreateEventQueueIfNotExist: create queue 856.1751286225 (ACHP)...
[06/30/25 13:23:45.652] [T7649] [info] CSXSEventQueueManager::CreateEventQueueIfNotExist: create queue 862.1751286225 (ACHP)...
[06/30/25 13:23:45.798] [T7708] [info] CSXSEventQueueManager::CreateEventQueueIfNotExist: create queue 863.1751286225 (ADCS)...
[06/30/25 13:23:46.486] [T7618] [info] CSXSEventQueueManager::RemoveEventQueueByChannel: remove queue 856.1751286225 (ACHP) for channel 6...
[06/30/25 13:23:52.989] [T8559] [info] CSXSEventQueueManager::CreateEventQueueIfNotExist: create queue 941.1751286232 (COSY)...
[06/30/25 13:23:53.631] [T8656] [info] CSXSEventQueueManager::CreateEventQueueIfNotExist: create queue 950.1751286233 (COSY)...
[06/30/25 13:23:55.757] [T8951] [info] CSXSEventQueueManager::CreateEventQueueIfNotExist: create queue 975.1751286235 (CCH_UPI)...
[06/30/25 13:28:58.203] [T8951] [info] CSXSEventQueueManager::RemoveEventQueueByChannel: remove queue 975.1751286235 (CCH_UPI) for channel 14...
[07/01/25 01:08:02.819] [T6598] [info] AdobeIPCBroker version: 7.2.1
[07/01/25 01:08:02.823] [T6604] [info] CSXSEventQueueManager::CreateEventQueueIfNotExist: create queue 765.1751328482 (CCXP)...
[07/01/25 01:08:05.555] [T7267] [info] CSXSEventQueueManager::CreateEventQueueIfNotExist: create queue 831.1751328485 (ACHP)...
[07/01/25 01:08:05.555] [T7268] [info] CSXSEventQueueManager::CreateEventQueueIfNotExist: create queue 737.1751328485 (ACCC)...
[07/01/25 01:08:05.654] [T7305] [info] CSXSEventQueueManager::CreateEventQueueIfNotExist: create queue 834.1751328485 (ACHP)...
[07/01/25 01:08:05.760] [T7364] [info] CSXSEventQueueManager::CreateEventQueueIfNotExist: create queue 835.1751328485 (ADCS)...
[07/01/25 01:08:06.342] [T7282] [info] CSXSEventQueueManager::RemoveEventQueueByChannel: remove queue 831.1751328485 (ACHP) for channel 6...
[07/01/25 01:08:13.606] [T8422] [info] CSXSEventQueueManager::CreateEventQueueIfNotExist: create queue 919.1751328493 (COSY)...
[07/01/25 01:08:15.109] [T8655] [info] CSXSEventQueueManager::CreateEventQueueIfNotExist: create queue 940.1751328495 (COSY)...
[07/01/25 01:08:17.869] [T8994] [info] CSXSEventQueueManager::CreateEventQueueIfNotExist: create queue 959.1751328497 (CCH_UPI)...
[07/01/25 01:13:20.133] [T9012] [info] CSXSEventQueueManager::RemoveEventQueueByChannel: remove queue 959.1751328497 (CCH_UPI) for channel 15...
[07/01/25 01:39:07.065] [T6611] [info] CSXSEventQueueManager::RemoveEventQueueByChannel: remove queue 765.1751328482 (CCXP) for channel 3...
[07/01/25 01:40:13.058] [T57472] [info] CSXSEventQueueManager::CreateEventQueueIfNotExist: create queue 2311.1751330413 (CCXP)...
[07/01/25 02:11:15.480] [T57472] [info] CSXSEventQueueManager::RemoveEventQueueByChannel: remove queue 2311.1751330413 (CCXP) for channel 2...
[07/01/25 02:12:22.200] [T84592] [info] CSXSEventQueueManager::CreateEventQueueIfNotExist: create queue 3075.1751332342 (CCXP)...
[07/01/25 02:43:24.066] [T84592] [info] CSXSEventQueueManager::RemoveEventQueueByChannel: remove queue 3075.1751332342 (CCXP) for channel 2...
[07/01/25 02:44:37.758] [T105212] [info] CSXSEventQueueManager::CreateEventQueueIfNotExist: create queue 3387.1751334277 (CCXP)...
[07/01/25 03:15:39.902] [T105212] [info] CSXSEventQueueManager::RemoveEventQueueByChannel: remove queue 3387.1751334277 (CCXP) for channel 2...
[07/01/25 03:16:43.826] [T129184] [info] CSXSEventQueueManager::CreateEventQueueIfNotExist: create queue 3833.1751336203 (CCXP)...
[07/02/25 01:05:24.189] [T1027435] [info] CSXSEventQueueManager::CreateEventQueueIfNotExist: create queue 20019.1751414724 (CCH_UPI)...
[07/02/25 01:10:28.159] [T1027435] [info] CSXSEventQueueManager::RemoveEventQueueByChannel: remove queue 20019.1751414724 (CCH_UPI) for channel 14...
[07/02/25 01:17:45.115] [T129187] [info] CSXSEventQueueManager::RemoveEventQueueByChannel: remove queue 3833.1751336203 (CCXP) for channel 3...
[07/02/25 01:18:58.642] [T1049819] [info] CSXSEventQueueManager::CreateEventQueueIfNotExist: create queue 20761.1751415538 (CCXP)...
[07/02/25 01:50:02.129] [T1049823] [info] CSXSEventQueueManager::RemoveEventQueueByChannel: remove queue 20761.1751415538 (CCXP) for channel 3...
[07/02/25 01:51:09.513] [T1088706] [info] CSXSEventQueueManager::CreateEventQueueIfNotExist: create queue 21535.1751417469 (CCXP)...
[07/02/25 02:11:34.001] [T6723] [info] AdobeIPCBroker version: 7.2.1
[07/02/25 02:11:34.051] [T6761] [info] CSXSEventQueueManager::CreateEventQueueIfNotExist: create queue 761.1751418693 (CCXP)...
[07/02/25 02:11:36.628] [T7503] [info] CSXSEventQueueManager::CreateEventQueueIfNotExist: create queue 705.1751418696 (ACCC)...
[07/02/25 02:11:36.628] [T7504] [info] CSXSEventQueueManager::CreateEventQueueIfNotExist: create queue 854.1751418696 (ACHP)...
[07/02/25 02:11:36.793] [T7543] [info] CSXSEventQueueManager::CreateEventQueueIfNotExist: create queue 856.1751418696 (ACHP)...
[07/02/25 02:11:37.735] [T7507] [info] CSXSEventQueueManager::RemoveEventQueueByChannel: remove queue 854.1751418696 (ACHP) for channel 6...
[07/02/25 02:11:39.367] [T7895] [info] CSXSEventQueueManager::CreateEventQueueIfNotExist: create queue 866.1751418699 (ADCS)...
[07/02/25 02:11:42.044] [T8205] [info] CSXSEventQueueManager::CreateEventQueueIfNotExist: create queue 900.1751418702 (COSY)...
[07/02/25 02:11:42.587] [T8314] [info] CSXSEventQueueManager::CreateEventQueueIfNotExist: create queue 915.1751418702 (COSY)...
[07/02/25 02:11:44.604] [T8601] [info] CSXSEventQueueManager::CreateEventQueueIfNotExist: create queue 934.1751418704 (CCH_UPI)...
[07/02/25 02:16:49.502] [T8601] [info] CSXSEventQueueManager::RemoveEventQueueByChannel: remove queue 934.1751418704 (CCH_UPI) for channel 14...
[07/02/25 02:42:35.834] [T6774] [info] CSXSEventQueueManager::RemoveEventQueueByChannel: remove queue 761.1751418693 (CCXP) for channel 3...
[07/02/25 02:43:42.022] [T40231] [info] CSXSEventQueueManager::CreateEventQueueIfNotExist: create queue 1572.1751420622 (CCXP)...
[07/03/25 01:14:44.425] [T40237] [info] CSXSEventQueueManager::RemoveEventQueueByChannel: remove queue 1572.1751420622 (CCXP) for channel 3...
[07/03/25 01:15:48.323] [T913265] [info] CSXSEventQueueManager::CreateEventQueueIfNotExist: create queue 14083.1751501748 (CCXP)...
[07/03/25 01:46:49.431] [T913266] [info] CSXSEventQueueManager::RemoveEventQueueByChannel: remove queue 14083.1751501748 (CCXP) for channel 3...
[07/03/25 01:47:50.902] [T952235] [info] CSXSEventQueueManager::CreateEventQueueIfNotExist: create queue 14544.1751503670 (CCXP)...
[07/03/25 02:08:52.141] [T978572] [info] CSXSEventQueueManager::CreateEventQueueIfNotExist: create queue 14662.1751504932 (CCH_UPI)...
[07/03/25 02:13:57.242] [T978572] [info] CSXSEventQueueManager::RemoveEventQueueByChannel: remove queue 14662.1751504932 (CCH_UPI) for channel 14...
[07/03/25 02:18:55.749] [T952236] [info] CSXSEventQueueManager::RemoveEventQueueByChannel: remove queue 14544.1751503670 (CCXP) for channel 3...
[07/03/25 02:20:02.627] [T993209] [info] CSXSEventQueueManager::CreateEventQueueIfNotExist: create queue 15037.1751505602 (CCXP)...
[07/03/25 02:51:03.884] [T993209] [info] CSXSEventQueueManager::RemoveEventQueueByChannel: remove queue 15037.1751505602 (CCXP) for channel 2...
[07/03/25 02:52:05.094] [T1031074] [info] CSXSEventQueueManager::CreateEventQueueIfNotExist: create queue 15563.1751507525 (CCXP)...
[07/03/25 03:33:04.407] [T8316] [info] CSXSEventQueueManager::RemoveEventQueueByChannel: remove queue 915.1751418702 (COSY) for channel 13...
[07/03/25 03:33:04.438] [T7503] [info] CSXSEventQueueManager::RemoveEventQueueByChannel: remove queue 705.1751418696 (ACCC) for channel 4...
[07/03/25 03:33:04.438] [T1031077] [info] CSXSEventQueueManager::RemoveEventQueueByChannel: remove queue 15563.1751507525 (CCXP) for channel 3...
[07/03/25 03:33:04.662] [T7547] [info] CSXSEventQueueManager::RemoveEventQueueByChannel: remove queue 856.1751418696 (ACHP) for channel 8...
[07/03/25 03:35:25.345] [T7151] [info] AdobeIPCBroker version: 7.2.1
[07/03/25 03:35:25.398] [T7192] [info] CSXSEventQueueManager::CreateEventQueueIfNotExist: create queue 788.1751510125 (CCXP)...
[07/03/25 03:35:27.202] [T7627] [info] CSXSEventQueueManager::CreateEventQueueIfNotExist: create queue 855.1751510127 (ACHP)...
[07/03/25 03:35:27.202] [T7629] [info] CSXSEventQueueManager::CreateEventQueueIfNotExist: create queue 759.1751510127 (ACCC)...
[07/03/25 03:35:27.381] [T7675] [info] CSXSEventQueueManager::CreateEventQueueIfNotExist: create queue 861.1751510127 (ACHP)...
[07/03/25 03:35:27.606] [T7753] [info] CSXSEventQueueManager::CreateEventQueueIfNotExist: create queue 862.1751510127 (ADCS)...
[07/03/25 03:35:28.299] [T7632] [info] CSXSEventQueueManager::RemoveEventQueueByChannel: remove queue 855.1751510127 (ACHP) for channel 6...
[07/03/25 03:35:33.454] [T8356] [info] CSXSEventQueueManager::CreateEventQueueIfNotExist: create queue 908.1751510133 (COSY)...
[07/03/25 03:35:35.043] [T8570] [info] CSXSEventQueueManager::CreateEventQueueIfNotExist: create queue 918.1751510135 (COSY)...
[07/03/25 03:35:37.320] [T8945] [info] CSXSEventQueueManager::CreateEventQueueIfNotExist: create queue 969.1751510137 (CCH_UPI)...
[07/03/25 03:40:40.007] [T8945] [info] CSXSEventQueueManager::RemoveEventQueueByChannel: remove queue 969.1751510137 (CCH_UPI) for channel 14...
[07/04/25 02:04:08.261] [T7192] [info] CSXSEventQueueManager::RemoveEventQueueByChannel: remove queue 788.1751510125 (CCXP) for channel 2...
[07/04/25 02:14:20.683] [T537211] [info] CSXSEventQueueManager::CreateEventQueueIfNotExist: create queue 7841.1751591660 (CCXP)...
[07/04/25 03:39:47.431] [T546620] [info] CSXSEventQueueManager::CreateEventQueueIfNotExist: create queue 8130.1751596787 (CCH_UPI)...
[07/04/25 04:03:49.448] [T537211] [info] CSXSEventQueueManager::RemoveEventQueueByChannel: remove queue 7841.1751591660 (CCXP) for channel 2...
[07/04/25 04:04:53.031] [T549687] [info] CSXSEventQueueManager::CreateEventQueueIfNotExist: create queue 8234.1751598293 (CCXP)...
[07/04/25 04:21:51.427] [T546620] [info] CSXSEventQueueManager::RemoveEventQueueByChannel: remove queue 8130.1751596787 (CCH_UPI) for channel 14...
[07/04/25 04:40:31.979] [T549687] [info] CSXSEventQueueManager::RemoveEventQueueByChannel: remove queue 8234.1751598293 (CCXP) for channel 2...
[07/04/25 04:41:36.267] [T553723] [info] CSXSEventQueueManager::CreateEventQueueIfNotExist: create queue 8335.1751600496 (CCXP)...
[07/04/25 05:12:36.693] [T553724] [info] CSXSEventQueueManager::RemoveEventQueueByChannel: remove queue 8335.1751600496 (CCXP) for channel 3...
[07/04/25 05:13:44.897] [T565742] [info] CSXSEventQueueManager::CreateEventQueueIfNotExist: create queue 8514.1751602424 (CCXP)...
[07/04/25 10:08:41.539] [T6766] [info] AdobeIPCBroker version: 7.2.1
[07/04/25 10:08:41.540] [T6782] [info] CSXSEventQueueManager::CreateEventQueueIfNotExist: create queue 791.1751620121 (CCXP)...
[07/04/25 10:08:43.737] [T7524] [info] CSXSEventQueueManager::CreateEventQueueIfNotExist: create queue 749.1751620123 (ACCC)...
[07/04/25 10:08:43.746] [T7526] [info] CSXSEventQueueManager::CreateEventQueueIfNotExist: create queue 859.1751620123 (ACHP)...
[07/04/25 10:08:43.890] [T7567] [info] CSXSEventQueueManager::CreateEventQueueIfNotExist: create queue 863.1751620123 (ACHP)...
[07/04/25 10:08:44.194] [T7639] [info] CSXSEventQueueManager::CreateEventQueueIfNotExist: create queue 864.1751620124 (ADCS)...
[07/04/25 10:08:46.905] [T7540] [info] CSXSEventQueueManager::RemoveEventQueueByChannel: remove queue 859.1751620123 (ACHP) for channel 6...
[07/04/25 10:08:50.577] [T8589] [info] CSXSEventQueueManager::CreateEventQueueIfNotExist: create queue 934.1751620130 (COSY)...
[07/04/25 10:08:51.284] [T8707] [info] CSXSEventQueueManager::CreateEventQueueIfNotExist: create queue 953.1751620131 (COSY)...
[07/04/25 10:08:53.831] [T9034] [info] CSXSEventQueueManager::CreateEventQueueIfNotExist: create queue 983.1751620133 (CCH_UPI)...
[07/04/25 10:13:55.714] [T9034] [info] CSXSEventQueueManager::RemoveEventQueueByChannel: remove queue 983.1751620133 (CCH_UPI) for channel 14...
[07/05/25 01:27:05.109] [T6791] [info] CSXSEventQueueManager::RemoveEventQueueByChannel: remove queue 791.1751620121 (CCXP) for channel 3...
[07/05/25 01:28:16.013] [T571754] [info] CSXSEventQueueManager::CreateEventQueueIfNotExist: create queue 10628.1751675296 (CCXP)...
[07/05/25 01:59:17.056] [T571754] [info] CSXSEventQueueManager::RemoveEventQueueByChannel: remove queue 10628.1751675296 (CCXP) for channel 2...
[07/05/25 02:00:18.138] [T591720] [info] CSXSEventQueueManager::CreateEventQueueIfNotExist: create queue 10901.1751677218 (CCXP)...
[07/05/25 02:31:18.776] [T591720] [info] CSXSEventQueueManager::RemoveEventQueueByChannel: remove queue 10901.1751677218 (CCXP) for channel 2...
[07/05/25 02:32:19.832] [T612278] [info] CSXSEventQueueManager::CreateEventQueueIfNotExist: create queue 11200.1751679139 (CCXP)...
[07/05/25 03:21:02.171] [T612278] [info] CSXSEventQueueManager::RemoveEventQueueByChannel: remove queue 11200.1751679139 (CCXP) for channel 2...
[07/05/25 03:22:03.926] [T630226] [info] CSXSEventQueueManager::CreateEventQueueIfNotExist: create queue 11430.1751682123 (CCXP)...
[07/05/25 10:05:57.503] [T925782] [info] CSXSEventQueueManager::CreateEventQueueIfNotExist: create queue 17046.1751706357 (CCH_UPI)...
[07/05/25 10:11:00.564] [T925782] [info] CSXSEventQueueManager::RemoveEventQueueByChannel: remove queue 17046.1751706357 (CCH_UPI) for channel 14...
[07/06/25 01:49:47.034] [T630232] [info] CSXSEventQueueManager::RemoveEventQueueByChannel: remove queue 11430.1751682123 (CCXP) for channel 3...
[07/06/25 01:50:52.222] [T1390496] [info] CSXSEventQueueManager::CreateEventQueueIfNotExist: create queue 26310.1751763052 (CCXP)...
[07/06/25 02:21:53.460] [T1390496] [info] CSXSEventQueueManager::RemoveEventQueueByChannel: remove queue 26310.1751763052 (CCXP) for channel 2...
[07/06/25 02:22:57.906] [T1403392] [info] CSXSEventQueueManager::CreateEventQueueIfNotExist: create queue 26495.1751764977 (CCXP)...
[07/06/25 03:10:15.113] [T1403392] [info] CSXSEventQueueManager::RemoveEventQueueByChannel: remove queue 26495.1751764977 (CCXP) for channel 2...
[07/06/25 03:11:16.708] [T1417336] [info] CSXSEventQueueManager::CreateEventQueueIfNotExist: create queue 26787.1751767876 (CCXP)...
[07/06/25 03:58:01.067] [T1417336] [info] CSXSEventQueueManager::RemoveEventQueueByChannel: remove queue 26787.1751767876 (CCXP) for channel 2...
[07/06/25 03:59:02.968] [T1421862] [info] CSXSEventQueueManager::CreateEventQueueIfNotExist: create queue 26926.1751770742 (CCXP)...
[07/06/25 10:05:16.676] [T1463780] [info] CSXSEventQueueManager::CreateEventQueueIfNotExist: create queue 27776.1751792716 (CCH_UPI)...
[07/06/25 10:30:33.075] [T1463780] [info] CSXSEventQueueManager::RemoveEventQueueByChannel: remove queue 27776.1751792716 (CCH_UPI) for channel 14...
[07/07/25 01:07:32.619] [T1421862] [info] CSXSEventQueueManager::RemoveEventQueueByChannel: remove queue 26926.1751770742 (CCXP) for channel 2...
[07/07/25 01:08:41.992] [T2043028] [info] CSXSEventQueueManager::CreateEventQueueIfNotExist: create queue 36439.1751846921 (CCXP)...
[07/07/25 01:39:44.441] [T2043028] [info] CSXSEventQueueManager::RemoveEventQueueByChannel: remove queue 36439.1751846921 (CCXP) for channel 2...
[07/07/25 01:40:46.480] [T2067449] [info] CSXSEventQueueManager::CreateEventQueueIfNotExist: create queue 36779.1751848846 (CCXP)...
[07/07/25 02:11:47.400] [T2067454] [info] CSXSEventQueueManager::RemoveEventQueueByChannel: remove queue 36779.1751848846 (CCXP) for channel 3...
[07/07/25 02:12:53.858] [T2091462] [info] CSXSEventQueueManager::CreateEventQueueIfNotExist: create queue 37012.1751850773 (CCXP)...
[07/07/25 02:43:56.183] [T2091462] [info] CSXSEventQueueManager::RemoveEventQueueByChannel: remove queue 37012.1751850773 (CCXP) for channel 2...
[07/07/25 02:44:57.681] [T2109846] [info] CSXSEventQueueManager::CreateEventQueueIfNotExist: create queue 37149.1751852697 (CCXP)...
[07/07/25 10:02:16.915] [T2392060] [info] CSXSEventQueueManager::CreateEventQueueIfNotExist: create queue 41515.1751878936 (CCH_UPI)...
[07/07/25 10:07:18.684] [T2392074] [info] CSXSEventQueueManager::RemoveEventQueueByChannel: remove queue 41515.1751878936 (CCH_UPI) for channel 15...
[07/07/25 22:30:47.670] [T6720] [info] AdobeIPCBroker version: 7.2.1
[07/07/25 22:30:47.684] [T6739] [info] CSXSEventQueueManager::CreateEventQueueIfNotExist: create queue 769.1751923847 (CCXP)...
[07/07/25 22:30:51.464] [T7657] [info] CSXSEventQueueManager::CreateEventQueueIfNotExist: create queue 863.1751923851 (ACHP)...
[07/07/25 22:30:51.464] [T7656] [info] CSXSEventQueueManager::CreateEventQueueIfNotExist: create queue 735.1751923851 (ACCC)...
[07/07/25 22:30:51.605] [T7694] [info] CSXSEventQueueManager::CreateEventQueueIfNotExist: create queue 867.1751923851 (ACHP)...
[07/07/25 22:30:52.039] [T7832] [info] CSXSEventQueueManager::CreateEventQueueIfNotExist: create queue 871.1751923852 (ADCS)...
[07/07/25 22:30:52.966] [T7664] [info] CSXSEventQueueManager::RemoveEventQueueByChannel: remove queue 863.1751923851 (ACHP) for channel 6...
[07/07/25 22:30:53.451] [T8064] [info] CSXSEventQueueManager::CreateEventQueueIfNotExist: create queue 893.1751923853 (COSY)...
[07/07/25 22:30:54.148] [T8179] [info] CSXSEventQueueManager::CreateEventQueueIfNotExist: create queue 909.1751923854 (COSY)...
[07/07/25 22:30:56.461] [T8554] [info] CSXSEventQueueManager::CreateEventQueueIfNotExist: create queue 953.1751923856 (CCH_UPI)...
[07/07/25 22:35:58.699] [T8569] [info] CSXSEventQueueManager::RemoveEventQueueByChannel: remove queue 953.1751923856 (CCH_UPI) for channel 15...
[07/08/25 01:31:51.014] [T6739] [info] CSXSEventQueueManager::RemoveEventQueueByChannel: remove queue 769.1751923847 (CCXP) for channel 2...
[07/08/25 01:33:02.145] [T130653] [info] CSXSEventQueueManager::CreateEventQueueIfNotExist: create queue 2392.1751934782 (CCXP)...
[07/08/25 02:04:03.268] [T130654] [info] CSXSEventQueueManager::RemoveEventQueueByChannel: remove queue 2392.1751934782 (CCXP) for channel 4...
[07/08/25 02:05:05.985] [T153863] [info] CSXSEventQueueManager::CreateEventQueueIfNotExist: create queue 2892.1751936705 (CCXP)...
[07/08/25 02:36:06.606] [T153863] [info] CSXSEventQueueManager::RemoveEventQueueByChannel: remove queue 2892.1751936705 (CCXP) for channel 2...
[07/08/25 02:37:13.270] [T174822] [info] CSXSEventQueueManager::CreateEventQueueIfNotExist: create queue 3377.1751938633 (CCXP)...
[07/08/25 03:21:16.586] [T174822] [info] CSXSEventQueueManager::RemoveEventQueueByChannel: remove queue 3377.1751938633 (CCXP) for channel 2...
[07/08/25 03:22:17.615] [T180799] [info] CSXSEventQueueManager::CreateEventQueueIfNotExist: create queue 3510.1751941337 (CCXP)...
[07/08/25 05:15:57.579] [T7104] [info] AdobeIPCBroker version: 7.2.1
[07/08/25 05:15:57.600] [T7135] [info] CSXSEventQueueManager::CreateEventQueueIfNotExist: create queue 813.1751948157 (CCXP)...
[07/08/25 05:15:58.965] [T7492] [info] CSXSEventQueueManager::CreateEventQueueIfNotExist: create queue 774.1751948158 (ACCC)...
[07/08/25 05:15:58.966] [T7493] [info] CSXSEventQueueManager::CreateEventQueueIfNotExist: create queue 850.1751948158 (ACHP)...
[07/08/25 05:15:59.099] [T7566] [info] CSXSEventQueueManager::CreateEventQueueIfNotExist: create queue 853.1751948159 (ACHP)...
[07/08/25 05:15:59.604] [T7695] [info] CSXSEventQueueManager::CreateEventQueueIfNotExist: create queue 856.1751948159 (ADCS)...
[07/08/25 05:16:00.743] [T7502] [info] CSXSEventQueueManager::RemoveEventQueueByChannel: remove queue 850.1751948158 (ACHP) for channel 12...
[07/08/25 05:16:05.922] [T8387] [info] CSXSEventQueueManager::CreateEventQueueIfNotExist: create queue 920.1751948165 (COSY)...
[07/08/25 05:16:06.279] [T8470] [info] CSXSEventQueueManager::CreateEventQueueIfNotExist: create queue 932.1751948166 (COSY)...
[07/08/25 05:16:08.562] [T8820] [info] CSXSEventQueueManager::CreateEventQueueIfNotExist: create queue 971.1751948168 (CCH_UPI)...
[07/08/25 05:21:10.702] [T8820] [info] CSXSEventQueueManager::RemoveEventQueueByChannel: remove queue 971.1751948168 (CCH_UPI) for channel 25...
[07/08/25 16:50:55.517] [T7130] [info] AdobeIPCBroker version: 7.2.1
[07/08/25 16:50:55.522] [T7155] [info] CSXSEventQueueManager::CreateEventQueueIfNotExist: create queue 810.1751989855 (CCXP)...
[07/08/25 16:50:56.677] [T7428] [info] CSXSEventQueueManager::CreateEventQueueIfNotExist: create queue 744.1751989856 (ACCC)...
[07/08/25 16:50:56.678] [T7429] [info] CSXSEventQueueManager::CreateEventQueueIfNotExist: create queue 847.1751989856 (ACHP)...
[07/08/25 16:50:56.785] [T7465] [info] CSXSEventQueueManager::CreateEventQueueIfNotExist: create queue 851.1751989856 (ACHP)...
[07/08/25 16:50:56.922] [T7537] [info] CSXSEventQueueManager::CreateEventQueueIfNotExist: create queue 852.1751989856 (ADCS)...
[07/08/25 16:50:57.660] [T7445] [info] CSXSEventQueueManager::RemoveEventQueueByChannel: remove queue 847.1751989856 (ACHP) for channel 6...
[07/08/25 16:51:04.602] [T8183] [info] CSXSEventQueueManager::CreateEventQueueIfNotExist: create queue 902.1751989864 (COSY)...
[07/08/25 16:51:05.339] [T8262] [info] CSXSEventQueueManager::CreateEventQueueIfNotExist: create queue 912.1751989865 (COSY)...
[07/08/25 16:51:08.408] [T8848] [info] CSXSEventQueueManager::CreateEventQueueIfNotExist: create queue 949.1751989868 (CCH_UPI)...
[07/08/25 16:56:11.577] [T8937] [info] CSXSEventQueueManager::RemoveEventQueueByChannel: remove queue 949.1751989868 (CCH_UPI) for channel 15...
[07/08/25 22:29:03.585] [T7214] [info] AdobeIPCBroker version: 7.2.1
[07/08/25 22:29:03.619] [T7229] [info] CSXSEventQueueManager::CreateEventQueueIfNotExist: create queue 775.1752010143 (CCXP)...
[07/08/25 22:29:06.609] [T7741] [info] CSXSEventQueueManager::CreateEventQueueIfNotExist: create queue 743.1752010146 (ACCC)...
[07/08/25 22:29:06.609] [T7740] [info] CSXSEventQueueManager::CreateEventQueueIfNotExist: create queue 874.1752010146 (ACHP)...
[07/08/25 22:29:06.777] [T7787] [info] CSXSEventQueueManager::CreateEventQueueIfNotExist: create queue 878.1752010146 (ACHP)...
[07/08/25 22:29:07.571] [T7978] [info] CSXSEventQueueManager::CreateEventQueueIfNotExist: create queue 881.1752010147 (ADCS)...
[07/08/25 22:29:10.141] [T7748] [info] CSXSEventQueueManager::RemoveEventQueueByChannel: remove queue 874.1752010146 (ACHP) for channel 6...
[07/08/25 22:29:18.750] [T9337] [info] CSXSEventQueueManager::CreateEventQueueIfNotExist: create queue 980.1752010158 (COSY)...
[07/08/25 22:29:20.296] [T9544] [info] CSXSEventQueueManager::CreateEventQueueIfNotExist: create queue 995.1752010160 (COSY)...
[07/08/25 22:29:21.939] [T9751] [info] CSXSEventQueueManager::CreateEventQueueIfNotExist: create queue 1014.1752010161 (CCH_UPI)...
[07/08/25 22:34:24.081] [T9751] [info] CSXSEventQueueManager::RemoveEventQueueByChannel: remove queue 1014.1752010161 (CCH_UPI) for channel 14...
[07/09/25 01:34:24.159] [T7232] [info] CSXSEventQueueManager::RemoveEventQueueByChannel: remove queue 775.1752010143 (CCXP) for channel 3...
[07/09/25 01:35:30.725] [T80953] [info] CSXSEventQueueManager::CreateEventQueueIfNotExist: create queue 1883.1752021330 (CCXP)...
[07/09/25 02:06:33.167] [T80953] [info] CSXSEventQueueManager::RemoveEventQueueByChannel: remove queue 1883.1752021330 (CCXP) for channel 2...
[07/09/25 02:07:36.301] [T103580] [info] CSXSEventQueueManager::CreateEventQueueIfNotExist: create queue 2153.1752023256 (CCXP)...
[07/09/25 02:38:37.427] [T103581] [info] CSXSEventQueueManager::RemoveEventQueueByChannel: remove queue 2153.1752023256 (CCXP) for channel 3...
[07/09/25 02:39:38.423] [T125995] [info] CSXSEventQueueManager::CreateEventQueueIfNotExist: create queue 2425.1752025178 (CCXP)...
[07/09/25 03:10:40.185] [T125998] [info] CSXSEventQueueManager::RemoveEventQueueByChannel: remove queue 2425.1752025178 (CCXP) for channel 3...
[07/09/25 03:11:42.251] [T154819] [info] CSXSEventQueueManager::CreateEventQueueIfNotExist: create queue 2908.1752027102 (CCXP)...
[07/09/25 22:26:25.882] [T701022] [info] CSXSEventQueueManager::CreateEventQueueIfNotExist: create queue 13752.1752096385 (CCH_UPI)...
[07/09/25 22:31:28.886] [T701022] [info] CSXSEventQueueManager::RemoveEventQueueByChannel: remove queue 13752.1752096385 (CCH_UPI) for channel 14...
[07/09/25 23:42:08.036] [T6609] [info] AdobeIPCBroker version: 7.2.1
[07/09/25 23:42:08.045] [T6627] [info] CSXSEventQueueManager::CreateEventQueueIfNotExist: create queue 769.1752100927 (CCXP)...
[07/09/25 23:42:12.186] [T7520] [info] CSXSEventQueueManager::CreateEventQueueIfNotExist: create queue 849.1752100932 (ACHP)...
[07/09/25 23:42:12.186] [T7521] [info] CSXSEventQueueManager::CreateEventQueueIfNotExist: create queue 738.1752100932 (ACCC)...
[07/09/25 23:42:12.414] [T7595] [info] CSXSEventQueueManager::CreateEventQueueIfNotExist: create queue 854.1752100932 (ACHP)...
[07/09/25 23:42:12.676] [T7678] [info] CSXSEventQueueManager::CreateEventQueueIfNotExist: create queue 855.1752100932 (ADCS)...
[07/09/25 23:42:13.731] [T7538] [info] CSXSEventQueueManager::RemoveEventQueueByChannel: remove queue 849.1752100932 (ACHP) for channel 15...
[07/09/25 23:42:19.984] [T8681] [info] CSXSEventQueueManager::CreateEventQueueIfNotExist: create queue 951.1752100939 (COSY)...
[07/09/25 23:42:20.782] [T8783] [info] CSXSEventQueueManager::CreateEventQueueIfNotExist: create queue 963.1752100940 (COSY)...
[07/09/25 23:42:22.889] [T9010] [info] CSXSEventQueueManager::CreateEventQueueIfNotExist: create queue 983.1752100942 (CCH_UPI)...
[07/09/25 23:47:25.690] [T9043] [info] CSXSEventQueueManager::RemoveEventQueueByChannel: remove queue 983.1752100942 (CCH_UPI) for channel 24...
[07/10/25 01:13:10.271] [T6627] [info] CSXSEventQueueManager::RemoveEventQueueByChannel: remove queue 769.1752100927 (CCXP) for channel 11...
[07/10/25 01:14:22.844] [T66540] [info] CSXSEventQueueManager::CreateEventQueueIfNotExist: create queue 1907.1752106462 (CCXP)...
[07/10/25 01:45:24.310] [T66540] [info] CSXSEventQueueManager::RemoveEventQueueByChannel: remove queue 1907.1752106462 (CCXP) for channel 11...
[07/10/25 01:46:25.285] [T86353] [info] CSXSEventQueueManager::CreateEventQueueIfNotExist: create queue 2194.1752108385 (CCXP)...
[07/10/25 02:17:26.354] [T86354] [info] CSXSEventQueueManager::RemoveEventQueueByChannel: remove queue 2194.1752108385 (CCXP) for channel 12...
[07/10/25 02:18:27.348] [T104379] [info] CSXSEventQueueManager::CreateEventQueueIfNotExist: create queue 2389.1752110307 (CCXP)...
[07/10/25 02:49:29.202] [T104379] [info] CSXSEventQueueManager::RemoveEventQueueByChannel: remove queue 2389.1752110307 (CCXP) for channel 11...
[07/10/25 02:50:53.919] [T119635] [info] CSXSEventQueueManager::CreateEventQueueIfNotExist: create queue 2714.1752112253 (CCXP)...
[07/10/25 15:08:21.018] [T6972] [info] AdobeIPCBroker version: 7.2.1
[07/10/25 15:08:21.063] [T6990] [info] CSXSEventQueueManager::CreateEventQueueIfNotExist: create queue 787.1752156500 (CCXP)...
[07/10/25 15:08:22.991] [T7539] [info] CSXSEventQueueManager::CreateEventQueueIfNotExist: create queue 844.1752156502 (ACHP)...
[07/10/25 15:08:22.991] [T7538] [info] CSXSEventQueueManager::CreateEventQueueIfNotExist: create queue 729.1752156502 (ACCC)...
[07/10/25 15:08:23.106] [T7581] [info] CSXSEventQueueManager::CreateEventQueueIfNotExist: create queue 848.1752156503 (ACHP)...
[07/10/25 15:08:23.358] [T7669] [info] CSXSEventQueueManager::CreateEventQueueIfNotExist: create queue 851.1752156503 (ADCS)...
[07/10/25 15:08:24.103] [T7546] [info] CSXSEventQueueManager::RemoveEventQueueByChannel: remove queue 844.1752156502 (ACHP) for channel 6...
[07/10/25 15:08:26.447] [T8250] [info] CSXSEventQueueManager::CreateEventQueueIfNotExist: create queue 893.1752156506 (COSY)...
[07/10/25 15:08:27.238] [T8319] [info] CSXSEventQueueManager::CreateEventQueueIfNotExist: create queue 902.1752156507 (COSY)...
[07/10/25 15:08:29.402] [T8624] [info] CSXSEventQueueManager::CreateEventQueueIfNotExist: create queue 935.1752156509 (CCH_UPI)...
[07/10/25 15:13:31.667] [T8624] [info] CSXSEventQueueManager::RemoveEventQueueByChannel: remove queue 935.1752156509 (CCH_UPI) for channel 14...
[07/11/25 01:08:35.684] [T7005] [info] CSXSEventQueueManager::RemoveEventQueueByChannel: remove queue 787.1752156500 (CCXP) for channel 3...
[07/11/25 01:09:36.916] [T355240] [info] CSXSEventQueueManager::CreateEventQueueIfNotExist: create queue 6758.1752192576 (CCXP)...
[07/11/25 01:40:39.707] [T355243] [info] CSXSEventQueueManager::RemoveEventQueueByChannel: remove queue 6758.1752192576 (CCXP) for channel 3...
[07/11/25 01:41:46.194] [T397293] [info] CSXSEventQueueManager::CreateEventQueueIfNotExist: create queue 7763.1752194506 (CCXP)...
[07/11/25 02:12:48.812] [T397296] [info] CSXSEventQueueManager::RemoveEventQueueByChannel: remove queue 7763.1752194506 (CCXP) for channel 3...
[07/11/25 02:13:58.218] [T433002] [info] CSXSEventQueueManager::CreateEventQueueIfNotExist: create queue 8353.1752196438 (CCXP)...
[07/11/25 02:44:59.300] [T433006] [info] CSXSEventQueueManager::RemoveEventQueueByChannel: remove queue 8353.1752196438 (CCXP) for channel 3...
[07/11/25 02:46:05.554] [T468252] [info] CSXSEventQueueManager::CreateEventQueueIfNotExist: create queue 9166.1752198365 (CCXP)...
[07/11/25 06:04:21.364] [T9040] [info] AdobeIPCBroker version: 7.2.1
[07/11/25 06:04:21.416] [T9087] [info] CSXSEventQueueManager::CreateEventQueueIfNotExist: create queue 809.1752210261 (CCXP)...
[07/11/25 06:04:23.285] [T9600] [info] CSXSEventQueueManager::CreateEventQueueIfNotExist: create queue 856.1752210263 (ACHP)...
[07/11/25 06:04:23.285] [T9601] [info] CSXSEventQueueManager::CreateEventQueueIfNotExist: create queue 757.1752210263 (ACCC)...
[07/11/25 06:04:23.392] [T9629] [info] CSXSEventQueueManager::CreateEventQueueIfNotExist: create queue 857.1752210263 (ACHP)...
[07/11/25 06:04:23.493] [T9684] [info] CSXSEventQueueManager::CreateEventQueueIfNotExist: create queue 858.1752210263 (ADCS)...
[07/11/25 06:04:24.164] [T9605] [info] CSXSEventQueueManager::RemoveEventQueueByChannel: remove queue 856.1752210263 (ACHP) for channel 6...
[07/11/25 06:04:36.170] [T10768] [info] CSXSEventQueueManager::CreateEventQueueIfNotExist: create queue 954.1752210276 (COSY)...
[07/11/25 06:04:36.992] [T10832] [info] CSXSEventQueueManager::CreateEventQueueIfNotExist: create queue 963.1752210276 (COSY)...
[07/11/25 06:04:39.416] [T11075] [info] CSXSEventQueueManager::CreateEventQueueIfNotExist: create queue 984.1752210279 (CCH_UPI)...
[07/11/25 06:09:41.492] [T11075] [info] CSXSEventQueueManager::RemoveEventQueueByChannel: remove queue 984.1752210279 (CCH_UPI) for channel 14...
[07/12/25 01:35:23.684] [T9129] [info] CSXSEventQueueManager::RemoveEventQueueByChannel: remove queue 809.1752210261 (CCXP) for channel 3...
[07/12/25 01:36:32.834] [T822968] [info] CSXSEventQueueManager::CreateEventQueueIfNotExist: create queue 15412.1752280592 (CCXP)...
[07/12/25 02:07:34.892] [T822968] [info] CSXSEventQueueManager::RemoveEventQueueByChannel: remove queue 15412.1752280592 (CCXP) for channel 2...
[07/12/25 02:08:42.455] [T847776] [info] CSXSEventQueueManager::CreateEventQueueIfNotExist: create queue 15676.1752282522 (CCXP)...
[07/12/25 02:39:46.044] [T847777] [info] CSXSEventQueueManager::RemoveEventQueueByChannel: remove queue 15676.1752282522 (CCXP) for channel 3...
[07/12/25 02:40:59.249] [T871169] [info] CSXSEventQueueManager::CreateEventQueueIfNotExist: create queue 16324.1752284459 (CCXP)...
[07/12/25 03:12:02.615] [T871169] [info] CSXSEventQueueManager::RemoveEventQueueByChannel: remove queue 16324.1752284459 (CCXP) for channel 2...
[07/12/25 03:13:04.150] [T886702] [info] CSXSEventQueueManager::CreateEventQueueIfNotExist: create queue 16575.1752286384 (CCXP)...
[07/12/25 05:11:20.983] [T6844] [info] AdobeIPCBroker version: 7.2.1
[07/12/25 05:11:21.030] [T6883] [info] CSXSEventQueueManager::CreateEventQueueIfNotExist: create queue 783.1752293480 (CCXP)...
[07/12/25 05:11:23.276] [T7595] [info] CSXSEventQueueManager::CreateEventQueueIfNotExist: create queue 855.1752293483 (ACHP)...
[07/12/25 05:11:23.276] [T7594] [info] CSXSEventQueueManager::CreateEventQueueIfNotExist: create queue 730.1752293483 (ACCC)...
[07/12/25 05:11:23.440] [T7631] [info] CSXSEventQueueManager::CreateEventQueueIfNotExist: create queue 859.1752293483 (ACHP)...
[07/12/25 05:11:23.813] [T7698] [info] CSXSEventQueueManager::CreateEventQueueIfNotExist: create queue 861.1752293483 (ADCS)...
[07/12/25 05:11:24.718] [T7597] [info] CSXSEventQueueManager::RemoveEventQueueByChannel: remove queue 855.1752293483 (ACHP) for channel 6...
[07/12/25 05:11:27.238] [T8251] [info] CSXSEventQueueManager::CreateEventQueueIfNotExist: create queue 893.1752293487 (COSY)...
[07/12/25 05:11:27.894] [T8353] [info] CSXSEventQueueManager::CreateEventQueueIfNotExist: create queue 904.1752293487 (COSY)...
[07/12/25 05:11:30.361] [T8708] [info] CSXSEventQueueManager::CreateEventQueueIfNotExist: create queue 945.1752293490 (CCH_UPI)...
[07/12/25 05:16:31.908] [T8708] [info] CSXSEventQueueManager::RemoveEventQueueByChannel: remove queue 945.1752293490 (CCH_UPI) for channel 14...
[07/13/25 01:30:49.804] [T6883] [info] CSXSEventQueueManager::RemoveEventQueueByChannel: remove queue 783.1752293480 (CCXP) for channel 2...
[07/13/25 01:31:55.010] [T362978] [info] CSXSEventQueueManager::CreateEventQueueIfNotExist: create queue 6006.1752366715 (CCXP)...
[07/13/25 02:02:55.620] [T362981] [info] CSXSEventQueueManager::RemoveEventQueueByChannel: remove queue 6006.1752366715 (CCXP) for channel 3...
[07/13/25 02:04:10.873] [T392390] [info] CSXSEventQueueManager::CreateEventQueueIfNotExist: create queue 6588.1752368650 (CCXP)...
[07/13/25 02:35:11.461] [T392393] [info] CSXSEventQueueManager::RemoveEventQueueByChannel: remove queue 6588.1752368650 (CCXP) for channel 3...
[07/13/25 02:36:22.817] [T441082] [info] CSXSEventQueueManager::CreateEventQueueIfNotExist: create queue 7380.1752370582 (CCXP)...
[07/13/25 03:07:23.767] [T441084] [info] CSXSEventQueueManager::RemoveEventQueueByChannel: remove queue 7380.1752370582 (CCXP) for channel 3...
[07/13/25 03:08:33.547] [T483852] [info] CSXSEventQueueManager::CreateEventQueueIfNotExist: create queue 8249.1752372513 (CCXP)...
[07/13/25 04:25:06.226] [T7749] [info] AdobeIPCBroker version: 7.2.1
[07/13/25 04:25:06.281] [T7765] [info] CSXSEventQueueManager::CreateEventQueueIfNotExist: create queue 796.1752377106 (CCXP)...
[07/13/25 04:25:07.988] [T8169] [info] CSXSEventQueueManager::CreateEventQueueIfNotExist: create queue 841.1752377107 (ACHP)...
[07/13/25 04:25:07.988] [T8170] [info] CSXSEventQueueManager::CreateEventQueueIfNotExist: create queue 751.1752377107 (ACCC)...
[07/13/25 04:25:08.079] [T8207] [info] CSXSEventQueueManager::CreateEventQueueIfNotExist: create queue 845.1752377108 (ACHP)...
[07/13/25 04:25:08.243] [T8281] [info] CSXSEventQueueManager::CreateEventQueueIfNotExist: create queue 849.1752377108 (ADCS)...
[07/13/25 04:25:08.822] [T8176] [info] CSXSEventQueueManager::RemoveEventQueueByChannel: remove queue 841.1752377107 (ACHP) for channel 6...
[07/13/25 04:25:14.066] [T9096] [info] CSXSEventQueueManager::CreateEventQueueIfNotExist: create queue 913.1752377114 (COSY)...
[07/13/25 04:25:14.516] [T9163] [info] CSXSEventQueueManager::CreateEventQueueIfNotExist: create queue 922.1752377114 (COSY)...
[07/13/25 04:25:16.729] [T9466] [info] CSXSEventQueueManager::CreateEventQueueIfNotExist: create queue 946.1752377116 (CCH_UPI)...
[07/13/25 04:30:18.661] [T9466] [info] CSXSEventQueueManager::RemoveEventQueueByChannel: remove queue 946.1752377116 (CCH_UPI) for channel 14...
[07/13/25 12:05:30.218] [T6829] [info] AdobeIPCBroker version: 7.2.1
[07/13/25 12:05:30.253] [T6854] [info] CSXSEventQueueManager::CreateEventQueueIfNotExist: create queue 789.1752404730 (CCXP)...
[07/13/25 12:05:32.297] [T7387] [info] CSXSEventQueueManager::CreateEventQueueIfNotExist: create queue 751.1752404732 (ACCC)...
[07/13/25 12:05:32.297] [T7388] [info] CSXSEventQueueManager::CreateEventQueueIfNotExist: create queue 832.1752404732 (ACHP)...
[07/13/25 12:05:32.480] [T7434] [info] CSXSEventQueueManager::CreateEventQueueIfNotExist: create queue 838.1752404732 (ACHP)...
[07/13/25 12:05:32.753] [T7517] [info] CSXSEventQueueManager::CreateEventQueueIfNotExist: create queue 841.1752404732 (ADCS)...
[07/13/25 12:05:33.575] [T7393] [info] CSXSEventQueueManager::RemoveEventQueueByChannel: remove queue 832.1752404732 (ACHP) for channel 6...
[07/13/25 12:05:40.847] [T8683] [info] CSXSEventQueueManager::CreateEventQueueIfNotExist: create queue 938.1752404740 (COSY)...
[07/13/25 12:05:41.705] [T8811] [info] CSXSEventQueueManager::CreateEventQueueIfNotExist: create queue 952.1752404741 (COSY)...
[07/13/25 12:05:44.533] [T9283] [info] CSXSEventQueueManager::CreateEventQueueIfNotExist: create queue 995.1752404744 (CCH_UPI)...
[07/13/25 12:10:46.615] [T9283] [info] CSXSEventQueueManager::RemoveEventQueueByChannel: remove queue 995.1752404744 (CCH_UPI) for channel 14...
[07/14/25 01:11:43.882] [T6854] [info] CSXSEventQueueManager::RemoveEventQueueByChannel: remove queue 789.1752404730 (CCXP) for channel 2...
[07/14/25 01:12:56.574] [T530437] [info] CSXSEventQueueManager::CreateEventQueueIfNotExist: create queue 9969.1752451976 (CCXP)...
[07/14/25 01:54:28.327] [T530438] [info] CSXSEventQueueManager::RemoveEventQueueByChannel: remove queue 9969.1752451976 (CCXP) for channel 3...
[07/14/25 01:55:32.795] [T551002] [info] CSXSEventQueueManager::CreateEventQueueIfNotExist: create queue 10318.1752454532 (CCXP)...
[07/14/25 02:26:35.055] [T551002] [info] CSXSEventQueueManager::RemoveEventQueueByChannel: remove queue 10318.1752454532 (CCXP) for channel 2...
[07/14/25 02:27:36.170] [T571868] [info] CSXSEventQueueManager::CreateEventQueueIfNotExist: create queue 10654.1752456456 (CCXP)...
[07/14/25 02:58:37.288] [T571868] [info] CSXSEventQueueManager::RemoveEventQueueByChannel: remove queue 10654.1752456456 (CCXP) for channel 2...
[07/14/25 02:59:38.207] [T595481] [info] CSXSEventQueueManager::CreateEventQueueIfNotExist: create queue 11024.1752458378 (CCXP)...
[07/14/25 12:02:52.011] [T1085171] [info] CSXSEventQueueManager::CreateEventQueueIfNotExist: create queue 19347.1752490972 (CCH_UPI)...
[07/14/25 12:07:54.346] [T1085178] [info] CSXSEventQueueManager::RemoveEventQueueByChannel: remove queue 19347.1752490972 (CCH_UPI) for channel 15...
[07/15/25 01:19:07.743] [T595482] [info] CSXSEventQueueManager::RemoveEventQueueByChannel: remove queue 11024.1752458378 (CCXP) for channel 3...
[07/15/25 01:20:15.877] [T1634704] [info] CSXSEventQueueManager::CreateEventQueueIfNotExist: create queue 28011.1752538815 (CCXP)...
[07/15/25 01:51:18.273] [T1634709] [info] CSXSEventQueueManager::RemoveEventQueueByChannel: remove queue 28011.1752538815 (CCXP) for channel 3...
[07/15/25 01:52:19.733] [T1658846] [info] CSXSEventQueueManager::CreateEventQueueIfNotExist: create queue 28554.1752540739 (CCXP)...
[07/15/25 02:23:22.082] [T1658846] [info] CSXSEventQueueManager::RemoveEventQueueByChannel: remove queue 28554.1752540739 (CCXP) for channel 2...
[07/15/25 02:24:23.337] [T1680669] [info] CSXSEventQueueManager::CreateEventQueueIfNotExist: create queue 28890.1752542663 (CCXP)...
[07/15/25 02:55:25.523] [T1680669] [info] CSXSEventQueueManager::RemoveEventQueueByChannel: remove queue 28890.1752542663 (CCXP) for channel 2...
[07/15/25 02:56:26.631] [T1702786] [info] CSXSEventQueueManager::CreateEventQueueIfNotExist: create queue 29198.1752544586 (CCXP)...
[07/15/25 11:59:55.876] [T1906379] [info] CSXSEventQueueManager::CreateEventQueueIfNotExist: create queue 32258.1752577195 (CCH_UPI)...
[07/15/25 12:23:03.427] [T1906379] [info] CSXSEventQueueManager::RemoveEventQueueByChannel: remove queue 32258.1752577195 (CCH_UPI) for channel 14...
[07/15/25 21:06:38.025] [T6730] [info] AdobeIPCBroker version: 7.2.1
[07/15/25 21:06:38.077] [T6752] [info] CSXSEventQueueManager::CreateEventQueueIfNotExist: create queue 786.1752609997 (CCXP)...
[07/15/25 21:06:39.197] [T7056] [info] CSXSEventQueueManager::CreateEventQueueIfNotExist: create queue 823.1752609999 (ACHP)...
[07/15/25 21:06:39.197] [T7055] [info] CSXSEventQueueManager::CreateEventQueueIfNotExist: create queue 763.1752609999 (ACCC)...
[07/15/25 21:06:39.341] [T7126] [info] CSXSEventQueueManager::CreateEventQueueIfNotExist: create queue 827.1752609999 (ACHP)...
[07/15/25 21:06:40.282] [T7436] [info] CSXSEventQueueManager::CreateEventQueueIfNotExist: create queue 842.1752610000 (ADCS)...
[07/15/25 21:06:40.617] [T7075] [info] CSXSEventQueueManager::RemoveEventQueueByChannel: remove queue 823.1752609999 (ACHP) for channel 6...
[07/15/25 21:06:50.359] [T8788] [info] CSXSEventQueueManager::CreateEventQueueIfNotExist: create queue 935.1752610010 (COSY)...
[07/15/25 21:06:50.739] [T8839] [info] CSXSEventQueueManager::CreateEventQueueIfNotExist: create queue 955.1752610010 (COSY)...
[07/15/25 21:06:53.027] [T9191] [info] CSXSEventQueueManager::CreateEventQueueIfNotExist: create queue 992.1752610013 (CCH_UPI)...
[07/15/25 21:11:55.823] [T9191] [info] CSXSEventQueueManager::RemoveEventQueueByChannel: remove queue 992.1752610013 (CCH_UPI) for channel 14...
[07/15/25 23:34:41.806] [T7230] [info] AdobeIPCBroker version: 7.2.1
[07/15/25 23:34:41.849] [T7267] [info] CSXSEventQueueManager::CreateEventQueueIfNotExist: create queue 807.1752618881 (CCXP)...
[07/15/25 23:34:44.598] [T7857] [info] CSXSEventQueueManager::CreateEventQueueIfNotExist: create queue 752.1752618884 (ACCC)...
[07/15/25 23:34:44.599] [T7858] [info] CSXSEventQueueManager::CreateEventQueueIfNotExist: create queue 867.1752618884 (ACHP)...
[07/15/25 23:34:44.700] [T7888] [info] CSXSEventQueueManager::CreateEventQueueIfNotExist: create queue 869.1752618884 (ACHP)...
[07/15/25 23:34:44.936] [T7973] [info] CSXSEventQueueManager::CreateEventQueueIfNotExist: create queue 871.1752618884 (ADCS)...
[07/15/25 23:34:45.489] [T7861] [info] CSXSEventQueueManager::RemoveEventQueueByChannel: remove queue 867.1752618884 (ACHP) for channel 6...
[07/15/25 23:34:52.738] [T9135] [info] CSXSEventQueueManager::CreateEventQueueIfNotExist: create queue 932.1752618892 (COSY)...
[07/15/25 23:34:53.139] [T9196] [info] CSXSEventQueueManager::CreateEventQueueIfNotExist: create queue 956.1752618893 (COSY)...
[07/15/25 23:34:55.184] [T9414] [info] CSXSEventQueueManager::CreateEventQueueIfNotExist: create queue 973.1752618895 (CCH_UPI)...
[07/15/25 23:39:57.369] [T9414] [info] CSXSEventQueueManager::RemoveEventQueueByChannel: remove queue 973.1752618895 (CCH_UPI) for channel 14...
[07/16/25 01:35:45.112] [T7289] [info] CSXSEventQueueManager::RemoveEventQueueByChannel: remove queue 807.1752618881 (CCXP) for channel 3...
[07/16/25 01:36:46.225] [T111396] [info] CSXSEventQueueManager::CreateEventQueueIfNotExist: create queue 3031.1752626206 (CCXP)...
[07/16/25 02:08:01.651] [T111397] [info] CSXSEventQueueManager::RemoveEventQueueByChannel: remove queue 3031.1752626206 (CCXP) for channel 3...
[07/16/25 02:09:03.305] [T130564] [info] CSXSEventQueueManager::CreateEventQueueIfNotExist: create queue 3454.1752628143 (CCXP)...
[07/16/25 02:40:04.972] [T130564] [info] CSXSEventQueueManager::RemoveEventQueueByChannel: remove queue 3454.1752628143 (CCXP) for channel 2...
[07/16/25 02:41:11.183] [T159477] [info] CSXSEventQueueManager::CreateEventQueueIfNotExist: create queue 4220.1752630071 (CCXP)...
[07/16/25 03:13:11.029] [T159477] [info] CSXSEventQueueManager::RemoveEventQueueByChannel: remove queue 4220.1752630071 (CCXP) for channel 2...
[07/16/25 03:14:12.414] [T173836] [info] CSXSEventQueueManager::CreateEventQueueIfNotExist: create queue 4689.1752632052 (CCXP)...
[07/16/25 23:32:03.155] [T947355] [info] CSXSEventQueueManager::CreateEventQueueIfNotExist: create queue 16125.1752705123 (CCH_UPI)...
[07/16/25 23:38:26.489] [T947355] [info] CSXSEventQueueManager::RemoveEventQueueByChannel: remove queue 16125.1752705123 (CCH_UPI) for channel 14...
[07/17/25 01:13:20.099] [T173836] [info] CSXSEventQueueManager::RemoveEventQueueByChannel: remove queue 4689.1752632052 (CCXP) for channel 2...
[07/17/25 01:14:54.611] [T1022888] [info] CSXSEventQueueManager::CreateEventQueueIfNotExist: create queue 17239.1752711294 (CCXP)...
[07/17/25 01:36:20.345] [T6890] [info] AdobeIPCBroker version: 7.2.1
[07/17/25 01:36:20.351] [T6912] [info] CSXSEventQueueManager::CreateEventQueueIfNotExist: create queue 785.1752712580 (CCXP)...
[07/17/25 01:36:23.830] [T7568] [info] CSXSEventQueueManager::CreateEventQueueIfNotExist: create queue 856.1752712583 (ACHP)...
[07/17/25 01:36:23.830] [T7569] [info] CSXSEventQueueManager::CreateEventQueueIfNotExist: create queue 728.1752712583 (ACCC)...
[07/17/25 01:36:24.422] [T7717] [info] CSXSEventQueueManager::CreateEventQueueIfNotExist: create queue 872.1752712584 (ACHP)...
[07/17/25 01:36:24.653] [T7793] [info] CSXSEventQueueManager::CreateEventQueueIfNotExist: create queue 873.1752712584 (ADCS)...
[07/17/25 01:36:25.107] [T7573] [info] CSXSEventQueueManager::RemoveEventQueueByChannel: remove queue 856.1752712583 (ACHP) for channel 6...
[07/17/25 01:36:29.620] [T8365] [info] CSXSEventQueueManager::CreateEventQueueIfNotExist: create queue 924.1752712589 (COSY)...
[07/17/25 01:36:31.145] [T8576] [info] CSXSEventQueueManager::CreateEventQueueIfNotExist: create queue 947.1752712591 (COSY)...
[07/17/25 01:36:32.943] [T8915] [info] CSXSEventQueueManager::CreateEventQueueIfNotExist: create queue 978.1752712592 (CCH_UPI)...
[07/17/25 01:41:35.480] [T8915] [info] CSXSEventQueueManager::RemoveEventQueueByChannel: remove queue 978.1752712592 (CCH_UPI) for channel 14...
[07/17/25 02:07:24.373] [T6931] [info] CSXSEventQueueManager::RemoveEventQueueByChannel: remove queue 785.1752712580 (CCXP) for channel 3...
[07/17/25 02:08:31.232] [T53660] [info] CSXSEventQueueManager::CreateEventQueueIfNotExist: create queue 1562.1752714511 (CCXP)...
[07/17/25 02:39:33.158] [T53660] [info] CSXSEventQueueManager::RemoveEventQueueByChannel: remove queue 1562.1752714511 (CCXP) for channel 2...
[07/17/25 02:40:36.849] [T89674] [info] CSXSEventQueueManager::CreateEventQueueIfNotExist: create queue 2505.1752716436 (CCXP)...
[07/17/25 05:43:36.863] [T6901] [info] AdobeIPCBroker version: 7.2.1
[07/17/25 05:43:36.875] [T6954] [info] CSXSEventQueueManager::CreateEventQueueIfNotExist: create queue 779.1752727416 (CCXP)...
[07/17/25 05:43:39.678] [T7360] [info] CSXSEventQueueManager::CreateEventQueueIfNotExist: create queue 832.1752727419 (ACHP)...
[07/17/25 05:43:39.678] [T7361] [info] CSXSEventQueueManager::CreateEventQueueIfNotExist: create queue 733.1752727419 (ACCC)...
[07/17/25 05:43:40.719] [T7543] [info] CSXSEventQueueManager::CreateEventQueueIfNotExist: create queue 841.1752727420 (ACHP)...
[07/17/25 05:43:41.075] [T7634] [info] CSXSEventQueueManager::CreateEventQueueIfNotExist: create queue 845.1752727421 (ADCS)...
[07/17/25 05:43:41.836] [T7368] [info] CSXSEventQueueManager::RemoveEventQueueByChannel: remove queue 832.1752727419 (ACHP) for channel 6...
[07/17/25 05:43:47.421] [T8480] [info] CSXSEventQueueManager::CreateEventQueueIfNotExist: create queue 916.1752727427 (COSY)...
[07/17/25 05:43:47.829] [T8536] [info] CSXSEventQueueManager::CreateEventQueueIfNotExist: create queue 925.1752727427 (COSY)...
[07/17/25 05:43:50.908] [T8961] [info] CSXSEventQueueManager::CreateEventQueueIfNotExist: create queue 963.1752727430 (CCH_UPI)...
[07/17/25 05:48:54.515] [T8961] [info] CSXSEventQueueManager::RemoveEventQueueByChannel: remove queue 963.1752727430 (CCH_UPI) for channel 14...
[07/18/25 01:10:11.753] [T6954] [info] CSXSEventQueueManager::RemoveEventQueueByChannel: remove queue 779.1752727416 (CCXP) for channel 2...
[07/18/25 01:11:18.041] [T530658] [info] CSXSEventQueueManager::CreateEventQueueIfNotExist: create queue 21620.1752797478 (CCXP)...
[07/18/25 01:42:19.778] [T530658] [info] CSXSEventQueueManager::RemoveEventQueueByChannel: remove queue 21620.1752797478 (CCXP) for channel 2...
[07/18/25 01:43:20.934] [T553556] [info] CSXSEventQueueManager::CreateEventQueueIfNotExist: create queue 21886.1752799400 (CCXP)...
[07/18/25 02:14:22.868] [T553556] [info] CSXSEventQueueManager::RemoveEventQueueByChannel: remove queue 21886.1752799400 (CCXP) for channel 2...
[07/18/25 02:15:24.018] [T576510] [info] CSXSEventQueueManager::CreateEventQueueIfNotExist: create queue 22222.1752801324 (CCXP)...
[07/18/25 02:46:25.231] [T576510] [info] CSXSEventQueueManager::RemoveEventQueueByChannel: remove queue 22222.1752801324 (CCXP) for channel 2...
[07/18/25 02:47:28.442] [T603134] [info] CSXSEventQueueManager::CreateEventQueueIfNotExist: create queue 22683.1752803248 (CCXP)...
[07/18/25 05:40:59.089] [T730608] [info] CSXSEventQueueManager::CreateEventQueueIfNotExist: create queue 24862.1752813659 (CCH_UPI)...
[07/18/25 05:47:21.780] [T730608] [info] CSXSEventQueueManager::RemoveEventQueueByChannel: remove queue 24862.1752813659 (CCH_UPI) for channel 14...
[07/19/25 02:22:01.076] [T603138] [info] CSXSEventQueueManager::RemoveEventQueueByChannel: remove queue 22683.1752803248 (CCXP) for channel 3...
[07/19/25 02:23:03.032] [T1152090] [info] CSXSEventQueueManager::CreateEventQueueIfNotExist: create queue 32467.1752888183 (CCXP)...
[07/19/25 02:56:24.553] [T1152090] [info] CSXSEventQueueManager::RemoveEventQueueByChannel: remove queue 32467.1752888183 (CCXP) for channel 2...
[07/19/25 02:57:26.121] [T1158033] [info] CSXSEventQueueManager::CreateEventQueueIfNotExist: create queue 32561.1752890246 (CCXP)...
[07/19/25 03:40:48.589] [T1158037] [info] CSXSEventQueueManager::RemoveEventQueueByChannel: remove queue 32561.1752890246 (CCXP) for channel 3...
[07/19/25 03:41:54.510] [T1163024] [info] CSXSEventQueueManager::CreateEventQueueIfNotExist: create queue 32675.1752892914 (CCXP)...
[07/19/25 04:22:39.290] [T1163025] [info] CSXSEventQueueManager::RemoveEventQueueByChannel: remove queue 32675.1752892914 (CCXP) for channel 3...
[07/19/25 04:23:41.432] [T1170615] [info] CSXSEventQueueManager::CreateEventQueueIfNotExist: create queue 32892.1752895421 (CCXP)...
[07/19/25 05:39:28.265] [T1182517] [info] CSXSEventQueueManager::CreateEventQueueIfNotExist: create queue 33069.1752899968 (CCH_UPI)...
[07/19/25 06:41:12.420] [T1182527] [info] CSXSEventQueueManager::RemoveEventQueueByChannel: remove queue 33069.1752899968 (CCH_UPI) for channel 15...
[07/19/25 15:50:57.658] [T9938] [info] AdobeIPCBroker version: 7.2.1
[07/19/25 15:50:57.688] [T9975] [info] CSXSEventQueueManager::CreateEventQueueIfNotExist: create queue 962.1752936657 (CCXP)...
[07/19/25 15:51:10.073] [T11317] [info] CSXSEventQueueManager::CreateEventQueueIfNotExist: create queue 948.1752936670 (ACCC)...
[07/19/25 15:51:11.649] [T11463] [info] CSXSEventQueueManager::CreateEventQueueIfNotExist: create queue 1032.1752936671 (ACHP)...
[07/19/25 15:51:11.649] [T11465] [info] CSXSEventQueueManager::CreateEventQueueIfNotExist: create queue 1021.1752936671 (ACHP)...
[07/19/25 15:51:11.712] [T11477] [info] CSXSEventQueueManager::CreateEventQueueIfNotExist: create queue 1034.1752936671 (ADCS)...
[07/19/25 15:51:12.791] [T11624] [info] CSXSEventQueueManager::CreateEventQueueIfNotExist: create queue 1042.1752936672 (COSY)...
[07/19/25 15:51:13.088] [T11472] [info] CSXSEventQueueManager::RemoveEventQueueByChannel: remove queue 1021.1752936671 (ACHP) for channel 7...
[07/19/25 15:51:13.572] [T11740] [info] CSXSEventQueueManager::CreateEventQueueIfNotExist: create queue 1053.1752936673 (COSY)...
[07/19/25 15:51:17.197] [T12163] [info] CSXSEventQueueManager::CreateEventQueueIfNotExist: create queue 1082.1752936677 (CCH_UPI)...
[07/19/25 15:56:21.131] [T12185] [info] CSXSEventQueueManager::RemoveEventQueueByChannel: remove queue 1082.1752936677 (CCH_UPI) for channel 15...
[07/19/25 22:02:51.286] [T9839] [info] AdobeIPCBroker version: 7.2.1
[07/19/25 22:02:51.336] [T9893] [info] CSXSEventQueueManager::CreateEventQueueIfNotExist: create queue 944.1752958970 (CCXP)...
[07/19/25 22:02:54.017] [T10405] [info] CSXSEventQueueManager::CreateEventQueueIfNotExist: create queue 927.1752958974 (ACCC)...
[07/19/25 22:02:54.017] [T10406] [info] CSXSEventQueueManager::CreateEventQueueIfNotExist: create queue 980.1752958974 (ACHP)...
[07/19/25 22:02:54.260] [T10448] [info] CSXSEventQueueManager::CreateEventQueueIfNotExist: create queue 984.1752958974 (ACHP)...
[07/19/25 22:02:55.752] [T10687] [info] CSXSEventQueueManager::CreateEventQueueIfNotExist: create queue 985.1752958975 (ADCS)...
[07/19/25 22:03:25.589] [T12841] [info] CSXSEventQueueManager::CreateEventQueueIfNotExist: create queue 1026.1752959005 (COSY)...
[07/19/25 22:03:27.684] [T13019] [info] CSXSEventQueueManager::CreateEventQueueIfNotExist: create queue 1053.1752959007 (COSY)...
[07/19/25 22:03:28.011] [T10412] [info] CSXSEventQueueManager::RemoveEventQueueByChannel: remove queue 980.1752958974 (ACHP) for channel 6...
[07/19/25 22:03:31.670] [T13424] [info] CSXSEventQueueManager::CreateEventQueueIfNotExist: create queue 1063.1752959011 (CCH_UPI)...
[07/19/25 22:09:01.368] [T13424] [info] CSXSEventQueueManager::RemoveEventQueueByChannel: remove queue 1063.1752959011 (CCH_UPI) for channel 5...
[07/19/25 22:25:18.543] [T6572] [info] AdobeIPCBroker version: 7.2.1
[07/19/25 22:25:18.551] [T6586] [info] CSXSEventQueueManager::CreateEventQueueIfNotExist: create queue 776.1752960318 (CCXP)...
[07/19/25 22:25:20.953] [T7238] [info] CSXSEventQueueManager::CreateEventQueueIfNotExist: create queue 754.1752960320 (ACCC)...
[07/19/25 22:25:20.953] [T7237] [info] CSXSEventQueueManager::CreateEventQueueIfNotExist: create queue 839.1752960320 (ACHP)...
[07/19/25 22:25:21.084] [T7286] [info] CSXSEventQueueManager::CreateEventQueueIfNotExist: create queue 842.1752960321 (ACHP)...
[07/19/25 22:25:21.341] [T7345] [info] CSXSEventQueueManager::CreateEventQueueIfNotExist: create queue 843.1752960321 (ADCS)...
[07/19/25 22:25:21.872] [T7241] [info] CSXSEventQueueManager::RemoveEventQueueByChannel: remove queue 839.1752960320 (ACHP) for channel 6...
[07/19/25 22:25:33.448] [T8537] [info] CSXSEventQueueManager::CreateEventQueueIfNotExist: create queue 951.1752960333 (COSY)...
[07/19/25 22:25:33.843] [T8612] [info] CSXSEventQueueManager::CreateEventQueueIfNotExist: create queue 960.1752960333 (COSY)...
[07/19/25 22:25:36.552] [T9124] [info] CSXSEventQueueManager::CreateEventQueueIfNotExist: create queue 989.1752960336 (CCH_UPI)...
[07/19/25 22:30:40.743] [T9124] [info] CSXSEventQueueManager::RemoveEventQueueByChannel: remove queue 989.1752960336 (CCH_UPI) for channel 14...
[07/20/25 01:26:20.222] [T6586] [info] CSXSEventQueueManager::RemoveEventQueueByChannel: remove queue 776.1752960318 (CCXP) for channel 2...
[07/20/25 01:27:31.642] [T186560] [info] CSXSEventQueueManager::CreateEventQueueIfNotExist: create queue 4447.1752971251 (CCXP)...
[07/20/25 02:28:32.783] [T186560] [info] CSXSEventQueueManager::RemoveEventQueueByChannel: remove queue 4447.1752971251 (CCXP) for channel 2...
[07/20/25 02:29:44.201] [T236709] [info] CSXSEventQueueManager::CreateEventQueueIfNotExist: create queue 5510.1752974984 (CCXP)...
[07/20/25 03:00:44.799] [T236712] [info] CSXSEventQueueManager::RemoveEventQueueByChannel: remove queue 5510.1752974984 (CCXP) for channel 3...
[07/20/25 03:01:54.051] [T263508] [info] CSXSEventQueueManager::CreateEventQueueIfNotExist: create queue 6257.1752976914 (CCXP)...
[07/20/25 03:33:21.028] [T263508] [info] CSXSEventQueueManager::RemoveEventQueueByChannel: remove queue 6257.1752976914 (CCXP) for channel 2...
[07/20/25 03:50:33.482] [T276277] [info] CSXSEventQueueManager::CreateEventQueueIfNotExist: create queue 6562.1752979833 (CCXP)...
[07/20/25 19:11:05.842] [T6611] [info] AdobeIPCBroker version: 7.2.1
[07/20/25 19:11:05.882] [T6631] [info] CSXSEventQueueManager::CreateEventQueueIfNotExist: create queue 774.1753035065 (CCXP)...
[07/20/25 19:11:08.927] [T7415] [info] CSXSEventQueueManager::CreateEventQueueIfNotExist: create queue 848.1753035068 (ACHP)...
[07/20/25 19:11:08.927] [T7416] [info] CSXSEventQueueManager::CreateEventQueueIfNotExist: create queue 735.1753035068 (ACCC)...
[07/20/25 19:11:09.045] [T7455] [info] CSXSEventQueueManager::CreateEventQueueIfNotExist: create queue 850.1753035069 (ACHP)...
[07/20/25 19:11:09.843] [T7422] [info] CSXSEventQueueManager::RemoveEventQueueByChannel: remove queue 848.1753035068 (ACHP) for channel 6...
[07/20/25 19:11:11.196] [T7787] [info] CSXSEventQueueManager::CreateEventQueueIfNotExist: create queue 877.1753035071 (ADCS)...
[07/20/25 19:11:13.966] [T8023] [info] CSXSEventQueueManager::CreateEventQueueIfNotExist: create queue 892.1753035073 (COSY)...
[07/20/25 19:11:14.590] [T8112] [info] CSXSEventQueueManager::CreateEventQueueIfNotExist: create queue 900.1753035074 (COSY)...
[07/20/25 19:11:17.836] [T8692] [info] CSXSEventQueueManager::CreateEventQueueIfNotExist: create queue 948.1753035077 (CCH_UPI)...
[07/20/25 19:16:21.261] [T8692] [info] CSXSEventQueueManager::RemoveEventQueueByChannel: remove queue 948.1753035077 (CCH_UPI) for channel 14...
[07/21/25 01:26:58.172] [T6631] [info] CSXSEventQueueManager::RemoveEventQueueByChannel: remove queue 774.1753035065 (CCXP) for channel 2...
[07/21/25 01:28:00.765] [T375208] [info] CSXSEventQueueManager::CreateEventQueueIfNotExist: create queue 7592.1753057680 (CCXP)...
[07/21/25 01:59:01.201] [T375209] [info] CSXSEventQueueManager::RemoveEventQueueByChannel: remove queue 7592.1753057680 (CCXP) for channel 3...
[07/21/25 02:00:07.227] [T401692] [info] CSXSEventQueueManager::CreateEventQueueIfNotExist: create queue 7878.1753059607 (CCXP)...
[07/21/25 02:31:09.489] [T401693] [info] CSXSEventQueueManager::RemoveEventQueueByChannel: remove queue 7878.1753059607 (CCXP) for channel 3...
[07/21/25 02:32:22.103] [T422413] [info] CSXSEventQueueManager::CreateEventQueueIfNotExist: create queue 8008.1753061542 (CCXP)...
[07/21/25 03:33:25.772] [T422413] [info] CSXSEventQueueManager::RemoveEventQueueByChannel: remove queue 8008.1753061542 (CCXP) for channel 2...
[07/21/25 03:34:29.787] [T492669] [info] CSXSEventQueueManager::CreateEventQueueIfNotExist: create queue 10007.1753065269 (CCXP)...
[07/21/25 15:06:23.223] [T6850] [info] AdobeIPCBroker version: 7.2.1
[07/21/25 15:06:23.258] [T6876] [info] CSXSEventQueueManager::CreateEventQueueIfNotExist: create queue 789.1753106783 (CCXP)...
[07/21/25 15:06:24.933] [T7418] [info] CSXSEventQueueManager::CreateEventQueueIfNotExist: create queue 849.1753106784 (ACHP)...
[07/21/25 15:06:24.937] [T7419] [info] CSXSEventQueueManager::CreateEventQueueIfNotExist: create queue 730.1753106784 (ACCC)...
[07/21/25 15:06:25.160] [T7458] [info] CSXSEventQueueManager::CreateEventQueueIfNotExist: create queue 852.1753106785 (ACHP)...
[07/21/25 15:06:25.280] [T7526] [info] CSXSEventQueueManager::CreateEventQueueIfNotExist: create queue 854.1753106785 (ADCS)...
[07/21/25 15:06:25.819] [T7427] [info] CSXSEventQueueManager::RemoveEventQueueByChannel: remove queue 849.1753106784 (ACHP) for channel 10...
[07/21/25 15:06:30.584] [T8108] [info] CSXSEventQueueManager::CreateEventQueueIfNotExist: create queue 896.1753106790 (COSY)...
[07/21/25 15:06:30.923] [T8178] [info] CSXSEventQueueManager::CreateEventQueueIfNotExist: create queue 904.1753106790 (COSY)...
[07/21/25 15:06:34.022] [T8801] [info] CSXSEventQueueManager::CreateEventQueueIfNotExist: create queue 947.1753106794 (CCH_UPI)...
[07/21/25 15:11:36.056] [T8801] [info] CSXSEventQueueManager::RemoveEventQueueByChannel: remove queue 947.1753106794 (CCH_UPI) for channel 23...
[07/21/25 23:21:49.047] [T6906] [info] AdobeIPCBroker version: 7.2.1
[07/21/25 23:21:49.090] [T6959] [info] CSXSEventQueueManager::CreateEventQueueIfNotExist: create queue 794.1753136508 (CCXP)...
[07/21/25 23:21:51.060] [T7584] [info] CSXSEventQueueManager::CreateEventQueueIfNotExist: create queue 859.1753136511 (ACHP)...
[07/21/25 23:21:51.060] [T7585] [info] CSXSEventQueueManager::CreateEventQueueIfNotExist: create queue 754.1753136511 (ACCC)...
[07/21/25 23:21:51.205] [T7621] [info] CSXSEventQueueManager::CreateEventQueueIfNotExist: create queue 861.1753136511 (ACHP)...
[07/21/25 23:21:51.334] [T7670] [info] CSXSEventQueueManager::CreateEventQueueIfNotExist: create queue 862.1753136511 (ADCS)...
[07/21/25 23:21:52.125] [T7590] [info] CSXSEventQueueManager::RemoveEventQueueByChannel: remove queue 859.1753136511 (ACHP) for channel 6...
[07/21/25 23:21:58.147] [T8375] [info] CSXSEventQueueManager::CreateEventQueueIfNotExist: create queue 922.1753136518 (COSY)...
[07/21/25 23:21:58.511] [T8434] [info] CSXSEventQueueManager::CreateEventQueueIfNotExist: create queue 930.1753136518 (COSY)...
[07/21/25 23:22:00.629] [T8753] [info] CSXSEventQueueManager::CreateEventQueueIfNotExist: create queue 953.1753136520 (CCH_UPI)...
[07/21/25 23:27:01.901] [T8753] [info] CSXSEventQueueManager::RemoveEventQueueByChannel: remove queue 953.1753136520 (CCH_UPI) for channel 14...
[07/22/25 01:22:58.377] [T6968] [info] CSXSEventQueueManager::RemoveEventQueueByChannel: remove queue 794.1753136508 (CCXP) for channel 3...
[07/22/25 01:24:10.156] [T132097] [info] CSXSEventQueueManager::CreateEventQueueIfNotExist: create queue 2952.1753143850 (CCXP)...
[07/22/25 01:55:14.753] [T132098] [info] CSXSEventQueueManager::RemoveEventQueueByChannel: remove queue 2952.1753143850 (CCXP) for channel 3...
[07/22/25 01:56:17.108] [T153511] [info] CSXSEventQueueManager::CreateEventQueueIfNotExist: create queue 3106.1753145777 (CCXP)...
[07/22/25 02:34:00.637] [T153511] [info] CSXSEventQueueManager::RemoveEventQueueByChannel: remove queue 3106.1753145777 (CCXP) for channel 2...
[07/22/25 02:35:04.932] [T173885] [info] CSXSEventQueueManager::CreateEventQueueIfNotExist: create queue 3316.1753148104 (CCXP)...
[07/22/25 03:06:05.536] [T173885] [info] CSXSEventQueueManager::RemoveEventQueueByChannel: remove queue 3316.1753148104 (CCXP) for channel 2...
[07/22/25 03:07:15.433] [T197856] [info] CSXSEventQueueManager::CreateEventQueueIfNotExist: create queue 3610.1753150035 (CCXP)...
[07/22/25 23:19:06.522] [T797635] [info] CSXSEventQueueManager::CreateEventQueueIfNotExist: create queue 13188.1753222746 (CCH_UPI)...
[07/22/25 23:24:09.024] [T797635] [info] CSXSEventQueueManager::RemoveEventQueueByChannel: remove queue 13188.1753222746 (CCH_UPI) for channel 14...
[07/23/25 01:13:14.241] [T197860] [info] CSXSEventQueueManager::RemoveEventQueueByChannel: remove queue 3610.1753150035 (CCXP) for channel 3...
[07/23/25 01:14:42.241] [T889535] [info] CSXSEventQueueManager::CreateEventQueueIfNotExist: create queue 14312.1753229682 (CCXP)...
[07/23/25 01:45:45.611] [T889538] [info] CSXSEventQueueManager::RemoveEventQueueByChannel: remove queue 14312.1753229682 (CCXP) for channel 3...
[07/23/25 01:46:58.384] [T918113] [info] CSXSEventQueueManager::CreateEventQueueIfNotExist: create queue 14591.1753231618 (CCXP)...
[07/23/25 02:22:57.749] [T918116] [info] CSXSEventQueueManager::RemoveEventQueueByChannel: remove queue 14591.1753231618 (CCXP) for channel 3...
[07/23/25 02:24:00.532] [T933049] [info] CSXSEventQueueManager::CreateEventQueueIfNotExist: create queue 14943.1753233840 (CCXP)...
[07/23/25 02:55:02.088] [T933052] [info] CSXSEventQueueManager::RemoveEventQueueByChannel: remove queue 14943.1753233840 (CCXP) for channel 3...
[07/23/25 02:56:05.630] [T954402] [info] CSXSEventQueueManager::CreateEventQueueIfNotExist: create queue 15127.1753235765 (CCXP)...
[07/23/25 23:44:54.381] [T1705418] [info] CSXSEventQueueManager::CreateEventQueueIfNotExist: create queue 30321.1753310694 (CCH_UPI)...
[07/24/25 00:52:43.721] [T1705418] [info] CSXSEventQueueManager::RemoveEventQueueByChannel: remove queue 30321.1753310694 (CCH_UPI) for channel 14...
[07/24/25 01:37:36.432] [T7321] [info] AdobeIPCBroker version: 7.2.1
[07/24/25 01:37:36.484] [T7345] [info] CSXSEventQueueManager::CreateEventQueueIfNotExist: create queue 792.1753317456 (CCXP)...
[07/24/25 01:37:38.169] [T7688] [info] CSXSEventQueueManager::CreateEventQueueIfNotExist: create queue 736.1753317458 (ACCC)...
[07/24/25 01:37:38.169] [T7690] [info] CSXSEventQueueManager::CreateEventQueueIfNotExist: create queue 837.1753317458 (ACHP)...
[07/24/25 01:37:38.660] [T7850] [info] CSXSEventQueueManager::CreateEventQueueIfNotExist: create queue 853.1753317458 (ACHP)...
[07/24/25 01:37:39.335] [T8024] [info] CSXSEventQueueManager::CreateEventQueueIfNotExist: create queue 855.1753317459 (ADCS)...
[07/24/25 01:37:40.010] [T7740] [info] CSXSEventQueueManager::RemoveEventQueueByChannel: remove queue 837.1753317458 (ACHP) for channel 10...
[07/24/25 01:37:46.871] [T8731] [info] CSXSEventQueueManager::CreateEventQueueIfNotExist: create queue 913.1753317466 (COSY)...
[07/24/25 01:37:48.491] [T8954] [info] CSXSEventQueueManager::CreateEventQueueIfNotExist: create queue 936.1753317468 (COSY)...
[07/24/25 01:37:51.381] [T9294] [info] CSXSEventQueueManager::CreateEventQueueIfNotExist: create queue 977.1753317471 (CCH_UPI)...
[07/24/25 01:42:53.789] [T9294] [info] CSXSEventQueueManager::RemoveEventQueueByChannel: remove queue 977.1753317471 (CCH_UPI) for channel 22...
[07/24/25 02:08:39.505] [T7345] [info] CSXSEventQueueManager::RemoveEventQueueByChannel: remove queue 792.1753317456 (CCXP) for channel 6...
[07/24/25 02:09:46.350] [T42827] [info] CSXSEventQueueManager::CreateEventQueueIfNotExist: create queue 1725.1753319386 (CCXP)...
[07/24/25 02:40:47.445] [T42827] [info] CSXSEventQueueManager::RemoveEventQueueByChannel: remove queue 1725.1753319386 (CCXP) for channel 6...
[07/24/25 02:41:51.687] [T71329] [info] CSXSEventQueueManager::CreateEventQueueIfNotExist: create queue 2324.1753321311 (CCXP)...
[07/24/25 03:12:53.893] [T71329] [info] CSXSEventQueueManager::RemoveEventQueueByChannel: remove queue 2324.1753321311 (CCXP) for channel 6...
[07/24/25 03:13:55.442] [T102199] [info] CSXSEventQueueManager::CreateEventQueueIfNotExist: create queue 2996.1753323235 (CCXP)...
[07/25/25 01:40:53.213] [T102199] [info] CSXSEventQueueManager::RemoveEventQueueByChannel: remove queue 2996.1753323235 (CCXP) for channel 6...
[07/25/25 01:41:06.128] [T858582] [info] CSXSEventQueueManager::CreateEventQueueIfNotExist: create queue 16010.1753404066 (CCH_UPI)...
[07/25/25 01:57:21.709] [T859908] [info] CSXSEventQueueManager::CreateEventQueueIfNotExist: create queue 16065.1753405041 (CCXP)...
[07/25/25 02:18:47.931] [T858582] [info] CSXSEventQueueManager::RemoveEventQueueByChannel: remove queue 16010.1753404066 (CCH_UPI) for channel 6...
[07/25/25 02:28:25.438] [T859908] [info] CSXSEventQueueManager::RemoveEventQueueByChannel: remove queue 16065.1753405041 (CCXP) for channel 22...
[07/25/25 02:46:35.105] [T869089] [info] CSXSEventQueueManager::CreateEventQueueIfNotExist: create queue 16355.1753407995 (CCXP)...
[07/25/25 03:27:54.330] [T869089] [info] CSXSEventQueueManager::RemoveEventQueueByChannel: remove queue 16355.1753407995 (CCXP) for channel 6...
[07/25/25 03:28:56.236] [T876669] [info] CSXSEventQueueManager::CreateEventQueueIfNotExist: create queue 16521.1753410536 (CCXP)...
[07/25/25 03:59:59.624] [T876669] [info] CSXSEventQueueManager::RemoveEventQueueByChannel: remove queue 16521.1753410536 (CCXP) for channel 6...
[07/25/25 04:14:15.248] [T885744] [info] CSXSEventQueueManager::CreateEventQueueIfNotExist: create queue 16677.1753413255 (CCXP)...
[07/26/25 01:33:02.683] [T885745] [info] CSXSEventQueueManager::RemoveEventQueueByChannel: remove queue 16677.1753413255 (CCXP) for channel 7...
[07/26/25 01:34:15.469] [T1704480] [info] CSXSEventQueueManager::CreateEventQueueIfNotExist: create queue 26180.1753490055 (CCXP)...
[07/26/25 01:37:59.461] [T1714790] [info] CSXSEventQueueManager::CreateEventQueueIfNotExist: create queue 26241.1753490279 (CCH_UPI)...
[07/26/25 01:43:01.884] [T1714790] [info] CSXSEventQueueManager::RemoveEventQueueByChannel: remove queue 26241.1753490279 (CCH_UPI) for channel 22...
[07/26/25 02:05:19.563] [T1704480] [info] CSXSEventQueueManager::RemoveEventQueueByChannel: remove queue 26180.1753490055 (CCXP) for channel 6...
[07/26/25 02:06:20.667] [T1737616] [info] CSXSEventQueueManager::CreateEventQueueIfNotExist: create queue 26613.1753491980 (CCXP)...
[07/26/25 02:37:21.277] [T1737616] [info] CSXSEventQueueManager::RemoveEventQueueByChannel: remove queue 26613.1753491980 (CCXP) for channel 6...
[07/26/25 02:38:22.780] [T1759756] [info] CSXSEventQueueManager::CreateEventQueueIfNotExist: create queue 26972.1753493902 (CCXP)...
[07/26/25 03:09:23.600] [T1759760] [info] CSXSEventQueueManager::RemoveEventQueueByChannel: remove queue 26972.1753493902 (CCXP) for channel 7...
[07/26/25 03:10:25.458] [T1792495] [info] CSXSEventQueueManager::CreateEventQueueIfNotExist: create queue 27803.1753495825 (CCXP)...
[07/26/25 09:48:50.168] [T7070] [info] AdobeIPCBroker version: 7.2.1
[07/26/25 09:48:50.204] [T7128] [info] CSXSEventQueueManager::CreateEventQueueIfNotExist: create queue 805.1753519730 (CCXP)...
[07/26/25 09:48:52.369] [T7701] [info] CSXSEventQueueManager::CreateEventQueueIfNotExist: create queue 744.1753519732 (ACCC)...
[07/26/25 09:48:52.369] [T7700] [info] CSXSEventQueueManager::CreateEventQueueIfNotExist: create queue 857.1753519732 (ACHP)...
[07/26/25 09:48:52.608] [T7766] [info] CSXSEventQueueManager::CreateEventQueueIfNotExist: create queue 863.1753519732 (ACHP)...
[07/26/25 09:48:53.551] [T7968] [info] CSXSEventQueueManager::CreateEventQueueIfNotExist: create queue 864.1753519733 (ADCS)...
[07/26/25 09:48:54.408] [T7724] [info] CSXSEventQueueManager::RemoveEventQueueByChannel: remove queue 857.1753519732 (ACHP) for channel 6...
[07/26/25 09:48:58.134] [T8421] [info] CSXSEventQueueManager::CreateEventQueueIfNotExist: create queue 931.1753519738 (COSY)...
[07/26/25 09:48:58.836] [T8499] [info] CSXSEventQueueManager::CreateEventQueueIfNotExist: create queue 942.1753519738 (COSY)...
[07/26/25 09:49:01.611] [T8909] [info] CSXSEventQueueManager::CreateEventQueueIfNotExist: create queue 978.1753519741 (CCH_UPI)...
[07/26/25 09:54:03.787] [T8909] [info] CSXSEventQueueManager::RemoveEventQueueByChannel: remove queue 978.1753519741 (CCH_UPI) for channel 14...
[07/27/25 01:13:45.800] [T7131] [info] CSXSEventQueueManager::RemoveEventQueueByChannel: remove queue 805.1753519730 (CCXP) for channel 3...
[07/27/25 01:14:57.022] [T616660] [info] CSXSEventQueueManager::CreateEventQueueIfNotExist: create queue 13228.1753575297 (CCXP)...
[07/27/25 01:45:59.392] [T616660] [info] CSXSEventQueueManager::RemoveEventQueueByChannel: remove queue 13228.1753575297 (CCXP) for channel 2...
[07/27/25 01:47:03.111] [T637089] [info] CSXSEventQueueManager::CreateEventQueueIfNotExist: create queue 13562.1753577223 (CCXP)...
[07/27/25 02:30:55.220] [T637089] [info] CSXSEventQueueManager::RemoveEventQueueByChannel: remove queue 13562.1753577223 (CCXP) for channel 2...
[07/27/25 02:47:12.044] [T656388] [info] CSXSEventQueueManager::CreateEventQueueIfNotExist: create queue 13780.1753580832 (CCXP)...
[07/27/25 03:29:49.261] [T656388] [info] CSXSEventQueueManager::RemoveEventQueueByChannel: remove queue 13780.1753580832 (CCXP) for channel 2...
[07/27/25 03:30:51.316] [T662375] [info] CSXSEventQueueManager::CreateEventQueueIfNotExist: create queue 13956.1753583451 (CCXP)...
[07/27/25 09:46:06.390] [T880238] [info] CSXSEventQueueManager::CreateEventQueueIfNotExist: create queue 17381.1753605966 (CCH_UPI)...
[07/27/25 09:51:08.849] [T880238] [info] CSXSEventQueueManager::RemoveEventQueueByChannel: remove queue 17381.1753605966 (CCH_UPI) for channel 14...
[07/28/25 01:51:44.827] [T662376] [info] CSXSEventQueueManager::RemoveEventQueueByChannel: remove queue 13956.1753583451 (CCXP) for channel 3...
[07/28/25 01:52:48.347] [T1337644] [info] CSXSEventQueueManager::CreateEventQueueIfNotExist: create queue 23749.1753663968 (CCXP)...
[07/28/25 02:30:12.903] [T1337651] [info] CSXSEventQueueManager::RemoveEventQueueByChannel: remove queue 23749.1753663968 (CCXP) for channel 3...
[07/28/25 02:31:14.317] [T1342336] [info] CSXSEventQueueManager::CreateEventQueueIfNotExist: create queue 23866.1753666274 (CCXP)...
[07/28/25 03:05:44.199] [T1342337] [info] CSXSEventQueueManager::RemoveEventQueueByChannel: remove queue 23866.1753666274 (CCXP) for channel 3...
[07/28/25 03:06:49.087] [T1345287] [info] CSXSEventQueueManager::CreateEventQueueIfNotExist: create queue 23914.1753668409 (CCXP)...
[07/28/25 03:43:36.891] [T1345292] [info] CSXSEventQueueManager::RemoveEventQueueByChannel: remove queue 23914.1753668409 (CCXP) for channel 3...
[07/28/25 03:59:28.382] [T1352091] [info] CSXSEventQueueManager::CreateEventQueueIfNotExist: create queue 24057.1753671568 (CCXP)...
[07/28/25 09:52:43.463] [T1390139] [info] CSXSEventQueueManager::CreateEventQueueIfNotExist: create queue 24770.1753692763 (CCH_UPI)...
[07/28/25 09:53:39.713] [T8505] [info] CSXSEventQueueManager::RemoveEventQueueByChannel: remove queue 942.1753519738 (COSY) for channel 13...
[07/28/25 09:53:47.949] [T1391716] [info] CSXSEventQueueManager::CreateEventQueueIfNotExist: create queue 24881.1753692827 (COSY)...
[07/28/25 10:29:48.326] [T1390139] [info] CSXSEventQueueManager::RemoveEventQueueByChannel: remove queue 24770.1753692763 (CCH_UPI) for channel 14...
[07/28/25 22:28:58.522] [T8113] [info] AdobeIPCBroker version: 7.2.1
[07/28/25 22:28:58.560] [T8209] [info] CSXSEventQueueManager::CreateEventQueueIfNotExist: create queue 810.1753738138 (CCXP)...
[07/28/25 22:28:59.833] [T8468] [info] CSXSEventQueueManager::CreateEventQueueIfNotExist: create queue 857.1753738139 (ACHP)...
[07/28/25 22:28:59.833] [T8467] [info] CSXSEventQueueManager::CreateEventQueueIfNotExist: create queue 757.1753738139 (ACCC)...
[07/28/25 22:28:59.961] [T8498] [info] CSXSEventQueueManager::CreateEventQueueIfNotExist: create queue 861.1753738139 (ACHP)...
[07/28/25 22:29:00.097] [T8561] [info] CSXSEventQueueManager::CreateEventQueueIfNotExist: create queue 863.1753738140 (ADCS)...
[07/28/25 22:29:00.560] [T8474] [info] CSXSEventQueueManager::RemoveEventQueueByChannel: remove queue 857.1753738139 (ACHP) for channel 6...
[07/28/25 22:29:04.074] [T9051] [info] CSXSEventQueueManager::CreateEventQueueIfNotExist: create queue 897.1753738144 (COSY)...
[07/28/25 22:29:04.900] [T9171] [info] CSXSEventQueueManager::CreateEventQueueIfNotExist: create queue 912.1753738144 (COSY)...
[07/28/25 22:29:07.047] [T9445] [info] CSXSEventQueueManager::CreateEventQueueIfNotExist: create queue 934.1753738147 (CCH_UPI)...
[07/28/25 22:34:09.206] [T9445] [info] CSXSEventQueueManager::RemoveEventQueueByChannel: remove queue 934.1753738147 (CCH_UPI) for channel 14...
[07/29/25 01:18:16.770] [T8209] [info] CSXSEventQueueManager::RemoveEventQueueByChannel: remove queue 810.1753738138 (CCXP) for channel 2...
[07/29/25 01:19:18.961] [T130437] [info] CSXSEventQueueManager::CreateEventQueueIfNotExist: create queue 3368.1753748358 (CCXP)...
[07/29/25 01:50:19.897] [T130437] [info] CSXSEventQueueManager::RemoveEventQueueByChannel: remove queue 3368.1753748358 (CCXP) for channel 2...
[07/29/25 01:51:31.630] [T166129] [info] CSXSEventQueueManager::CreateEventQueueIfNotExist: create queue 4251.1753750291 (CCXP)...
[07/29/25 02:22:32.322] [T166135] [info] CSXSEventQueueManager::RemoveEventQueueByChannel: remove queue 4251.1753750291 (CCXP) for channel 3...
[07/29/25 02:23:38.147] [T192687] [info] CSXSEventQueueManager::CreateEventQueueIfNotExist: create queue 4568.1753752218 (CCXP)...
[07/29/25 02:54:40.837] [T192690] [info] CSXSEventQueueManager::RemoveEventQueueByChannel: remove queue 4568.1753752218 (CCXP) for channel 3...
[07/29/25 02:55:54.270] [T218867] [info] CSXSEventQueueManager::CreateEventQueueIfNotExist: create queue 5077.1753754154 (CCXP)...
[07/29/25 05:04:06.519] [T6643] [info] AdobeIPCBroker version: 7.2.1
[07/29/25 05:04:06.574] [T6670] [info] CSXSEventQueueManager::CreateEventQueueIfNotExist: create queue 784.1753761846 (CCXP)...
[07/29/25 05:04:08.921] [T7418] [info] CSXSEventQueueManager::CreateEventQueueIfNotExist: create queue 742.1753761848 (ACCC)...
[07/29/25 05:04:08.921] [T7419] [info] CSXSEventQueueManager::CreateEventQueueIfNotExist: create queue 859.1753761848 (ACHP)...
[07/29/25 05:04:09.336] [T7523] [info] CSXSEventQueueManager::CreateEventQueueIfNotExist: create queue 867.1753761849 (ACHP)...
[07/29/25 05:04:10.577] [T7435] [info] CSXSEventQueueManager::RemoveEventQueueByChannel: remove queue 859.1753761848 (ACHP) for channel 6...
[07/29/25 05:04:12.179] [T7953] [info] CSXSEventQueueManager::CreateEventQueueIfNotExist: create queue 898.1753761852 (ADCS)...
[07/29/25 05:04:12.956] [T8100] [info] CSXSEventQueueManager::CreateEventQueueIfNotExist: create queue 909.1753761852 (COSY)...
[07/29/25 05:04:13.826] [T8181] [info] CSXSEventQueueManager::CreateEventQueueIfNotExist: create queue 918.1753761853 (COSY)...
[07/29/25 05:04:16.004] [T8461] [info] CSXSEventQueueManager::CreateEventQueueIfNotExist: create queue 947.1753761856 (CCH_UPI)...
[07/29/25 05:09:17.574] [T8461] [info] CSXSEventQueueManager::RemoveEventQueueByChannel: remove queue 947.1753761856 (CCH_UPI) for channel 14...
[07/30/25 01:13:58.418] [T6670] [info] CSXSEventQueueManager::RemoveEventQueueByChannel: remove queue 784.1753761846 (CCXP) for channel 2...
[07/30/25 01:15:04.693] [T927000] [info] CSXSEventQueueManager::CreateEventQueueIfNotExist: create queue 16697.1753834504 (CCXP)...
[07/30/25 01:46:06.230] [T927002] [info] CSXSEventQueueManager::RemoveEventQueueByChannel: remove queue 16697.1753834504 (CCXP) for channel 3...
[07/30/25 01:47:18.901] [T947359] [info] CSXSEventQueueManager::CreateEventQueueIfNotExist: create queue 17043.1753836438 (CCXP)...
[07/30/25 02:18:21.606] [T947359] [info] CSXSEventQueueManager::RemoveEventQueueByChannel: remove queue 17043.1753836438 (CCXP) for channel 2...
[07/30/25 02:19:24.605] [T971019] [info] CSXSEventQueueManager::CreateEventQueueIfNotExist: create queue 17307.1753838364 (CCXP)...
[07/30/25 02:50:26.487] [T971019] [info] CSXSEventQueueManager::RemoveEventQueueByChannel: remove queue 17307.1753838364 (CCXP) for channel 2...
[07/30/25 02:51:28.137] [T994431] [info] CSXSEventQueueManager::CreateEventQueueIfNotExist: create queue 17587.1753840288 (CCXP)...
[07/30/25 05:01:23.022] [T1088400] [info] CSXSEventQueueManager::CreateEventQueueIfNotExist: create queue 18898.1753848083 (CCH_UPI)...
[07/30/25 05:06:24.856] [T1088400] [info] CSXSEventQueueManager::RemoveEventQueueByChannel: remove queue 18898.1753848083 (CCH_UPI) for channel 14...
[07/30/25 10:27:02.643] [T12862] [info] AdobeIPCBroker version: 7.2.1
[07/30/25 10:27:02.656] [T12909] [info] CSXSEventQueueManager::CreateEventQueueIfNotExist: create queue 999.1753867621 (CCXP)...
[07/30/25 10:27:20.612] [T14052] [info] CSXSEventQueueManager::CreateEventQueueIfNotExist: create queue 974.1753867640 (ACCC)...
[07/30/25 10:27:21.354] [T14081] [info] CSXSEventQueueManager::CreateEventQueueIfNotExist: create queue 1048.1753867641 (ACHP)...
[07/30/25 10:27:30.038] [T14684] [info] CSXSEventQueueManager::CreateEventQueueIfNotExist: create queue 1065.1753867650 (ADCS)...
[07/30/25 10:27:40.247] [T15234] [info] CSXSEventQueueManager::CreateEventQueueIfNotExist: create queue 1060.1753867660 (ACHP)...
[07/30/25 10:27:45.407] [T15446] [info] CSXSEventQueueManager::CreateEventQueueIfNotExist: create queue 1092.1753867665 (COSY)...
[07/30/25 10:27:53.053] [T15906] [info] CSXSEventQueueManager::CreateEventQueueIfNotExist: create queue 1108.1753867673 (COSY)...
[07/30/25 10:27:56.488] [T14084] [info] CSXSEventQueueManager::RemoveEventQueueByChannel: remove queue 1048.1753867641 (ACHP) for channel 14...
[07/30/25 10:28:04.000] [T16702] [info] CSXSEventQueueManager::CreateEventQueueIfNotExist: create queue 1119.1753867683 (CCH_UPI)...
[07/30/25 10:28:18.028] [T12909] [info] CSXSEventQueueManager::RemoveEventQueueByChannel: remove queue 999.1753867621 (CCXP) for channel 2...
[07/30/25 10:28:48.796] [T19232] [info] CSXSEventQueueManager::CreateEventQueueIfNotExist: create queue 1267.1753867728 (CCXP)...
[07/30/25 10:33:22.024] [T16702] [info] CSXSEventQueueManager::RemoveEventQueueByChannel: remove queue 1119.1753867683 (CCH_UPI) for channel 13...
[07/31/25 01:32:17.765] [T19232] [info] CSXSEventQueueManager::RemoveEventQueueByChannel: remove queue 1267.1753867728 (CCXP) for channel 2...
[07/31/25 01:33:30.593] [T566812] [info] CSXSEventQueueManager::CreateEventQueueIfNotExist: create queue 11971.1753922010 (CCXP)...
[07/31/25 02:04:31.023] [T566815] [info] CSXSEventQueueManager::RemoveEventQueueByChannel: remove queue 11971.1753922010 (CCXP) for channel 3...
[07/31/25 02:05:43.924] [T587580] [info] CSXSEventQueueManager::CreateEventQueueIfNotExist: create queue 12186.1753923943 (CCXP)...
[07/31/25 02:36:45.946] [T587580] [info] CSXSEventQueueManager::RemoveEventQueueByChannel: remove queue 12186.1753923943 (CCXP) for channel 2...
[07/31/25 02:37:57.269] [T607936] [info] CSXSEventQueueManager::CreateEventQueueIfNotExist: create queue 12512.1753925877 (CCXP)...
[07/31/25 03:08:58.942] [T607938] [info] CSXSEventQueueManager::RemoveEventQueueByChannel: remove queue 12512.1753925877 (CCXP) for channel 3...
[07/31/25 03:10:00.762] [T631264] [info] CSXSEventQueueManager::CreateEventQueueIfNotExist: create queue 12838.1753927800 (CCXP)...
[07/31/25 10:24:59.721] [T925517] [info] CSXSEventQueueManager::CreateEventQueueIfNotExist: create queue 17135.1753953899 (CCH_UPI)...
[07/31/25 10:30:02.468] [T925517] [info] CSXSEventQueueManager::RemoveEventQueueByChannel: remove queue 17135.1753953899 (CCH_UPI) for channel 11...
[08/01/25 01:19:20.995] [T631267] [info] CSXSEventQueueManager::RemoveEventQueueByChannel: remove queue 12838.1753927800 (CCXP) for channel 3...
[08/01/25 01:20:28.495] [T1510516] [info] CSXSEventQueueManager::CreateEventQueueIfNotExist: create queue 26987.1754007628 (CCXP)...
[08/01/25 01:54:40.812] [T1510521] [info] CSXSEventQueueManager::RemoveEventQueueByChannel: remove queue 26987.1754007628 (CCXP) for channel 3...
[08/01/25 01:55:42.675] [T1521799] [info] CSXSEventQueueManager::CreateEventQueueIfNotExist: create queue 27169.1754009742 (CCXP)...
[08/01/25 02:26:45.035] [T1521799] [info] CSXSEventQueueManager::RemoveEventQueueByChannel: remove queue 27169.1754009742 (CCXP) for channel 2...
[08/01/25 02:27:56.310] [T1540095] [info] CSXSEventQueueManager::CreateEventQueueIfNotExist: create queue 27378.1754011676 (CCXP)...
[08/01/25 03:12:41.372] [T1540103] [info] CSXSEventQueueManager::RemoveEventQueueByChannel: remove queue 27378.1754011676 (CCXP) for channel 3...
[08/01/25 03:13:44.295] [T1554926] [info] CSXSEventQueueManager::CreateEventQueueIfNotExist: create queue 27675.1754014424 (CCXP)...
[08/01/25 10:36:32.131] [T1652467] [info] CSXSEventQueueManager::CreateEventQueueIfNotExist: create queue 29171.1754040992 (CCH_UPI)...
[08/01/25 12:40:32.100] [T1652467] [info] CSXSEventQueueManager::RemoveEventQueueByChannel: remove queue 29171.1754040992 (CCH_UPI) for channel 11...
[08/02/25 01:37:22.670] [T1554926] [info] CSXSEventQueueManager::RemoveEventQueueByChannel: remove queue 27675.1754014424 (CCXP) for channel 2...
[08/02/25 01:38:34.526] [T2231547] [info] CSXSEventQueueManager::CreateEventQueueIfNotExist: create queue 37276.1754095114 (CCXP)...
[08/02/25 02:09:36.937] [T2231547] [info] CSXSEventQueueManager::RemoveEventQueueByChannel: remove queue 37276.1754095114 (CCXP) for channel 2...
[08/02/25 02:10:39.792] [T2252840] [info] CSXSEventQueueManager::CreateEventQueueIfNotExist: create queue 37554.1754097039 (CCXP)...
[08/02/25 02:41:41.112] [T2252847] [info] CSXSEventQueueManager::RemoveEventQueueByChannel: remove queue 37554.1754097039 (CCXP) for channel 3...
[08/02/25 02:42:43.650] [T2274115] [info] CSXSEventQueueManager::CreateEventQueueIfNotExist: create queue 37818.1754098963 (CCXP)...
[08/02/25 03:13:44.961] [T2274115] [info] CSXSEventQueueManager::RemoveEventQueueByChannel: remove queue 37818.1754098963 (CCXP) for channel 2...
[08/02/25 03:14:46.317] [T2306644] [info] CSXSEventQueueManager::CreateEventQueueIfNotExist: create queue 38528.1754100886 (CCXP)...
[08/02/25 06:10:18.191] [T15237] [info] CSXSEventQueueManager::RemoveEventQueueByChannel: remove queue 1060.1753867660 (ACHP) for channel 19...
[08/02/25 06:10:21.656] [T14743] [info] CSXSEventQueueManager::RemoveEventQueueByChannel: remove queue 974.1753867640 (ACCC) for channel 17...
[08/02/25 06:11:42.689] [T6744] [info] AdobeIPCBroker version: 7.2.1
[08/02/25 06:11:42.693] [T6748] [info] CSXSEventQueueManager::CreateEventQueueIfNotExist: create queue 791.1754111502 (CCXP)...
[08/02/25 06:11:45.088] [T7278] [info] CSXSEventQueueManager::CreateEventQueueIfNotExist: create queue 773.1754111505 (ACCC)...
[08/02/25 06:11:45.089] [T7279] [info] CSXSEventQueueManager::CreateEventQueueIfNotExist: create queue 841.1754111505 (ACHP)...
[08/02/25 06:11:45.355] [T7324] [info] CSXSEventQueueManager::CreateEventQueueIfNotExist: create queue 842.1754111505 (ACHP)...
[08/02/25 06:11:45.669] [T7437] [info] CSXSEventQueueManager::CreateEventQueueIfNotExist: create queue 843.1754111505 (ADCS)...
[08/02/25 06:11:46.458] [T7287] [info] CSXSEventQueueManager::RemoveEventQueueByChannel: remove queue 841.1754111505 (ACHP) for channel 6...
[08/02/25 06:11:49.363] [T8217] [info] CSXSEventQueueManager::CreateEventQueueIfNotExist: create queue 902.1754111509 (COSY)...
[08/02/25 06:11:49.784] [T8276] [info] CSXSEventQueueManager::CreateEventQueueIfNotExist: create queue 909.1754111509 (COSY)...
[08/02/25 06:11:52.247] [T8590] [info] CSXSEventQueueManager::CreateEventQueueIfNotExist: create queue 928.1754111512 (CCH_UPI)...
[08/02/25 06:16:54.441] [T8590] [info] CSXSEventQueueManager::RemoveEventQueueByChannel: remove queue 928.1754111512 (CCH_UPI) for channel 14...
[08/03/25 01:23:07.343] [T6748] [info] CSXSEventQueueManager::RemoveEventQueueByChannel: remove queue 791.1754111502 (CCXP) for channel 2...
[08/03/25 01:29:53.906] [T415144] [info] CSXSEventQueueManager::CreateEventQueueIfNotExist: create queue 7576.1754180993 (CCXP)...
[08/03/25 02:09:50.395] [T415144] [info] CSXSEventQueueManager::RemoveEventQueueByChannel: remove queue 7576.1754180993 (CCXP) for channel 2...
[08/03/25 02:10:56.531] [T419814] [info] CSXSEventQueueManager::CreateEventQueueIfNotExist: create queue 7705.1754183456 (CCXP)...
[08/03/25 02:41:59.804] [T419814] [info] CSXSEventQueueManager::RemoveEventQueueByChannel: remove queue 7705.1754183456 (CCXP) for channel 2...
[08/03/25 02:43:01.319] [T431394] [info] CSXSEventQueueManager::CreateEventQueueIfNotExist: create queue 7904.1754185381 (CCXP)...
[08/03/25 03:23:43.502] [T431395] [info] CSXSEventQueueManager::RemoveEventQueueByChannel: remove queue 7904.1754185381 (CCXP) for channel 3...
[08/03/25 03:30:55.448] [T442645] [info] CSXSEventQueueManager::CreateEventQueueIfNotExist: create queue 8149.1754188255 (CCXP)...
[08/03/25 06:14:51.213] [T459064] [info] CSXSEventQueueManager::CreateEventQueueIfNotExist: create queue 8495.1754198091 (CCH_UPI)...
[08/03/25 06:50:59.739] [T459064] [info] CSXSEventQueueManager::RemoveEventQueueByChannel: remove queue 8495.1754198091 (CCH_UPI) for channel 14...
[08/03/25 08:22:35.594] [T7050] [info] AdobeIPCBroker version: 7.2.1
[08/03/25 08:22:35.606] [T7095] [info] CSXSEventQueueManager::CreateEventQueueIfNotExist: create queue 801.1754205755 (CCXP)...
[08/03/25 08:22:36.487] [T7315] [info] CSXSEventQueueManager::CreateEventQueueIfNotExist: create queue 736.1754205756 (ACCC)...
[08/03/25 08:22:36.487] [T7316] [info] CSXSEventQueueManager::CreateEventQueueIfNotExist: create queue 834.1754205756 (ACHP)...
[08/03/25 08:22:36.628] [T7345] [info] CSXSEventQueueManager::CreateEventQueueIfNotExist: create queue 835.1754205756 (ACHP)...
[08/03/25 08:22:36.820] [T7396] [info] CSXSEventQueueManager::CreateEventQueueIfNotExist: create queue 836.1754205756 (ADCS)...
[08/03/25 08:22:37.275] [T7321] [info] CSXSEventQueueManager::RemoveEventQueueByChannel: remove queue 834.1754205756 (ACHP) for channel 10...
[08/03/25 08:22:47.610] [T8431] [info] CSXSEventQueueManager::CreateEventQueueIfNotExist: create queue 916.1754205767 (COSY)...
[08/03/25 08:22:48.854] [T8604] [info] CSXSEventQueueManager::CreateEventQueueIfNotExist: create queue 935.1754205768 (COSY)...
[08/03/25 08:22:51.248] [T8845] [info] CSXSEventQueueManager::CreateEventQueueIfNotExist: create queue 964.1754205771 (CCH_UPI)...
[08/03/25 08:27:52.856] [T8845] [info] CSXSEventQueueManager::RemoveEventQueueByChannel: remove queue 964.1754205771 (CCH_UPI) for channel 23...
[08/04/25 01:50:41.463] [T7095] [info] CSXSEventQueueManager::RemoveEventQueueByChannel: remove queue 801.1754205755 (CCXP) for channel 6...
[08/04/25 01:51:43.523] [T551878] [info] CSXSEventQueueManager::CreateEventQueueIfNotExist: create queue 10375.1754268703 (CCXP)...
[08/04/25 02:30:13.887] [T551878] [info] CSXSEventQueueManager::RemoveEventQueueByChannel: remove queue 10375.1754268703 (CCXP) for channel 6...
[08/04/25 02:31:20.008] [T556256] [info] CSXSEventQueueManager::CreateEventQueueIfNotExist: create queue 10472.1754271080 (CCXP)...
[08/04/25 03:02:20.725] [T556256] [info] CSXSEventQueueManager::RemoveEventQueueByChannel: remove queue 10472.1754271080 (CCXP) for channel 6...
[08/04/25 03:03:21.995] [T567942] [info] CSXSEventQueueManager::CreateEventQueueIfNotExist: create queue 10653.1754273001 (CCXP)...
[08/04/25 04:01:33.323] [T567942] [info] CSXSEventQueueManager::RemoveEventQueueByChannel: remove queue 10653.1754273001 (CCXP) for channel 6...
[08/04/25 04:12:27.290] [T580281] [info] CSXSEventQueueManager::CreateEventQueueIfNotExist: create queue 10946.1754277147 (CCXP)...
[08/04/25 08:19:57.903] [T613408] [info] CSXSEventQueueManager::CreateEventQueueIfNotExist: create queue 11648.1754291997 (CCH_UPI)...
[08/04/25 08:24:59.640] [T613408] [info] CSXSEventQueueManager::RemoveEventQueueByChannel: remove queue 11648.1754291997 (CCH_UPI) for channel 18...
[08/04/25 13:59:30.111] [T7745] [info] AdobeIPCBroker version: 7.2.1
[08/04/25 13:59:30.135] [T7783] [info] CSXSEventQueueManager::CreateEventQueueIfNotExist: create queue 804.1754312369 (CCXP)...
[08/04/25 13:59:30.965] [T7990] [info] CSXSEventQueueManager::CreateEventQueueIfNotExist: create queue 761.1754312370 (ACCC)...
[08/04/25 13:59:30.966] [T7991] [info] CSXSEventQueueManager::CreateEventQueueIfNotExist: create queue 840.1754312370 (ACHP)...
[08/04/25 13:59:31.079] [T8017] [info] CSXSEventQueueManager::CreateEventQueueIfNotExist: create queue 841.1754312371 (ACHP)...
[08/04/25 13:59:31.190] [T8071] [info] CSXSEventQueueManager::CreateEventQueueIfNotExist: create queue 842.1754312371 (ADCS)...
[08/04/25 13:59:32.083] [T7997] [info] CSXSEventQueueManager::RemoveEventQueueByChannel: remove queue 840.1754312370 (ACHP) for channel 11...
[08/04/25 13:59:38.027] [T8824] [info] CSXSEventQueueManager::CreateEventQueueIfNotExist: create queue 910.1754312378 (COSY)...
[08/04/25 13:59:39.337] [T9086] [info] CSXSEventQueueManager::CreateEventQueueIfNotExist: create queue 931.1754312379 (COSY)...
[08/04/25 13:59:42.083] [T9550] [info] CSXSEventQueueManager::CreateEventQueueIfNotExist: create queue 988.1754312382 (CCH_UPI)...
[08/04/25 14:04:44.936] [T9550] [info] CSXSEventQueueManager::RemoveEventQueueByChannel: remove queue 988.1754312382 (CCH_UPI) for channel 24...
[08/05/25 01:32:32.561] [T7793] [info] CSXSEventQueueManager::RemoveEventQueueByChannel: remove queue 804.1754312369 (CCXP) for channel 8...
[08/05/25 01:33:36.510] [T366705] [info] CSXSEventQueueManager::CreateEventQueueIfNotExist: create queue 6602.1754354016 (CCXP)...
[08/05/25 02:04:38.173] [T366706] [info] CSXSEventQueueManager::RemoveEventQueueByChannel: remove queue 6602.1754354016 (CCXP) for channel 8...
[08/05/25 02:05:39.322] [T391101] [info] CSXSEventQueueManager::CreateEventQueueIfNotExist: create queue 7053.1754355939 (CCXP)...
[08/05/25 02:36:39.799] [T391109] [info] CSXSEventQueueManager::RemoveEventQueueByChannel: remove queue 7053.1754355939 (CCXP) for channel 8...
[08/05/25 02:37:41.005] [T412967] [info] CSXSEventQueueManager::CreateEventQueueIfNotExist: create queue 7346.1754357861 (CCXP)...
[08/05/25 03:08:43.155] [T412968] [info] CSXSEventQueueManager::RemoveEventQueueByChannel: remove queue 7346.1754357861 (CCXP) for channel 8...
[08/05/25 03:09:57.610] [T445355] [info] CSXSEventQueueManager::CreateEventQueueIfNotExist: create queue 7949.1754359797 (CCXP)...
[08/05/25 12:01:06.970] [T10676] [info] AdobeIPCBroker version: 7.2.1
[08/05/25 12:01:06.999] [T10727] [info] CSXSEventQueueManager::CreateEventQueueIfNotExist: create queue 791.1754391666 (CCXP)...
[08/05/25 12:01:10.280] [T11223] [info] CSXSEventQueueManager::CreateEventQueueIfNotExist: create queue 868.1754391670 (ACHP)...
[08/05/25 12:01:10.280] [T11224] [info] CSXSEventQueueManager::CreateEventQueueIfNotExist: create queue 741.1754391670 (ACCC)...
[08/05/25 12:01:10.566] [T11302] [info] CSXSEventQueueManager::CreateEventQueueIfNotExist: create queue 873.1754391670 (ACHP)...
[08/05/25 12:01:10.838] [T11416] [info] CSXSEventQueueManager::CreateEventQueueIfNotExist: create queue 875.1754391670 (ADCS)...
[08/05/25 12:01:11.951] [T11232] [info] CSXSEventQueueManager::RemoveEventQueueByChannel: remove queue 868.1754391670 (ACHP) for channel 6...
[08/05/25 12:01:18.135] [T12269] [info] CSXSEventQueueManager::CreateEventQueueIfNotExist: create queue 932.1754391678 (COSY)...
[08/05/25 12:01:18.644] [T12336] [info] CSXSEventQueueManager::CreateEventQueueIfNotExist: create queue 945.1754391678 (COSY)...
[08/05/25 12:01:20.980] [T12670] [info] CSXSEventQueueManager::CreateEventQueueIfNotExist: create queue 974.1754391680 (CCH_UPI)...
[08/05/25 12:06:23.214] [T12670] [info] CSXSEventQueueManager::RemoveEventQueueByChannel: remove queue 974.1754391680 (CCH_UPI) for channel 14...
[08/06/25 01:05:15.542] [T10727] [info] CSXSEventQueueManager::RemoveEventQueueByChannel: remove queue 791.1754391666 (CCXP) for channel 2...
[08/06/25 01:06:21.929] [T486499] [info] CSXSEventQueueManager::CreateEventQueueIfNotExist: create queue 8477.1754438781 (CCXP)...
[08/06/25 01:37:25.320] [T486499] [info] CSXSEventQueueManager::RemoveEventQueueByChannel: remove queue 8477.1754438781 (CCXP) for channel 2...
[08/06/25 01:38:31.762] [T525488] [info] CSXSEventQueueManager::CreateEventQueueIfNotExist: create queue 9125.1754440711 (CCXP)...
[08/06/25 01:47:03.080] [T6882] [info] AdobeIPCBroker version: 7.2.1
[08/06/25 01:47:03.129] [T6899] [info] CSXSEventQueueManager::CreateEventQueueIfNotExist: create queue 778.1754441223 (CCXP)...
[08/06/25 01:47:05.268] [T7592] [info] CSXSEventQueueManager::CreateEventQueueIfNotExist: create queue 740.1754441225 (ACCC)...
[08/06/25 01:47:05.269] [T7593] [info] CSXSEventQueueManager::CreateEventQueueIfNotExist: create queue 862.1754441225 (ACHP)...
[08/06/25 01:47:05.425] [T7635] [info] CSXSEventQueueManager::CreateEventQueueIfNotExist: create queue 866.1754441225 (ACHP)...
[08/06/25 01:47:05.551] [T7709] [info] CSXSEventQueueManager::CreateEventQueueIfNotExist: create queue 874.1754441225 (ADCS)...
[08/06/25 01:47:06.309] [T7601] [info] CSXSEventQueueManager::RemoveEventQueueByChannel: remove queue 862.1754441225 (ACHP) for channel 6...
[08/06/25 01:47:10.727] [T8304] [info] CSXSEventQueueManager::CreateEventQueueIfNotExist: create queue 927.1754441230 (COSY)...
[08/06/25 01:47:11.581] [T8442] [info] CSXSEventQueueManager::CreateEventQueueIfNotExist: create queue 941.1754441231 (COSY)...
[08/06/25 01:47:14.275] [T8774] [info] CSXSEventQueueManager::CreateEventQueueIfNotExist: create queue 964.1754441234 (CCH_UPI)...
[08/06/25 01:52:19.498] [T8853] [info] CSXSEventQueueManager::RemoveEventQueueByChannel: remove queue 964.1754441234 (CCH_UPI) for channel 15...
[08/06/25 02:18:05.000] [T6899] [info] CSXSEventQueueManager::RemoveEventQueueByChannel: remove queue 778.1754441223 (CCXP) for channel 3...
[08/06/25 02:19:11.198] [T43994] [info] CSXSEventQueueManager::CreateEventQueueIfNotExist: create queue 1438.1754443151 (CCXP)...
[08/07/25 00:27:39.775] [T6709] [info] AdobeIPCBroker version: 7.2.1
[08/07/25 00:27:39.884] [T6813] [info] CSXSEventQueueManager::CreateEventQueueIfNotExist: create queue 751.1754522859 (CCXP)...
[08/07/25 00:27:44.716] [T7715] [info] CSXSEventQueueManager::CreateEventQueueIfNotExist: create queue 871.1754522864 (ACHP)...
[08/07/25 00:27:44.716] [T7716] [info] CSXSEventQueueManager::CreateEventQueueIfNotExist: create queue 718.1754522864 (ACCC)...
[08/07/25 00:27:44.952] [T7774] [info] CSXSEventQueueManager::CreateEventQueueIfNotExist: create queue 881.1754522864 (ACHP)...
[08/07/25 00:27:45.473] [T7941] [info] CSXSEventQueueManager::CreateEventQueueIfNotExist: create queue 882.1754522865 (ADCS)...
[08/07/25 00:27:45.764] [T7729] [info] CSXSEventQueueManager::RemoveEventQueueByChannel: remove queue 871.1754522864 (ACHP) for channel 14...
[08/07/25 00:27:55.194] [T9117] [info] CSXSEventQueueManager::CreateEventQueueIfNotExist: create queue 954.1754522875 (COSY)...
[08/07/25 00:27:58.590] [T9326] [info] CSXSEventQueueManager::CreateEventQueueIfNotExist: create queue 990.1754522878 (COSY)...
[08/07/25 00:28:01.038] [T9674] [info] CSXSEventQueueManager::CreateEventQueueIfNotExist: create queue 1018.1754522881 (CCH_UPI)...
[08/07/25 00:33:04.779] [T9674] [info] CSXSEventQueueManager::RemoveEventQueueByChannel: remove queue 1018.1754522881 (CCH_UPI) for channel 22...
[08/07/25 01:45:23.307] [T6813] [info] CSXSEventQueueManager::RemoveEventQueueByChannel: remove queue 751.1754522859 (CCXP) for channel 2...
[08/07/25 01:57:23.915] [T83690] [info] CSXSEventQueueManager::CreateEventQueueIfNotExist: create queue 2551.1754528243 (CCXP)...
[08/07/25 02:28:24.852] [T83690] [info] CSXSEventQueueManager::RemoveEventQueueByChannel: remove queue 2551.1754528243 (CCXP) for channel 2...
[08/07/25 02:29:40.038] [T115873] [info] CSXSEventQueueManager::CreateEventQueueIfNotExist: create queue 3165.1754530180 (CCXP)...
[08/07/25 03:00:44.443] [T115873] [info] CSXSEventQueueManager::RemoveEventQueueByChannel: remove queue 3165.1754530180 (CCXP) for channel 2...
[08/07/25 03:01:46.467] [T149517] [info] CSXSEventQueueManager::CreateEventQueueIfNotExist: create queue 3895.1754532106 (CCXP)...
[08/07/25 03:32:49.133] [T149519] [info] CSXSEventQueueManager::RemoveEventQueueByChannel: remove queue 3895.1754532106 (CCXP) for channel 3...
[08/07/25 03:33:56.154] [T178335] [info] CSXSEventQueueManager::CreateEventQueueIfNotExist: create queue 4128.1754534036 (CCXP)...
[08/07/25 07:29:36.819] [T6861] [info] AdobeIPCBroker version: 7.2.1
[08/07/25 07:29:36.868] [T6872] [info] CSXSEventQueueManager::CreateEventQueueIfNotExist: create queue 781.1754548176 (CCXP)...
[08/07/25 07:29:40.059] [T7454] [info] CSXSEventQueueManager::CreateEventQueueIfNotExist: create queue 854.1754548180 (ACHP)...
[08/07/25 07:29:40.059] [T7455] [info] CSXSEventQueueManager::CreateEventQueueIfNotExist: create queue 740.1754548180 (ACCC)...
[08/07/25 07:29:40.209] [T7521] [info] CSXSEventQueueManager::CreateEventQueueIfNotExist: create queue 857.1754548180 (ACHP)...
[08/07/25 07:29:40.360] [T7574] [info] CSXSEventQueueManager::CreateEventQueueIfNotExist: create queue 858.1754548180 (ADCS)...
[08/07/25 07:29:41.433] [T7459] [info] CSXSEventQueueManager::RemoveEventQueueByChannel: remove queue 854.1754548180 (ACHP) for channel 6...
[08/07/25 07:29:46.049] [T8140] [info] CSXSEventQueueManager::CreateEventQueueIfNotExist: create queue 906.1754548186 (COSY)...
[08/07/25 07:29:46.833] [T8252] [info] CSXSEventQueueManager::CreateEventQueueIfNotExist: create queue 917.1754548186 (COSY)...
[08/07/25 07:29:49.836] [T8665] [info] CSXSEventQueueManager::CreateEventQueueIfNotExist: create queue 948.1754548189 (CCH_UPI)...
[08/07/25 07:34:52.056] [T8665] [info] CSXSEventQueueManager::RemoveEventQueueByChannel: remove queue 948.1754548189 (CCH_UPI) for channel 14...
[08/07/25 15:56:03.220] [T9028] [info] AdobeIPCBroker version: 7.2.1
[08/07/25 15:56:03.261] [T9068] [info] CSXSEventQueueManager::CreateEventQueueIfNotExist: create queue 810.1754578563 (CCXP)...
[08/07/25 15:56:05.404] [T9452] [info] CSXSEventQueueManager::CreateEventQueueIfNotExist: create queue 737.1754578565 (ACCC)...
[08/07/25 15:56:05.404] [T9451] [info] CSXSEventQueueManager::CreateEventQueueIfNotExist: create queue 870.1754578565 (ACHP)...
[08/07/25 15:56:05.533] [T9496] [info] CSXSEventQueueManager::CreateEventQueueIfNotExist: create queue 876.1754578565 (ACHP)...
[08/07/25 15:56:05.767] [T9575] [info] CSXSEventQueueManager::CreateEventQueueIfNotExist: create queue 877.1754578565 (ADCS)...
[08/07/25 15:56:07.608] [T9465] [info] CSXSEventQueueManager::RemoveEventQueueByChannel: remove queue 870.1754578565 (ACHP) for channel 6...
[08/07/25 15:56:15.263] [T10611] [info] CSXSEventQueueManager::CreateEventQueueIfNotExist: create queue 956.1754578575 (COSY)...
[08/07/25 15:56:15.959] [T10714] [info] CSXSEventQueueManager::CreateEventQueueIfNotExist: create queue 968.1754578575 (COSY)...
[08/07/25 15:56:17.980] [T10965] [info] CSXSEventQueueManager::CreateEventQueueIfNotExist: create queue 990.1754578577 (CCH_UPI)...
[08/07/25 16:01:18.803] [T10965] [info] CSXSEventQueueManager::RemoveEventQueueByChannel: remove queue 990.1754578577 (CCH_UPI) for channel 14...
[08/08/25 01:32:16.888] [T9068] [info] CSXSEventQueueManager::RemoveEventQueueByChannel: remove queue 810.1754578563 (CCXP) for channel 2...
[08/08/25 01:33:32.082] [T309200] [info] CSXSEventQueueManager::CreateEventQueueIfNotExist: create queue 6261.1754613212 (CCXP)...
[08/08/25 02:04:35.754] [T309203] [info] CSXSEventQueueManager::RemoveEventQueueByChannel: remove queue 6261.1754613212 (CCXP) for channel 3...
[08/08/25 02:05:42.864] [T318394] [info] CSXSEventQueueManager::CreateEventQueueIfNotExist: create queue 6446.1754615142 (CCXP)...
[08/08/25 02:36:43.555] [T318399] [info] CSXSEventQueueManager::RemoveEventQueueByChannel: remove queue 6446.1754615142 (CCXP) for channel 3...
[08/08/25 02:37:49.915] [T341334] [info] CSXSEventQueueManager::CreateEventQueueIfNotExist: create queue 6644.1754617069 (CCXP)...
[08/08/25 03:08:50.600] [T341337] [info] CSXSEventQueueManager::RemoveEventQueueByChannel: remove queue 6644.1754617069 (CCXP) for channel 3...
[08/08/25 03:10:01.692] [T367025] [info] CSXSEventQueueManager::CreateEventQueueIfNotExist: create queue 7058.1754619001 (CCXP)...
[08/08/25 05:18:43.257] [T7060] [info] AdobeIPCBroker version: 7.2.1
[08/08/25 05:18:43.302] [T7074] [info] CSXSEventQueueManager::CreateEventQueueIfNotExist: create queue 809.1754626723 (CCXP)...
[08/08/25 05:18:44.478] [T7412] [info] CSXSEventQueueManager::CreateEventQueueIfNotExist: create queue 851.1754626724 (ACHP)...
[08/08/25 05:18:44.478] [T7413] [info] CSXSEventQueueManager::CreateEventQueueIfNotExist: create queue 759.1754626724 (ACCC)...
[08/08/25 05:18:44.582] [T7470] [info] CSXSEventQueueManager::CreateEventQueueIfNotExist: create queue 858.1754626724 (ACHP)...
[08/08/25 05:18:45.003] [T7759] [info] CSXSEventQueueManager::CreateEventQueueIfNotExist: create queue 864.1754626725 (ADCS)...
[08/08/25 05:18:46.806] [T7441] [info] CSXSEventQueueManager::RemoveEventQueueByChannel: remove queue 851.1754626724 (ACHP) for channel 6...
[08/08/25 05:18:52.108] [T8488] [info] CSXSEventQueueManager::CreateEventQueueIfNotExist: create queue 926.1754626732 (COSY)...
[08/08/25 05:18:52.652] [T8579] [info] CSXSEventQueueManager::CreateEventQueueIfNotExist: create queue 935.1754626732 (COSY)...
[08/08/25 05:18:55.004] [T8905] [info] CSXSEventQueueManager::CreateEventQueueIfNotExist: create queue 953.1754626735 (CCH_UPI)...
[08/08/25 05:23:57.130] [T8918] [info] CSXSEventQueueManager::RemoveEventQueueByChannel: remove queue 953.1754626735 (CCH_UPI) for channel 15...
[08/08/25 17:44:46.280] [T6755] [info] AdobeIPCBroker version: 7.2.1
[08/08/25 17:44:46.285] [T6762] [info] CSXSEventQueueManager::CreateEventQueueIfNotExist: create queue 790.1754671486 (CCXP)...
[08/08/25 17:44:50.486] [T7800] [info] CSXSEventQueueManager::CreateEventQueueIfNotExist: create queue 757.1754671490 (ACCC)...
[08/08/25 17:44:50.486] [T7801] [info] CSXSEventQueueManager::CreateEventQueueIfNotExist: create queue 887.1754671490 (ACHP)...
[08/08/25 17:44:50.621] [T7843] [info] CSXSEventQueueManager::CreateEventQueueIfNotExist: create queue 891.1754671490 (ACHP)...
[08/08/25 17:44:50.894] [T7962] [info] CSXSEventQueueManager::CreateEventQueueIfNotExist: create queue 896.1754671490 (ADCS)...
[08/08/25 17:44:51.425] [T7808] [info] CSXSEventQueueManager::RemoveEventQueueByChannel: remove queue 887.1754671490 (ACHP) for channel 6...
[08/08/25 17:44:58.541] [T8711] [info] CSXSEventQueueManager::CreateEventQueueIfNotExist: create queue 958.1754671498 (COSY)...
[08/08/25 17:44:58.900] [T8790] [info] CSXSEventQueueManager::CreateEventQueueIfNotExist: create queue 972.1754671498 (COSY)...
[08/08/25 17:45:01.444] [T9106] [info] CSXSEventQueueManager::CreateEventQueueIfNotExist: create queue 1002.1754671501 (CCH_UPI)...
[08/08/25 17:50:03.690] [T9106] [info] CSXSEventQueueManager::RemoveEventQueueByChannel: remove queue 1002.1754671501 (CCH_UPI) for channel 14...
[08/08/25 22:01:17.075] [T6685] [info] AdobeIPCBroker version: 7.2.1
[08/08/25 22:01:17.118] [T6732] [info] CSXSEventQueueManager::CreateEventQueueIfNotExist: create queue 756.1754686876 (CCXP)...
[08/08/25 22:01:21.467] [T7680] [info] CSXSEventQueueManager::CreateEventQueueIfNotExist: create queue 723.1754686881 (ACCC)...
[08/08/25 22:01:21.467] [T7681] [info] CSXSEventQueueManager::CreateEventQueueIfNotExist: create queue 855.1754686881 (ACHP)...
[08/08/25 22:01:21.598] [T7723] [info] CSXSEventQueueManager::CreateEventQueueIfNotExist: create queue 860.1754686881 (ACHP)...
[08/08/25 22:01:22.067] [T7837] [info] CSXSEventQueueManager::CreateEventQueueIfNotExist: create queue 862.1754686882 (ADCS)...
[08/08/25 22:01:22.803] [T7691] [info] CSXSEventQueueManager::RemoveEventQueueByChannel: remove queue 855.1754686881 (ACHP) for channel 6...
[08/08/25 22:01:27.629] [T8471] [info] CSXSEventQueueManager::CreateEventQueueIfNotExist: create queue 917.1754686887 (COSY)...
[08/08/25 22:01:27.947] [T8521] [info] CSXSEventQueueManager::CreateEventQueueIfNotExist: create queue 928.1754686887 (COSY)...
[08/08/25 22:01:30.314] [T8856] [info] CSXSEventQueueManager::CreateEventQueueIfNotExist: create queue 964.1754686890 (CCH_UPI)...
[08/08/25 22:06:33.060] [T8856] [info] CSXSEventQueueManager::RemoveEventQueueByChannel: remove queue 964.1754686890 (CCH_UPI) for channel 14...
[08/09/25 01:32:19.387] [T6732] [info] CSXSEventQueueManager::RemoveEventQueueByChannel: remove queue 756.1754686876 (CCXP) for channel 2...
[08/09/25 01:33:20.924] [T182044] [info] CSXSEventQueueManager::CreateEventQueueIfNotExist: create queue 4474.1754699600 (CCXP)...
[08/09/25 02:04:21.369] [T182044] [info] CSXSEventQueueManager::RemoveEventQueueByChannel: remove queue 4474.1754699600 (CCXP) for channel 2...
[08/09/25 02:05:32.831] [T210637] [info] CSXSEventQueueManager::CreateEventQueueIfNotExist: create queue 5184.1754701532 (CCXP)...
[08/09/25 02:36:34.377] [T210637] [info] CSXSEventQueueManager::RemoveEventQueueByChannel: remove queue 5184.1754701532 (CCXP) for channel 2...
[08/09/25 02:37:38.620] [T232120] [info] CSXSEventQueueManager::CreateEventQueueIfNotExist: create queue 5625.1754703458 (CCXP)...
[08/09/25 03:08:39.907] [T232120] [info] CSXSEventQueueManager::RemoveEventQueueByChannel: remove queue 5625.1754703458 (CCXP) for channel 2...
[08/09/25 03:09:42.970] [T257533] [info] CSXSEventQueueManager::CreateEventQueueIfNotExist: create queue 6162.1754705382 (CCXP)...
[08/09/25 22:10:24.206] [T673298] [info] CSXSEventQueueManager::CreateEventQueueIfNotExist: create queue 13452.1754773824 (CCH_UPI)...
[08/09/25 22:23:53.530] [T673298] [info] CSXSEventQueueManager::RemoveEventQueueByChannel: remove queue 13452.1754773824 (CCH_UPI) for channel 14...
[08/10/25 01:12:21.778] [T257533] [info] CSXSEventQueueManager::RemoveEventQueueByChannel: remove queue 6162.1754705382 (CCXP) for channel 2...
[08/10/25 01:13:24.217] [T909474] [info] CSXSEventQueueManager::CreateEventQueueIfNotExist: create queue 15000.1754784804 (CCXP)...
[08/10/25 01:44:25.980] [T909476] [info] CSXSEventQueueManager::RemoveEventQueueByChannel: remove queue 15000.1754784804 (CCXP) for channel 3...
[08/10/25 01:45:27.671] [T928549] [info] CSXSEventQueueManager::CreateEventQueueIfNotExist: create queue 15223.1754786727 (CCXP)...
[08/10/25 02:16:28.223] [T928549] [info] CSXSEventQueueManager::RemoveEventQueueByChannel: remove queue 15223.1754786727 (CCXP) for channel 2...
[08/10/25 02:17:41.093] [T983024] [info] CSXSEventQueueManager::CreateEventQueueIfNotExist: create queue 15922.1754788661 (CCXP)...
[08/10/25 02:48:42.046] [T983027] [info] CSXSEventQueueManager::RemoveEventQueueByChannel: remove queue 15922.1754788661 (CCXP) for channel 3...
[08/10/25 02:49:57.055] [T1046134] [info] CSXSEventQueueManager::CreateEventQueueIfNotExist: create queue 16500.1754790597 (CCXP)...
[08/10/25 08:34:08.074] [T9328] [info] AdobeIPCBroker version: 7.2.1
[08/10/25 08:34:08.127] [T9369] [info] CSXSEventQueueManager::CreateEventQueueIfNotExist: create queue 807.1754811247 (CCXP)...
[08/10/25 08:34:09.491] [T9681] [info] CSXSEventQueueManager::CreateEventQueueIfNotExist: create queue 750.1754811249 (ACCC)...
[08/10/25 08:34:09.491] [T9680] [info] CSXSEventQueueManager::CreateEventQueueIfNotExist: create queue 849.1754811249 (ACHP)...
[08/10/25 08:34:09.599] [T9736] [info] CSXSEventQueueManager::CreateEventQueueIfNotExist: create queue 853.1754811249 (ACHP)...
[08/10/25 08:34:09.719] [T9803] [info] CSXSEventQueueManager::CreateEventQueueIfNotExist: create queue 854.1754811249 (ADCS)...
[08/10/25 08:34:10.588] [T9692] [info] CSXSEventQueueManager::RemoveEventQueueByChannel: remove queue 849.1754811249 (ACHP) for channel 10...
[08/10/25 08:34:29.733] [T13123] [info] CSXSEventQueueManager::CreateEventQueueIfNotExist: create queue 962.1754811269 (COSY)...
[08/10/25 08:34:31.017] [T13278] [info] CSXSEventQueueManager::CreateEventQueueIfNotExist: create queue 994.1754811271 (COSY)...
[08/10/25 08:34:35.838] [T13922] [info] CSXSEventQueueManager::CreateEventQueueIfNotExist: create queue 1009.1754811275 (CCH_UPI)...
[08/10/25 08:39:39.551] [T13965] [info] CSXSEventQueueManager::RemoveEventQueueByChannel: remove queue 1009.1754811275 (CCH_UPI) for channel 24...
[08/10/25 20:01:54.743] [T7162] [info] AdobeIPCBroker version: 7.2.1
[08/10/25 20:01:54.787] [T7204] [info] CSXSEventQueueManager::CreateEventQueueIfNotExist: create queue 759.1754852514 (CCXP)...
[08/10/25 20:01:57.252] [T7980] [info] CSXSEventQueueManager::CreateEventQueueIfNotExist: create queue 822.1754852517 (ACHP)...
[08/10/25 20:01:57.252] [T7979] [info] CSXSEventQueueManager::CreateEventQueueIfNotExist: create queue 713.1754852517 (ACCC)...
[08/10/25 20:01:57.430] [T8025] [info] CSXSEventQueueManager::CreateEventQueueIfNotExist: create queue 829.1754852517 (ACHP)...
[08/10/25 20:01:58.431] [T7993] [info] CSXSEventQueueManager::RemoveEventQueueByChannel: remove queue 822.1754852517 (ACHP) for channel 6...
[08/10/25 20:01:58.557] [T8240] [info] CSXSEventQueueManager::CreateEventQueueIfNotExist: create queue 831.1754852518 (ADCS)...
[08/10/25 20:02:14.486] [T10526] [info] CSXSEventQueueManager::CreateEventQueueIfNotExist: create queue 985.1754852534 (COSY)...
[08/10/25 20:02:14.999] [T10583] [info] CSXSEventQueueManager::CreateEventQueueIfNotExist: create queue 995.1754852534 (COSY)...
[08/10/25 20:02:18.262] [T10963] [info] CSXSEventQueueManager::CreateEventQueueIfNotExist: create queue 1013.1754852538 (CCH_UPI)...
[08/10/25 20:07:20.912] [T10963] [info] CSXSEventQueueManager::RemoveEventQueueByChannel: remove queue 1013.1754852538 (CCH_UPI) for channel 14...
[08/10/25 20:35:08.676] [T6762] [info] AdobeIPCBroker version: 7.2.1
[08/10/25 20:35:08.710] [T6811] [info] CSXSEventQueueManager::CreateEventQueueIfNotExist: create queue 770.1754854508 (CCXP)...
[08/10/25 20:35:10.869] [T7482] [info] CSXSEventQueueManager::CreateEventQueueIfNotExist: create queue 844.1754854510 (ACHP)...
[08/10/25 20:35:10.869] [T7483] [info] CSXSEventQueueManager::CreateEventQueueIfNotExist: create queue 725.1754854510 (ACCC)...
[08/10/25 20:35:11.170] [T7574] [info] CSXSEventQueueManager::CreateEventQueueIfNotExist: create queue 855.1754854511 (ACHP)...
[08/10/25 20:35:12.023] [T7489] [info] CSXSEventQueueManager::RemoveEventQueueByChannel: remove queue 844.1754854510 (ACHP) for channel 6...
[08/10/25 20:35:14.221] [T7829] [info] CSXSEventQueueManager::CreateEventQueueIfNotExist: create queue 872.1754854514 (ADCS)...
[08/10/25 20:35:22.389] [T9017] [info] CSXSEventQueueManager::CreateEventQueueIfNotExist: create queue 936.1754854522 (COSY)...
[08/10/25 20:35:23.253] [T9165] [info] CSXSEventQueueManager::CreateEventQueueIfNotExist: create queue 947.1754854523 (COSY)...
[08/10/25 20:35:25.045] [T9428] [info] CSXSEventQueueManager::CreateEventQueueIfNotExist: create queue 979.1754854525 (CCH_UPI)...
[08/10/25 20:40:26.643] [T9450] [info] CSXSEventQueueManager::RemoveEventQueueByChannel: remove queue 979.1754854525 (CCH_UPI) for channel 15...
[08/11/25 01:17:24.252] [T6763] [info] AdobeIPCBroker version: 7.2.1
[08/11/25 01:17:24.299] [T6819] [info] CSXSEventQueueManager::CreateEventQueueIfNotExist: create queue 779.1754871444 (CCXP)...
[08/11/25 01:17:25.920] [T7346] [info] CSXSEventQueueManager::CreateEventQueueIfNotExist: create queue 735.1754871445 (ACCC)...
[08/11/25 01:17:25.920] [T7347] [info] CSXSEventQueueManager::CreateEventQueueIfNotExist: create queue 831.1754871445 (ACHP)...
[08/11/25 01:17:26.246] [T7438] [info] CSXSEventQueueManager::CreateEventQueueIfNotExist: create queue 844.1754871446 (ACHP)...
[08/11/25 01:17:26.357] [T7488] [info] CSXSEventQueueManager::CreateEventQueueIfNotExist: create queue 849.1754871446 (ADCS)...
[08/11/25 01:17:27.402] [T7357] [info] CSXSEventQueueManager::RemoveEventQueueByChannel: remove queue 831.1754871445 (ACHP) for channel 6...
[08/11/25 01:17:34.525] [T8447] [info] CSXSEventQueueManager::CreateEventQueueIfNotExist: create queue 929.1754871454 (COSY)...
[08/11/25 01:17:35.042] [T8576] [info] CSXSEventQueueManager::CreateEventQueueIfNotExist: create queue 939.1754871455 (COSY)...
[08/11/25 01:17:37.485] [T8991] [info] CSXSEventQueueManager::CreateEventQueueIfNotExist: create queue 973.1754871457 (CCH_UPI)...
[08/11/25 01:22:42.179] [T8991] [info] CSXSEventQueueManager::RemoveEventQueueByChannel: remove queue 973.1754871457 (CCH_UPI) for channel 14...
[08/11/25 01:48:25.970] [T6832] [info] CSXSEventQueueManager::RemoveEventQueueByChannel: remove queue 779.1754871444 (CCXP) for channel 3...
[08/11/25 01:49:32.151] [T50167] [info] CSXSEventQueueManager::CreateEventQueueIfNotExist: create queue 1355.1754873372 (CCXP)...
[08/11/25 02:20:34.564] [T50167] [info] CSXSEventQueueManager::RemoveEventQueueByChannel: remove queue 1355.1754873372 (CCXP) for channel 2...
[08/11/25 02:21:37.841] [T89837] [info] CSXSEventQueueManager::CreateEventQueueIfNotExist: create queue 1741.1754875297 (CCXP)...
[08/11/25 02:52:40.309] [T89837] [info] CSXSEventQueueManager::RemoveEventQueueByChannel: remove queue 1741.1754875297 (CCXP) for channel 2...
[08/11/25 02:53:52.299] [T114289] [info] CSXSEventQueueManager::CreateEventQueueIfNotExist: create queue 2364.1754877232 (CCXP)...
[08/12/25 01:14:43.501] [T2848940] [info] CSXSEventQueueManager::CreateEventQueueIfNotExist: create queue 13512.1754957683 (CCH_UPI)...
[08/12/25 01:19:50.402] [T2848940] [info] CSXSEventQueueManager::RemoveEventQueueByChannel: remove queue 13512.1754957683 (CCH_UPI) for channel 14...
[08/12/25 01:26:16.469] [T114295] [info] CSXSEventQueueManager::RemoveEventQueueByChannel: remove queue 2364.1754877232 (CCXP) for channel 3...
[08/12/25 01:27:23.721] [T2870742] [info] CSXSEventQueueManager::CreateEventQueueIfNotExist: create queue 13578.1754958443 (CCXP)...
[08/12/25 01:58:24.526] [T2870745] [info] CSXSEventQueueManager::RemoveEventQueueByChannel: remove queue 13578.1754958443 (CCXP) for channel 3...
[08/12/25 01:59:32.330] [T2939661] [info] CSXSEventQueueManager::CreateEventQueueIfNotExist: create queue 13776.1754960372 (CCXP)...
[08/12/25 02:30:32.870] [T2939668] [info] CSXSEventQueueManager::RemoveEventQueueByChannel: remove queue 13776.1754960372 (CCXP) for channel 3...
[08/12/25 02:31:41.216] [T3006953] [info] CSXSEventQueueManager::CreateEventQueueIfNotExist: create queue 14013.1754962301 (CCXP)...
[08/12/25 03:02:42.255] [T3006954] [info] CSXSEventQueueManager::RemoveEventQueueByChannel: remove queue 14013.1754962301 (CCXP) for channel 3...
[08/12/25 03:03:45.825] [T3073165] [info] CSXSEventQueueManager::CreateEventQueueIfNotExist: create queue 14250.1754964225 (CCXP)...
[08/12/25 08:39:56.079] [T7393] [info] AdobeIPCBroker version: 7.2.1
[08/12/25 08:39:56.118] [T7425] [info] CSXSEventQueueManager::CreateEventQueueIfNotExist: create queue 810.1754984395 (CCXP)...
[08/12/25 08:39:59.283] [T8230] [info] CSXSEventQueueManager::CreateEventQueueIfNotExist: create queue 872.1754984399 (ACHP)...
[08/12/25 08:39:59.283] [T8229] [info] CSXSEventQueueManager::CreateEventQueueIfNotExist: create queue 758.1754984399 (ACCC)...
[08/12/25 08:39:59.460] [T8285] [info] CSXSEventQueueManager::CreateEventQueueIfNotExist: create queue 876.1754984399 (ACHP)...
[08/12/25 08:39:59.709] [T8391] [info] CSXSEventQueueManager::CreateEventQueueIfNotExist: create queue 879.1754984399 (ADCS)...
[08/12/25 08:40:00.893] [T8234] [info] CSXSEventQueueManager::RemoveEventQueueByChannel: remove queue 872.1754984399 (ACHP) for channel 10...
[08/12/25 08:40:09.296] [T9826] [info] CSXSEventQueueManager::CreateEventQueueIfNotExist: create queue 962.1754984409 (COSY)...
[08/12/25 08:40:09.981] [T10034] [info] CSXSEventQueueManager::CreateEventQueueIfNotExist: create queue 985.1754984409 (COSY)...
[08/12/25 08:40:14.292] [T10833] [info] CSXSEventQueueManager::CreateEventQueueIfNotExist: create queue 1043.1754984414 (CCH_UPI)...
[08/12/25 08:45:15.527] [T10851] [info] CSXSEventQueueManager::RemoveEventQueueByChannel: remove queue 1043.1754984414 (CCH_UPI) for channel 24...
[08/13/25 01:10:59.082] [T7440] [info] CSXSEventQueueManager::RemoveEventQueueByChannel: remove queue 810.1754984395 (CCXP) for channel 7...
[08/13/25 01:12:01.822] [T2423338] [info] CSXSEventQueueManager::CreateEventQueueIfNotExist: create queue 12217.1755043921 (CCXP)...
[08/13/25 01:43:02.950] [T2423341] [info] CSXSEventQueueManager::RemoveEventQueueByChannel: remove queue 12217.1755043921 (CCXP) for channel 7...
[08/13/25 01:44:10.075] [T2494747] [info] CSXSEventQueueManager::CreateEventQueueIfNotExist: create queue 12518.1755045850 (CCXP)...
[08/13/25 02:15:12.517] [T2494749] [info] CSXSEventQueueManager::RemoveEventQueueByChannel: remove queue 12518.1755045850 (CCXP) for channel 7...
[08/13/25 02:16:15.248] [T2575668] [info] CSXSEventQueueManager::CreateEventQueueIfNotExist: create queue 12829.1755047775 (CCXP)...
[08/13/25 02:47:15.997] [T2575668] [info] CSXSEventQueueManager::RemoveEventQueueByChannel: remove queue 12829.1755047775 (CCXP) for channel 6...
[08/13/25 02:48:21.758] [T2662766] [info] CSXSEventQueueManager::CreateEventQueueIfNotExist: create queue 13182.1755049701 (CCXP)...
[08/13/25 08:37:17.674] [T3452150] [info] CSXSEventQueueManager::CreateEventQueueIfNotExist: create queue 16005.1755070637 (CCH_UPI)...
[08/13/25 08:37:21.674] [T2662766] [info] CSXSEventQueueManager::RemoveEventQueueByChannel: remove queue 13182.1755049701 (CCXP) for channel 6...
[08/13/25 08:37:52.224] [T3454114] [info] CSXSEventQueueManager::CreateEventQueueIfNotExist: create queue 16124.1755070672 (CCXP)...
[08/13/25 08:42:25.900] [T3452150] [info] CSXSEventQueueManager::RemoveEventQueueByChannel: remove queue 16005.1755070637 (CCH_UPI) for channel 18...
[08/13/25 16:22:19.969] [T7609] [info] AdobeIPCBroker version: 7.2.1
[08/13/25 16:22:20.002] [T7723] [info] CSXSEventQueueManager::CreateEventQueueIfNotExist: create queue 753.1755098539 (CCXP)...
[08/13/25 16:22:23.520] [T8416] [info] CSXSEventQueueManager::CreateEventQueueIfNotExist: create queue 856.1755098543 (ACHP)...
[08/13/25 16:22:23.520] [T8418] [info] CSXSEventQueueManager::CreateEventQueueIfNotExist: create queue 702.1755098543 (ACCC)...
[08/13/25 16:22:23.949] [T8524] [info] CSXSEventQueueManager::CreateEventQueueIfNotExist: create queue 875.1755098543 (ACHP)...
[08/13/25 16:22:24.435] [T8654] [info] CSXSEventQueueManager::CreateEventQueueIfNotExist: create queue 881.1755098544 (ADCS)...
[08/13/25 16:22:25.126] [T8432] [info] CSXSEventQueueManager::RemoveEventQueueByChannel: remove queue 856.1755098543 (ACHP) for channel 10...
[08/13/25 16:22:27.902] [T9330] [info] CSXSEventQueueManager::CreateEventQueueIfNotExist: create queue 912.1755098547 (COSY)...
[08/13/25 16:22:29.285] [T9613] [info] CSXSEventQueueManager::CreateEventQueueIfNotExist: create queue 923.1755098549 (COSY)...
[08/13/25 16:22:30.750] [T9936] [info] CSXSEventQueueManager::CreateEventQueueIfNotExist: create queue 964.1755098550 (CCH_UPI)...
[08/13/25 16:27:33.143] [T9936] [info] CSXSEventQueueManager::RemoveEventQueueByChannel: remove queue 964.1755098550 (CCH_UPI) for channel 23...
[08/14/25 01:23:21.007] [T7735] [info] CSXSEventQueueManager::RemoveEventQueueByChannel: remove queue 753.1755098539 (CCXP) for channel 8...
[08/14/25 01:24:23.522] [T1181394] [info] CSXSEventQueueManager::CreateEventQueueIfNotExist: create queue 3360.1755131063 (CCXP)...
[08/14/25 01:55:24.200] [T1181395] [info] CSXSEventQueueManager::RemoveEventQueueByChannel: remove queue 3360.1755131063 (CCXP) for channel 8...
[08/14/25 01:56:33.922] [T1249234] [info] CSXSEventQueueManager::CreateEventQueueIfNotExist: create queue 3487.1755132993 (CCXP)...
[08/14/25 02:27:35.109] [T1249234] [info] CSXSEventQueueManager::RemoveEventQueueByChannel: remove queue 3487.1755132993 (CCXP) for channel 6...
[08/14/25 02:28:36.106] [T1331942] [info] CSXSEventQueueManager::CreateEventQueueIfNotExist: create queue 3898.1755134916 (CCXP)...
[08/14/25 02:59:36.887] [T1331942] [info] CSXSEventQueueManager::RemoveEventQueueByChannel: remove queue 3898.1755134916 (CCXP) for channel 6...
[08/14/25 03:00:39.369] [T1411676] [info] CSXSEventQueueManager::CreateEventQueueIfNotExist: create queue 4164.1755136839 (CCXP)...
[08/14/25 16:19:34.822] [T8524] [info] CSXSEventQueueManager::RemoveEventQueueByChannel: remove queue 875.1755098543 (ACHP) for channel 11...
[08/14/25 16:19:36.005] [T3327441] [info] CSXSEventQueueManager::CreateEventQueueIfNotExist: create queue 14477.1755184776 (CCH_UPI)...
[08/14/25 16:19:36.834] [T3327535] [info] CSXSEventQueueManager::CreateEventQueueIfNotExist: create queue 14475.1755184776 (ACHP)...
[08/14/25 16:24:45.872] [T3327480] [info] CSXSEventQueueManager::RemoveEventQueueByChannel: remove queue 14477.1755184776 (CCH_UPI) for channel 12...
[08/14/25 18:08:09.632] [T9677] [info] AdobeIPCBroker version: 7.2.1
[08/14/25 18:08:09.648] [T9686] [info] CSXSEventQueueManager::CreateEventQueueIfNotExist: create queue 931.1755191289 (CCXP)...
[08/14/25 18:08:12.160] [T10319] [info] CSXSEventQueueManager::CreateEventQueueIfNotExist: create queue 915.1755191292 (ACCC)...
[08/14/25 18:08:12.160] [T10320] [info] CSXSEventQueueManager::CreateEventQueueIfNotExist: create queue 976.1755191292 (ACHP)...
[08/14/25 18:08:12.351] [T10365] [info] CSXSEventQueueManager::CreateEventQueueIfNotExist: create queue 980.1755191292 (ACHP)...
[08/14/25 18:08:12.656] [T10432] [info] CSXSEventQueueManager::CreateEventQueueIfNotExist: create queue 981.1755191292 (ADCS)...
[08/14/25 18:08:16.240] [T11290] [info] CSXSEventQueueManager::CreateEventQueueIfNotExist: create queue 1012.1755191296 (COSY)...
[08/14/25 18:08:16.705] [T10330] [info] CSXSEventQueueManager::RemoveEventQueueByChannel: remove queue 976.1755191292 (ACHP) for channel 6...
[08/14/25 18:08:17.935] [T11460] [info] CSXSEventQueueManager::CreateEventQueueIfNotExist: create queue 1024.1755191297 (COSY)...
[08/14/25 18:08:20.856] [T11724] [info] CSXSEventQueueManager::CreateEventQueueIfNotExist: create queue 1033.1755191300 (CCH_UPI)...
[08/14/25 18:13:22.028] [T11753] [info] CSXSEventQueueManager::RemoveEventQueueByChannel: remove queue 1033.1755191300 (CCH_UPI) for channel 15...
[08/15/25 00:24:06.417] [T11231] [info] AdobeIPCBroker version: 7.2.1
[08/15/25 00:24:06.470] [T11267] [info] CSXSEventQueueManager::CreateEventQueueIfNotExist: create queue 952.1755213846 (CCXP)...
[08/15/25 00:24:09.935] [T12071] [info] CSXSEventQueueManager::CreateEventQueueIfNotExist: create queue 1012.1755213849 (ACHP)...
[08/15/25 00:24:09.935] [T12069] [info] CSXSEventQueueManager::CreateEventQueueIfNotExist: create queue 940.1755213849 (ACCC)...
[08/15/25 00:24:10.081] [T12120] [info] CSXSEventQueueManager::CreateEventQueueIfNotExist: create queue 1015.1755213850 (ACHP)...
[08/15/25 00:24:10.309] [T12177] [info] CSXSEventQueueManager::CreateEventQueueIfNotExist: create queue 1016.1755213850 (ADCS)...
[08/15/25 00:24:11.276] [T12074] [info] CSXSEventQueueManager::RemoveEventQueueByChannel: remove queue 1012.1755213849 (ACHP) for channel 15...
[08/15/25 00:24:11.481] [T12395] [info] CSXSEventQueueManager::CreateEventQueueIfNotExist: create queue 1028.1755213851 (COSY)...
[08/15/25 00:24:12.318] [T12575] [info] CSXSEventQueueManager::CreateEventQueueIfNotExist: create queue 1040.1755213852 (COSY)...
[08/15/25 00:24:16.687] [T13563] [info] CSXSEventQueueManager::CreateEventQueueIfNotExist: create queue 1060.1755213856 (CCH_UPI)...
[08/15/25 00:29:19.867] [T13563] [info] CSXSEventQueueManager::RemoveEventQueueByChannel: remove queue 1060.1755213856 (CCH_UPI) for channel 23...
[08/15/25 01:25:09.983] [T11278] [info] CSXSEventQueueManager::RemoveEventQueueByChannel: remove queue 952.1755213846 (CCXP) for channel 7...
[08/15/25 01:26:21.952] [T175513] [info] CSXSEventQueueManager::CreateEventQueueIfNotExist: create queue 2246.1755217581 (CCXP)...
[08/15/25 01:57:22.345] [T175513] [info] CSXSEventQueueManager::RemoveEventQueueByChannel: remove queue 2246.1755217581 (CCXP) for channel 6...
[08/15/25 01:58:28.517] [T252550] [info] CSXSEventQueueManager::CreateEventQueueIfNotExist: create queue 2434.1755219508 (CCXP)...
[08/15/25 02:29:30.314] [T252550] [info] CSXSEventQueueManager::RemoveEventQueueByChannel: remove queue 2434.1755219508 (CCXP) for channel 6...
[08/15/25 02:30:31.649] [T332205] [info] CSXSEventQueueManager::CreateEventQueueIfNotExist: create queue 2663.1755221431 (CCXP)...
[08/15/25 03:01:33.813] [T332205] [info] CSXSEventQueueManager::RemoveEventQueueByChannel: remove queue 2663.1755221431 (CCXP) for channel 6...
[08/15/25 03:02:45.617] [T404164] [info] CSXSEventQueueManager::CreateEventQueueIfNotExist: create queue 2811.1755223365 (CCXP)...
[08/15/25 11:48:30.929] [T404164] [info] CSXSEventQueueManager::RemoveEventQueueByChannel: remove queue 2811.1755223365 (CCXP) for channel 6...
[08/15/25 11:48:30.981] [T12270] [info] CSXSEventQueueManager::RemoveEventQueueByChannel: remove queue 940.1755213849 (ACCC) for channel 20...
[08/15/25 11:48:30.991] [T12123] [info] CSXSEventQueueManager::RemoveEventQueueByChannel: remove queue 1015.1755213850 (ACHP) for channel 17...
[08/15/25 11:48:31.039] [T12579] [info] CSXSEventQueueManager::RemoveEventQueueByChannel: remove queue 1040.1755213852 (COSY) for channel 22...
[08/15/25 11:49:00.496] [T1496373] [info] CSXSEventQueueManager::CreateEventQueueIfNotExist: create queue 6971.1755254940 (CCXP)...
[08/15/25 11:49:11.512] [T1497580] [info] CSXSEventQueueManager::CreateEventQueueIfNotExist: create queue 7040.1755254951 (ACHP)...
[08/15/25 11:49:11.549] [T1497585] [info] CSXSEventQueueManager::CreateEventQueueIfNotExist: create queue 6959.1755254951 (ACCC)...
[08/15/25 11:49:11.725] [T1497621] [info] CSXSEventQueueManager::CreateEventQueueIfNotExist: create queue 7042.1755254951 (ACHP)...
[08/15/25 11:49:14.090] [T1497580] [info] CSXSEventQueueManager::RemoveEventQueueByChannel: remove queue 7040.1755254951 (ACHP) for channel 12...
[08/15/25 11:49:21.385] [T1498359] [info] CSXSEventQueueManager::CreateEventQueueIfNotExist: create queue 7062.1755254961 (COSY)...
[08/15/25 14:35:12.707] [T1497606] [info] CSXSEventQueueManager::RemoveEventQueueByChannel: remove queue 6959.1755254951 (ACCC) for channel 17...
[08/15/25 14:35:12.716] [T1496382] [info] CSXSEventQueueManager::RemoveEventQueueByChannel: remove queue 6971.1755254940 (CCXP) for channel 7...
[08/15/25 14:35:12.725] [T1497626] [info] CSXSEventQueueManager::RemoveEventQueueByChannel: remove queue 7042.1755254951 (ACHP) for channel 21...
[08/15/25 14:35:14.084] [T1498359] [info] CSXSEventQueueManager::RemoveEventQueueByChannel: remove queue 7062.1755254961 (COSY) for channel 12...
[08/15/25 14:35:52.285] [T7518] [info] AdobeIPCBroker version: 7.2.1
[08/15/25 14:35:52.339] [T7556] [info] CSXSEventQueueManager::CreateEventQueueIfNotExist: create queue 789.1755264952 (CCXP)...
[08/15/25 14:35:53.636] [T7944] [info] CSXSEventQueueManager::CreateEventQueueIfNotExist: create queue 746.1755264953 (ACCC)...
[08/15/25 14:35:53.639] [T7945] [info] CSXSEventQueueManager::CreateEventQueueIfNotExist: create queue 833.1755264953 (ACHP)...
[08/15/25 14:35:53.730] [T7985] [info] CSXSEventQueueManager::CreateEventQueueIfNotExist: create queue 836.1755264953 (ACHP)...
[08/15/25 14:35:54.964] [T8381] [info] CSXSEventQueueManager::CreateEventQueueIfNotExist: create queue 838.1755264954 (ADCS)...
[08/15/25 14:35:56.018] [T7956] [info] CSXSEventQueueManager::RemoveEventQueueByChannel: remove queue 833.1755264953 (ACHP) for channel 6...
[08/15/25 14:36:04.047] [T9895] [info] CSXSEventQueueManager::CreateEventQueueIfNotExist: create queue 939.1755264964 (COSY)...
[08/15/25 14:36:04.471] [T9967] [info] CSXSEventQueueManager::CreateEventQueueIfNotExist: create queue 950.1755264964 (COSY)...
[08/15/25 14:36:06.650] [T10272] [info] CSXSEventQueueManager::CreateEventQueueIfNotExist: create queue 968.1755264966 (CCH_UPI)...
[08/15/25 14:41:09.703] [T10272] [info] CSXSEventQueueManager::RemoveEventQueueByChannel: remove queue 968.1755264966 (CCH_UPI) for channel 14...
[08/16/25 01:06:53.753] [T7561] [info] CSXSEventQueueManager::RemoveEventQueueByChannel: remove queue 789.1755264952 (CCXP) for channel 2...
[08/16/25 01:08:08.032] [T1575716] [info] CSXSEventQueueManager::CreateEventQueueIfNotExist: create queue 8206.1755302888 (CCXP)...
[08/16/25 01:39:08.789] [T1575722] [info] CSXSEventQueueManager::RemoveEventQueueByChannel: remove queue 8206.1755302888 (CCXP) for channel 3...
[08/16/25 01:40:15.356] [T1642291] [info] CSXSEventQueueManager::CreateEventQueueIfNotExist: create queue 8410.1755304815 (CCXP)...
[08/16/25 02:11:15.937] [T1642292] [info] CSXSEventQueueManager::RemoveEventQueueByChannel: remove queue 8410.1755304815 (CCXP) for channel 3...
[08/16/25 02:12:23.070] [T1708588] [info] CSXSEventQueueManager::CreateEventQueueIfNotExist: create queue 8632.1755306743 (CCXP)...
[08/16/25 02:43:23.729] [T1708588] [info] CSXSEventQueueManager::RemoveEventQueueByChannel: remove queue 8632.1755306743 (CCXP) for channel 2...
[08/16/25 02:44:30.734] [T1771181] [info] CSXSEventQueueManager::CreateEventQueueIfNotExist: create queue 9020.1755308670 (CCXP)...
[08/16/25 14:33:12.427] [T7985] [info] CSXSEventQueueManager::RemoveEventQueueByChannel: remove queue 836.1755264953 (ACHP) for channel 7...
[08/16/25 14:33:12.694] [T3469198] [info] CSXSEventQueueManager::CreateEventQueueIfNotExist: create queue 16197.1755351192 (ACHP)...
[08/16/25 14:33:13.059] [T3469328] [info] CSXSEventQueueManager::CreateEventQueueIfNotExist: create queue 16206.1755351193 (CCH_UPI)...
[08/16/25 14:38:21.351] [T3469328] [info] CSXSEventQueueManager::RemoveEventQueueByChannel: remove queue 16206.1755351193 (CCH_UPI) for channel 14...
[08/16/25 17:58:58.099] [T11068] [info] AdobeIPCBroker version: 7.2.1
[08/16/25 17:58:58.144] [T11086] [info] CSXSEventQueueManager::CreateEventQueueIfNotExist: create queue 935.1755363538 (CCXP)...
[08/16/25 17:59:09.770] [T13107] [info] CSXSEventQueueManager::CreateEventQueueIfNotExist: create queue 1010.1755363549 (ACHP)...
[08/16/25 17:59:09.771] [T13108] [info] CSXSEventQueueManager::CreateEventQueueIfNotExist: create queue 922.1755363549 (ACCC)...
[08/16/25 17:59:09.927] [T13156] [info] CSXSEventQueueManager::CreateEventQueueIfNotExist: create queue 1014.1755363549 (ACHP)...
[08/16/25 17:59:10.276] [T13199] [info] CSXSEventQueueManager::CreateEventQueueIfNotExist: create queue 1016.1755363550 (ADCS)...
[08/16/25 17:59:12.381] [T13112] [info] CSXSEventQueueManager::RemoveEventQueueByChannel: remove queue 1010.1755363549 (ACHP) for channel 6...
[08/16/25 17:59:12.794] [T13636] [info] CSXSEventQueueManager::CreateEventQueueIfNotExist: create queue 1035.1755363552 (COSY)...
[08/16/25 17:59:13.230] [T13765] [info] CSXSEventQueueManager::CreateEventQueueIfNotExist: create queue 1043.1755363553 (COSY)...
[08/16/25 17:59:16.007] [T14222] [info] CSXSEventQueueManager::CreateEventQueueIfNotExist: create queue 1073.1755363555 (CCH_UPI)...
[08/16/25 18:04:20.659] [T14279] [info] CSXSEventQueueManager::RemoveEventQueueByChannel: remove queue 1073.1755363555 (CCH_UPI) for channel 15...
[08/17/25 01:29:58.905] [T11086] [info] CSXSEventQueueManager::RemoveEventQueueByChannel: remove queue 935.1755363538 (CCXP) for channel 2...
[08/17/25 01:31:06.302] [T1055315] [info] CSXSEventQueueManager::CreateEventQueueIfNotExist: create queue 4279.1755390666 (CCXP)...
[08/17/25 02:02:07.784] [T1055318] [info] CSXSEventQueueManager::RemoveEventQueueByChannel: remove queue 4279.1755390666 (CCXP) for channel 3...
[08/17/25 02:03:13.599] [T1158387] [info] CSXSEventQueueManager::CreateEventQueueIfNotExist: create queue 5106.1755392593 (CCXP)...
[08/17/25 02:34:15.330] [T1158387] [info] CSXSEventQueueManager::RemoveEventQueueByChannel: remove queue 5106.1755392593 (CCXP) for channel 2...
[08/17/25 02:35:17.812] [T1268095] [info] CSXSEventQueueManager::CreateEventQueueIfNotExist: create queue 6298.1755394517 (CCXP)...
[08/17/25 03:06:20.110] [T1268098] [info] CSXSEventQueueManager::RemoveEventQueueByChannel: remove queue 6298.1755394517 (CCXP) for channel 3...
[08/17/25 03:07:26.570] [T1370082] [info] CSXSEventQueueManager::CreateEventQueueIfNotExist: create queue 7349.1755396446 (CCXP)...
[08/17/25 17:56:25.439] [T3296987] [info] CSXSEventQueueManager::CreateEventQueueIfNotExist: create queue 15390.1755449785 (CCH_UPI)...
[08/17/25 18:01:26.508] [T3296987] [info] CSXSEventQueueManager::RemoveEventQueueByChannel: remove queue 15390.1755449785 (CCH_UPI) for channel 14...
[08/18/25 02:54:19.735] [T1370093] [info] CSXSEventQueueManager::RemoveEventQueueByChannel: remove queue 7349.1755396446 (CCXP) for channel 3...
[08/18/25 03:33:19.618] [T3377031] [info] CSXSEventQueueManager::CreateEventQueueIfNotExist: create queue 16379.1755484399 (CCXP)...
[08/18/25 04:22:15.006] [T3377033] [info] CSXSEventQueueManager::RemoveEventQueueByChannel: remove queue 16379.1755484399 (CCXP) for channel 3...
[08/18/25 05:22:35.341] [T3380030] [info] CSXSEventQueueManager::CreateEventQueueIfNotExist: create queue 16475.1755490955 (CCXP)...
[08/18/25 06:06:41.814] [T3380035] [info] CSXSEventQueueManager::RemoveEventQueueByChannel: remove queue 16475.1755490955 (CCXP) for channel 3...
[08/18/25 06:14:46.918] [T3382919] [info] CSXSEventQueueManager::CreateEventQueueIfNotExist: create queue 16537.1755494086 (CCXP)...
[08/18/25 07:06:17.580] [T3382920] [info] CSXSEventQueueManager::RemoveEventQueueByChannel: remove queue 16537.1755494086 (CCXP) for channel 3...
[08/18/25 08:01:13.871] [T3385510] [info] CSXSEventQueueManager::CreateEventQueueIfNotExist: create queue 16599.1755500473 (CCXP)...
[08/18/25 16:45:30.493] [T9455] [info] AdobeIPCBroker version: 7.2.1
[08/18/25 16:45:30.523] [T9466] [info] CSXSEventQueueManager::CreateEventQueueIfNotExist: create queue 940.1755531930 (CCXP)...
[08/18/25 16:45:33.928] [T10117] [info] CSXSEventQueueManager::CreateEventQueueIfNotExist: create queue 991.1755531933 (ACHP)...
[08/18/25 16:45:33.928] [T10118] [info] CSXSEventQueueManager::CreateEventQueueIfNotExist: create queue 928.1755531933 (ACCC)...
[08/18/25 16:45:34.090] [T10153] [info] CSXSEventQueueManager::CreateEventQueueIfNotExist: create queue 994.1755531934 (ACHP)...
[08/18/25 16:45:34.254] [T10207] [info] CSXSEventQueueManager::CreateEventQueueIfNotExist: create queue 996.1755531934 (ADCS)...
[08/18/25 16:45:35.525] [T10356] [info] CSXSEventQueueManager::CreateEventQueueIfNotExist: create queue 1008.1755531935 (COSY)...
[08/18/25 16:45:36.599] [T10534] [info] CSXSEventQueueManager::CreateEventQueueIfNotExist: create queue 1020.1755531936 (COSY)...
[08/18/25 16:45:38.233] [T10117] [info] CSXSEventQueueManager::RemoveEventQueueByChannel: remove queue 991.1755531933 (ACHP) for channel 4...
[08/18/25 16:45:40.940] [T11294] [info] CSXSEventQueueManager::CreateEventQueueIfNotExist: create queue 1039.1755531940 (CCH_UPI)...
[08/18/25 16:50:44.738] [T11406] [info] CSXSEventQueueManager::RemoveEventQueueByChannel: remove queue 1039.1755531940 (CCH_UPI) for channel 6...
[08/19/25 01:44:18.528] [T9466] [info] CSXSEventQueueManager::RemoveEventQueueByChannel: remove queue 940.1755531930 (CCXP) for channel 2...
[08/19/25 01:45:20.269] [T165099] [info] CSXSEventQueueManager::CreateEventQueueIfNotExist: create queue 3835.1755564320 (CCXP)...
[08/19/25 02:21:03.787] [T165100] [info] CSXSEventQueueManager::RemoveEventQueueByChannel: remove queue 3835.1755564320 (CCXP) for channel 3...
[08/19/25 02:22:05.727] [T171466] [info] CSXSEventQueueManager::CreateEventQueueIfNotExist: create queue 4063.1755566525 (CCXP)...
[08/19/25 02:55:44.506] [T171466] [info] CSXSEventQueueManager::RemoveEventQueueByChannel: remove queue 4063.1755566525 (CCXP) for channel 2...
[08/19/25 02:56:46.021] [T177324] [info] CSXSEventQueueManager::CreateEventQueueIfNotExist: create queue 4202.1755568606 (CCXP)...
[08/19/25 03:28:04.501] [T177325] [info] CSXSEventQueueManager::RemoveEventQueueByChannel: remove queue 4202.1755568606 (CCXP) for channel 3...
[08/19/25 03:29:06.275] [T182501] [info] CSXSEventQueueManager::CreateEventQueueIfNotExist: create queue 4272.1755570546 (CCXP)...
[08/19/25 15:27:43.882] [T7128] [info] AdobeIPCBroker version: 7.2.1
[08/19/25 15:27:43.914] [T7134] [info] CSXSEventQueueManager::CreateEventQueueIfNotExist: create queue 822.1755613663 (CCXP)...
[08/19/25 15:27:45.775] [T7576] [info] CSXSEventQueueManager::CreateEventQueueIfNotExist: create queue 817.1755613665 (ACCC)...
[08/19/25 15:27:45.777] [T7577] [info] CSXSEventQueueManager::CreateEventQueueIfNotExist: create queue 863.1755613665 (ACHP)...
[08/19/25 15:27:46.127] [T7716] [info] CSXSEventQueueManager::CreateEventQueueIfNotExist: create queue 883.1755613666 (ACHP)...
[08/19/25 15:27:49.344] [T8263] [info] CSXSEventQueueManager::CreateEventQueueIfNotExist: create queue 884.1755613669 (ADCS)...
[08/19/25 15:27:49.392] [T7637] [info] CSXSEventQueueManager::RemoveEventQueueByChannel: remove queue 863.1755613665 (ACHP) for channel 6...
[08/19/25 15:27:51.948] [T8597] [info] CSXSEventQueueManager::CreateEventQueueIfNotExist: create queue 939.1755613671 (COSY)...
[08/19/25 15:27:52.485] [T8674] [info] CSXSEventQueueManager::CreateEventQueueIfNotExist: create queue 955.1755613672 (COSY)...
[08/19/25 15:27:55.697] [T9201] [info] CSXSEventQueueManager::CreateEventQueueIfNotExist: create queue 983.1755613675 (CCH_UPI)...
[08/19/25 15:28:05.334] [T7140] [info] CSXSEventQueueManager::RemoveEventQueueByChannel: remove queue 822.1755613663 (CCXP) for channel 3...
[08/19/25 15:28:34.343] [T12136] [info] CSXSEventQueueManager::CreateEventQueueIfNotExist: create queue 1111.1755613714 (CCXP)...
[08/19/25 15:33:07.325] [T9201] [info] CSXSEventQueueManager::RemoveEventQueueByChannel: remove queue 983.1755613675 (CCH_UPI) for channel 14...
[08/20/25 00:21:23.277] [T6688] [info] AdobeIPCBroker version: 7.2.1
[08/20/25 00:21:23.302] [T6772] [info] CSXSEventQueueManager::CreateEventQueueIfNotExist: create queue 787.1755645683 (CCXP)...
[08/20/25 00:21:25.165] [T7228] [info] CSXSEventQueueManager::CreateEventQueueIfNotExist: create queue 839.1755645685 (ACHP)...
[08/20/25 00:21:25.165] [T7227] [info] CSXSEventQueueManager::CreateEventQueueIfNotExist: create queue 745.1755645685 (ACCC)...
[08/20/25 00:21:25.312] [T7273] [info] CSXSEventQueueManager::CreateEventQueueIfNotExist: create queue 845.1755645685 (ACHP)...
[08/20/25 00:21:25.713] [T7426] [info] CSXSEventQueueManager::CreateEventQueueIfNotExist: create queue 846.1755645685 (ADCS)...
[08/20/25 00:21:26.426] [T7251] [info] CSXSEventQueueManager::RemoveEventQueueByChannel: remove queue 839.1755645685 (ACHP) for channel 10...
[08/20/25 00:21:33.366] [T8315] [info] CSXSEventQueueManager::CreateEventQueueIfNotExist: create queue 923.1755645693 (COSY)...
[08/20/25 00:21:33.796] [T8427] [info] CSXSEventQueueManager::CreateEventQueueIfNotExist: create queue 934.1755645693 (COSY)...
[08/20/25 00:21:38.572] [T9228] [info] CSXSEventQueueManager::CreateEventQueueIfNotExist: create queue 992.1755645698 (CCH_UPI)...
[08/20/25 00:26:40.735] [T9228] [info] CSXSEventQueueManager::RemoveEventQueueByChannel: remove queue 992.1755645698 (CCH_UPI) for channel 23...
[08/20/25 01:22:25.112] [T6788] [info] CSXSEventQueueManager::RemoveEventQueueByChannel: remove queue 787.1755645683 (CCXP) for channel 7...
[08/20/25 01:23:26.168] [T56712] [info] CSXSEventQueueManager::CreateEventQueueIfNotExist: create queue 1942.1755649406 (CCXP)...
[08/20/25 01:54:27.931] [T56713] [info] CSXSEventQueueManager::RemoveEventQueueByChannel: remove queue 1942.1755649406 (CCXP) for channel 7...
[08/20/25 01:55:28.988] [T79718] [info] CSXSEventQueueManager::CreateEventQueueIfNotExist: create queue 2353.1755651328 (CCXP)...
[08/20/25 02:26:29.499] [T79718] [info] CSXSEventQueueManager::RemoveEventQueueByChannel: remove queue 2353.1755651328 (CCXP) for channel 6...
[08/20/25 02:27:30.522] [T98886] [info] CSXSEventQueueManager::CreateEventQueueIfNotExist: create queue 2572.1755653250 (CCXP)...
[08/20/25 02:58:32.041] [T98887] [info] CSXSEventQueueManager::RemoveEventQueueByChannel: remove queue 2572.1755653250 (CCXP) for channel 7...
[08/20/25 02:59:33.270] [T119292] [info] CSXSEventQueueManager::CreateEventQueueIfNotExist: create queue 2794.1755655173 (CCXP)...
[08/21/25 00:18:41.215] [T7273] [info] CSXSEventQueueManager::RemoveEventQueueByChannel: remove queue 845.1755645685 (ACHP) for channel 11...
[08/21/25 00:18:43.030] [T877112] [info] CSXSEventQueueManager::CreateEventQueueIfNotExist: create queue 14446.1755731923 (CCH_UPI)...
[08/21/25 00:18:43.206] [T877120] [info] CSXSEventQueueManager::CreateEventQueueIfNotExist: create queue 14440.1755731923 (ACHP)...
[08/21/25 00:23:48.563] [T877122] [info] CSXSEventQueueManager::RemoveEventQueueByChannel: remove queue 14446.1755731923 (CCH_UPI) for channel 18...
[08/21/25 01:14:03.694] [T119293] [info] CSXSEventQueueManager::RemoveEventQueueByChannel: remove queue 2794.1755655173 (CCXP) for channel 7...
[08/21/25 01:15:06.638] [T902699] [info] CSXSEventQueueManager::CreateEventQueueIfNotExist: create queue 14886.1755735306 (CCXP)...
[08/21/25 01:46:09.645] [T902699] [info] CSXSEventQueueManager::RemoveEventQueueByChannel: remove queue 14886.1755735306 (CCXP) for channel 6...
[08/21/25 01:47:11.580] [T916480] [info] CSXSEventQueueManager::CreateEventQueueIfNotExist: create queue 15081.1755737231 (CCXP)...
[08/21/25 02:18:13.327] [T916480] [info] CSXSEventQueueManager::RemoveEventQueueByChannel: remove queue 15081.1755737231 (CCXP) for channel 6...
[08/21/25 02:19:20.373] [T932448] [info] CSXSEventQueueManager::CreateEventQueueIfNotExist: create queue 15395.1755739160 (CCXP)...
[08/21/25 02:50:20.883] [T932448] [info] CSXSEventQueueManager::RemoveEventQueueByChannel: remove queue 15395.1755739160 (CCXP) for channel 6...
[08/21/25 02:51:27.812] [T945620] [info] CSXSEventQueueManager::CreateEventQueueIfNotExist: create queue 15589.1755741087 (CCXP)...
[08/22/25 00:24:22.375] [T1341956] [info] CSXSEventQueueManager::CreateEventQueueIfNotExist: create queue 20807.1755818662 (CCH_UPI)...
[08/22/25 00:29:23.732] [T1341982] [info] CSXSEventQueueManager::RemoveEventQueueByChannel: remove queue 20807.1755818662 (CCH_UPI) for channel 18...
[08/22/25 01:36:51.949] [T945621] [info] CSXSEventQueueManager::RemoveEventQueueByChannel: remove queue 15589.1755741087 (CCXP) for channel 7...
[08/22/25 01:38:03.388] [T1384687] [info] CSXSEventQueueManager::CreateEventQueueIfNotExist: create queue 21704.1755823083 (CCXP)...
[08/22/25 02:16:23.439] [T1384692] [info] CSXSEventQueueManager::RemoveEventQueueByChannel: remove queue 21704.1755823083 (CCXP) for channel 7...
[08/22/25 02:17:49.353] [T1402289] [info] CSXSEventQueueManager::CreateEventQueueIfNotExist: create queue 21979.1755825469 (CCXP)...
[08/22/25 02:51:08.668] [T1402289] [info] CSXSEventQueueManager::RemoveEventQueueByChannel: remove queue 21979.1755825469 (CCXP) for channel 6...
[08/22/25 02:52:14.293] [T1479489] [info] CSXSEventQueueManager::CreateEventQueueIfNotExist: create queue 37091.1755827534 (CCXP)...
[08/22/25 03:23:15.544] [T1479494] [info] CSXSEventQueueManager::RemoveEventQueueByChannel: remove queue 37091.1755827534 (CCXP) for channel 7...
[08/22/25 03:24:21.480] [T1494662] [info] CSXSEventQueueManager::CreateEventQueueIfNotExist: create queue 37186.1755829461 (CCXP)...
[08/22/25 09:04:30.412] [T9006] [info] AdobeIPCBroker version: 7.2.1
[08/22/25 09:04:30.430] [T9022] [info] CSXSEventQueueManager::CreateEventQueueIfNotExist: create queue 836.1755849870 (CCXP)...
[08/22/25 09:04:32.111] [T9360] [info] CSXSEventQueueManager::CreateEventQueueIfNotExist: create queue 765.1755849872 (ACCC)...
[08/22/25 09:04:32.111] [T9359] [info] CSXSEventQueueManager::CreateEventQueueIfNotExist: create queue 872.1755849872 (ACHP)...
[08/22/25 09:04:32.308] [T9440] [info] CSXSEventQueueManager::CreateEventQueueIfNotExist: create queue 886.1755849872 (ACHP)...
[08/22/25 09:04:33.305] [T9556] [info] CSXSEventQueueManager::CreateEventQueueIfNotExist: create queue 887.1755849873 (ADCS)...
[08/22/25 09:04:34.116] [T9381] [info] CSXSEventQueueManager::RemoveEventQueueByChannel: remove queue 872.1755849872 (ACHP) for channel 10...
[08/22/25 09:04:38.768] [T10077] [info] CSXSEventQueueManager::CreateEventQueueIfNotExist: create queue 920.1755849878 (COSY)...
[08/22/25 09:04:39.414] [T10233] [info] CSXSEventQueueManager::CreateEventQueueIfNotExist: create queue 944.1755849879 (COSY)...
[08/22/25 09:04:41.666] [T10538] [info] CSXSEventQueueManager::CreateEventQueueIfNotExist: create queue 971.1755849881 (CCH_UPI)...
[08/22/25 09:09:44.080] [T10538] [info] CSXSEventQueueManager::RemoveEventQueueByChannel: remove queue 971.1755849881 (CCH_UPI) for channel 23...
[08/23/25 01:57:24.430] [T9022] [info] CSXSEventQueueManager::RemoveEventQueueByChannel: remove queue 836.1755849870 (CCXP) for channel 6...
[08/23/25 02:09:20.793] [T417829] [info] CSXSEventQueueManager::CreateEventQueueIfNotExist: create queue 8258.1755911360 (CCXP)...
[08/23/25 03:06:29.914] [T417830] [info] CSXSEventQueueManager::RemoveEventQueueByChannel: remove queue 8258.1755911360 (CCXP) for channel 7...
[08/23/25 03:07:31.003] [T425017] [info] CSXSEventQueueManager::CreateEventQueueIfNotExist: create queue 8341.1755914851 (CCXP)...
[08/23/25 03:38:33.575] [T425017] [info] CSXSEventQueueManager::RemoveEventQueueByChannel: remove queue 8341.1755914851 (CCXP) for channel 6...
[08/23/25 03:39:45.759] [T443984] [info] CSXSEventQueueManager::CreateEventQueueIfNotExist: create queue 8666.1755916785 (CCXP)...
[08/23/25 04:10:47.277] [T443984] [info] CSXSEventQueueManager::RemoveEventQueueByChannel: remove queue 8666.1755916785 (CCXP) for channel 6...
[08/23/25 04:11:48.585] [T466842] [info] CSXSEventQueueManager::CreateEventQueueIfNotExist: create queue 8964.1755918708 (CCXP)...
[08/23/25 09:01:48.349] [T943901] [info] CSXSEventQueueManager::CreateEventQueueIfNotExist: create queue 11367.1755936108 (CCH_UPI)...
[08/23/25 09:06:50.121] [T943901] [info] CSXSEventQueueManager::RemoveEventQueueByChannel: remove queue 11367.1755936108 (CCH_UPI) for channel 18...
[08/24/25 01:16:02.983] [T466843] [info] CSXSEventQueueManager::RemoveEventQueueByChannel: remove queue 8964.1755918708 (CCXP) for channel 7...
[08/24/25 01:17:04.859] [T3098965] [info] CSXSEventQueueManager::CreateEventQueueIfNotExist: create queue 19328.1755994624 (CCXP)...
[08/24/25 01:48:06.073] [T3098965] [info] CSXSEventQueueManager::RemoveEventQueueByChannel: remove queue 19328.1755994624 (CCXP) for channel 6...
[08/24/25 01:49:19.382] [T3176665] [info] CSXSEventQueueManager::CreateEventQueueIfNotExist: create queue 19577.1755996559 (CCXP)...
[08/24/25 02:20:20.446] [T3176674] [info] CSXSEventQueueManager::RemoveEventQueueByChannel: remove queue 19577.1755996559 (CCXP) for channel 7...
[08/24/25 02:21:32.410] [T3251900] [info] CSXSEventQueueManager::CreateEventQueueIfNotExist: create queue 19889.1755998492 (CCXP)...
[08/24/25 02:52:33.318] [T3251905] [info] CSXSEventQueueManager::RemoveEventQueueByChannel: remove queue 19889.1755998492 (CCXP) for channel 7...
[08/24/25 02:53:45.707] [T3326878] [info] CSXSEventQueueManager::CreateEventQueueIfNotExist: create queue 20180.1756000425 (CCXP)...
[08/24/25 16:24:15.136] [T627285] [info] AdobeIPCBroker version: 7.2.1
[08/24/25 16:24:15.152] [T627303] [info] CSXSEventQueueManager::CreateEventQueueIfNotExist: create queue 969.1756049055 (CCXP)...
[08/24/25 16:24:17.498] [T627618] [info] CSXSEventQueueManager::CreateEventQueueIfNotExist: create queue 958.1756049057 (ACCC)...
[08/24/25 16:24:17.502] [T627620] [info] CSXSEventQueueManager::CreateEventQueueIfNotExist: create queue 1003.1756049057 (ACHP)...
[08/24/25 16:24:17.645] [T627666] [info] CSXSEventQueueManager::CreateEventQueueIfNotExist: create queue 1006.1756049057 (ACHP)...
[08/24/25 16:24:18.487] [T627922] [info] CSXSEventQueueManager::CreateEventQueueIfNotExist: create queue 1008.1756049058 (ADCS)...
[08/24/25 16:24:20.489] [T627624] [info] CSXSEventQueueManager::RemoveEventQueueByChannel: remove queue 1003.1756049057 (ACHP) for channel 6...
[08/24/25 16:24:21.728] [T628388] [info] CSXSEventQueueManager::CreateEventQueueIfNotExist: create queue 1034.1756049061 (COSY)...
[08/24/25 16:24:23.696] [T628599] [info] CSXSEventQueueManager::CreateEventQueueIfNotExist: create queue 1053.1756049063 (COSY)...
[08/24/25 16:24:29.945] [T629220] [info] CSXSEventQueueManager::CreateEventQueueIfNotExist: create queue 1067.1756049069 (CCH_UPI)...
[08/24/25 16:29:31.043] [T629220] [info] CSXSEventQueueManager::RemoveEventQueueByChannel: remove queue 1067.1756049069 (CCH_UPI) for channel 14...
[08/25/25 01:37:27.563] [T627306] [info] CSXSEventQueueManager::RemoveEventQueueByChannel: remove queue 969.1756049055 (CCXP) for channel 3...
[08/25/25 01:38:29.142] [T1478640] [info] CSXSEventQueueManager::CreateEventQueueIfNotExist: create queue 3992.1756082309 (CCXP)...
[08/25/25 02:09:31.313] [T1478645] [info] CSXSEventQueueManager::RemoveEventQueueByChannel: remove queue 3992.1756082309 (CCXP) for channel 3...
[08/25/25 02:10:43.476] [T1553516] [info] CSXSEventQueueManager::CreateEventQueueIfNotExist: create queue 4191.1756084243 (CCXP)...
[08/25/25 02:41:44.662] [T1553526] [info] CSXSEventQueueManager::RemoveEventQueueByChannel: remove queue 4191.1756084243 (CCXP) for channel 3...
[08/25/25 02:42:57.499] [T1601466] [info] CSXSEventQueueManager::CreateEventQueueIfNotExist: create queue 4417.1756086177 (CCXP)...
[08/25/25 03:13:58.267] [T1601468] [info] CSXSEventQueueManager::RemoveEventQueueByChannel: remove queue 4417.1756086177 (CCXP) for channel 3...
[08/25/25 03:15:00.228] [T1654419] [info] CSXSEventQueueManager::CreateEventQueueIfNotExist: create queue 4681.1756088100 (CCXP)...
[08/25/25 16:21:30.051] [T2501191] [info] CSXSEventQueueManager::CreateEventQueueIfNotExist: create queue 13474.1756135290 (CCH_UPI)...
[08/25/25 16:26:32.549] [T2501212] [info] CSXSEventQueueManager::RemoveEventQueueByChannel: remove queue 13474.1756135290 (CCH_UPI) for channel 15...
[08/26/25 01:36:06.242] [T1654419] [info] CSXSEventQueueManager::RemoveEventQueueByChannel: remove queue 4681.1756088100 (CCXP) for channel 2...
[08/26/25 01:37:19.476] [T2797146] [info] CSXSEventQueueManager::CreateEventQueueIfNotExist: create queue 18632.1756168639 (CCXP)...
[08/26/25 02:08:19.915] [T2797153] [info] CSXSEventQueueManager::RemoveEventQueueByChannel: remove queue 18632.1756168639 (CCXP) for channel 3...
[08/26/25 02:09:32.703] [T2814933] [info] CSXSEventQueueManager::CreateEventQueueIfNotExist: create queue 18910.1756170572 (CCXP)...
[08/26/25 02:40:34.977] [T2814933] [info] CSXSEventQueueManager::RemoveEventQueueByChannel: remove queue 18910.1756170572 (CCXP) for channel 2...
[08/26/25 02:41:36.175] [T2830212] [info] CSXSEventQueueManager::CreateEventQueueIfNotExist: create queue 19042.1756172496 (CCXP)...
[08/26/25 03:12:37.283] [T2830217] [info] CSXSEventQueueManager::RemoveEventQueueByChannel: remove queue 19042.1756172496 (CCXP) for channel 3...
[08/26/25 03:13:48.615] [T2851115] [info] CSXSEventQueueManager::CreateEventQueueIfNotExist: create queue 19386.1756174428 (CCXP)...
[08/26/25 16:18:33.127] [T3283817] [info] CSXSEventQueueManager::CreateEventQueueIfNotExist: create queue 26059.1756221513 (CCH_UPI)...
[08/26/25 16:35:16.130] [T3283817] [info] CSXSEventQueueManager::RemoveEventQueueByChannel: remove queue 26059.1756221513 (CCH_UPI) for channel 14...
[08/27/25 01:04:47.729] [T2851115] [info] CSXSEventQueueManager::RemoveEventQueueByChannel: remove queue 19386.1756174428 (CCXP) for channel 2...
[08/27/25 01:05:56.178] [T3499263] [info] CSXSEventQueueManager::CreateEventQueueIfNotExist: create queue 29667.1756253156 (CCXP)...
[08/27/25 01:37:00.313] [T3499263] [info] CSXSEventQueueManager::RemoveEventQueueByChannel: remove queue 29667.1756253156 (CCXP) for channel 2...
[08/27/25 01:38:07.918] [T3515272] [info] CSXSEventQueueManager::CreateEventQueueIfNotExist: create queue 29937.1756255087 (CCXP)...
[08/27/25 02:09:09.858] [T3515272] [info] CSXSEventQueueManager::RemoveEventQueueByChannel: remove queue 29937.1756255087 (CCXP) for channel 2...
[08/27/25 02:10:19.888] [T3531497] [info] CSXSEventQueueManager::CreateEventQueueIfNotExist: create queue 30191.1756257019 (CCXP)...
[08/27/25 02:41:20.336] [T3531498] [info] CSXSEventQueueManager::RemoveEventQueueByChannel: remove queue 30191.1756257019 (CCXP) for channel 3...
[08/27/25 02:42:31.168] [T3547185] [info] CSXSEventQueueManager::CreateEventQueueIfNotExist: create queue 30611.1756258951 (CCXP)...
[08/27/25 16:15:33.472] [T627669] [info] CSXSEventQueueManager::RemoveEventQueueByChannel: remove queue 1006.1756049057 (ACHP) for channel 8...
[08/27/25 16:15:35.140] [T3996433] [info] CSXSEventQueueManager::CreateEventQueueIfNotExist: create queue 37496.1756307735 (CCH_UPI)...
[08/27/25 16:15:35.554] [T3996448] [info] CSXSEventQueueManager::CreateEventQueueIfNotExist: create queue 37494.1756307735 (ACHP)...
[08/27/25 16:20:39.836] [T3996439] [info] CSXSEventQueueManager::RemoveEventQueueByChannel: remove queue 37496.1756307735 (CCH_UPI) for channel 8...
[08/28/25 01:36:09.000] [T3547185] [info] CSXSEventQueueManager::RemoveEventQueueByChannel: remove queue 30611.1756258951 (CCXP) for channel 2...
[08/28/25 01:37:22.236] [T4235111] [info] CSXSEventQueueManager::CreateEventQueueIfNotExist: create queue 41295.1756341442 (CCXP)...
[08/28/25 02:08:23.531] [T4235112] [info] CSXSEventQueueManager::RemoveEventQueueByChannel: remove queue 41295.1756341442 (CCXP) for channel 3...
[08/28/25 02:09:30.558] [T4251668] [info] CSXSEventQueueManager::CreateEventQueueIfNotExist: create queue 41534.1756343370 (CCXP)...
[08/28/25 02:40:32.443] [T4251669] [info] CSXSEventQueueManager::RemoveEventQueueByChannel: remove queue 41534.1756343370 (CCXP) for channel 3...
[08/28/25 02:41:40.873] [T4268533] [info] CSXSEventQueueManager::CreateEventQueueIfNotExist: create queue 41819.1756345300 (CCXP)...
[08/28/25 03:12:42.641] [T4268533] [info] CSXSEventQueueManager::RemoveEventQueueByChannel: remove queue 41819.1756345300 (CCXP) for channel 2...
[08/28/25 03:13:49.818] [T4285358] [info] CSXSEventQueueManager::CreateEventQueueIfNotExist: create queue 42058.1756347229 (CCXP)...
[08/28/25 16:12:37.129] [T4696984] [info] CSXSEventQueueManager::CreateEventQueueIfNotExist: create queue 48200.1756393957 (CCH_UPI)...
[08/28/25 16:17:38.907] [T4696984] [info] CSXSEventQueueManager::RemoveEventQueueByChannel: remove queue 48200.1756393957 (CCH_UPI) for channel 7...
[08/29/25 01:11:27.564] [T4285358] [info] CSXSEventQueueManager::RemoveEventQueueByChannel: remove queue 42058.1756347229 (CCXP) for channel 2...
[08/29/25 01:12:38.930] [T4974833] [info] CSXSEventQueueManager::CreateEventQueueIfNotExist: create queue 52304.1756426358 (CCXP)...
[08/29/25 01:43:40.875] [T4974841] [info] CSXSEventQueueManager::RemoveEventQueueByChannel: remove queue 52304.1756426358 (CCXP) for channel 3...
[08/29/25 01:44:42.880] [T4993486] [info] CSXSEventQueueManager::CreateEventQueueIfNotExist: create queue 52539.1756428282 (CCXP)...
[08/29/25 02:15:45.753] [T4993491] [info] CSXSEventQueueManager::RemoveEventQueueByChannel: remove queue 52539.1756428282 (CCXP) for channel 3...
[08/29/25 02:16:55.226] [T5012040] [info] CSXSEventQueueManager::CreateEventQueueIfNotExist: create queue 52812.1756430215 (CCXP)...
[08/29/25 02:47:59.572] [T5012040] [info] CSXSEventQueueManager::RemoveEventQueueByChannel: remove queue 52812.1756430215 (CCXP) for channel 2...
[08/29/25 02:49:07.089] [T5030132] [info] CSXSEventQueueManager::CreateEventQueueIfNotExist: create queue 53033.1756432147 (CCXP)...
[08/29/25 12:03:40.464] [T7025] [info] AdobeIPCBroker version: 7.2.1
[08/29/25 12:03:40.511] [T7033] [info] CSXSEventQueueManager::CreateEventQueueIfNotExist: create queue 805.1756465420 (CCXP)...
[08/29/25 12:03:44.000] [T7788] [info] CSXSEventQueueManager::CreateEventQueueIfNotExist: create queue 786.1756465423 (ACCC)...
[08/29/25 12:03:44.000] [T7787] [info] CSXSEventQueueManager::CreateEventQueueIfNotExist: create queue 867.1756465423 (ACHP)...
[08/29/25 12:03:44.398] [T7865] [info] CSXSEventQueueManager::CreateEventQueueIfNotExist: create queue 880.1756465424 (ACHP)...
[08/29/25 12:03:44.669] [T7961] [info] CSXSEventQueueManager::CreateEventQueueIfNotExist: create queue 881.1756465424 (ADCS)...
[08/29/25 12:03:45.496] [T7806] [info] CSXSEventQueueManager::RemoveEventQueueByChannel: remove queue 867.1756465423 (ACHP) for channel 6...
[08/29/25 12:03:47.039] [T8312] [info] CSXSEventQueueManager::CreateEventQueueIfNotExist: create queue 923.1756465427 (COSY)...
[08/29/25 12:03:48.386] [T8516] [info] CSXSEventQueueManager::CreateEventQueueIfNotExist: create queue 939.1756465428 (COSY)...
[08/29/25 12:03:50.526] [T8757] [info] CSXSEventQueueManager::CreateEventQueueIfNotExist: create queue 958.1756465430 (CCH_UPI)...
[08/29/25 12:08:52.806] [T8757] [info] CSXSEventQueueManager::RemoveEventQueueByChannel: remove queue 958.1756465430 (CCH_UPI) for channel 14...
[08/30/25 01:28:29.162] [T7033] [info] CSXSEventQueueManager::RemoveEventQueueByChannel: remove queue 805.1756465420 (CCXP) for channel 3...
[08/30/25 01:29:36.142] [T306863] [info] CSXSEventQueueManager::CreateEventQueueIfNotExist: create queue 5562.1756513776 (CCXP)...
[08/30/25 02:04:24.441] [T306863] [info] CSXSEventQueueManager::RemoveEventQueueByChannel: remove queue 5562.1756513776 (CCXP) for channel 2...
[08/30/25 02:20:25.212] [T324620] [info] CSXSEventQueueManager::CreateEventQueueIfNotExist: create queue 5757.1756516825 (CCXP)...
[08/30/25 02:51:25.740] [T324626] [info] CSXSEventQueueManager::RemoveEventQueueByChannel: remove queue 5757.1756516825 (CCXP) for channel 3...
[08/30/25 03:07:53.641] [T335240] [info] CSXSEventQueueManager::CreateEventQueueIfNotExist: create queue 5936.1756519673 (CCXP)...
[08/30/25 04:00:07.501] [T335241] [info] CSXSEventQueueManager::RemoveEventQueueByChannel: remove queue 5936.1756519673 (CCXP) for channel 3...
[08/30/25 04:17:14.442] [T342601] [info] CSXSEventQueueManager::CreateEventQueueIfNotExist: create queue 6083.1756523834 (CCXP)...
[08/30/25 12:07:17.196] [T449234] [info] CSXSEventQueueManager::CreateEventQueueIfNotExist: create queue 7763.1756552037 (CCH_UPI)...
[08/30/25 12:45:50.541] [T449266] [info] CSXSEventQueueManager::RemoveEventQueueByChannel: remove queue 7763.1756552037 (CCH_UPI) for channel 15...
[08/31/25 01:20:44.390] [T342601] [info] CSXSEventQueueManager::RemoveEventQueueByChannel: remove queue 6083.1756523834 (CCXP) for channel 2...
[08/31/25 01:21:57.083] [T867955] [info] CSXSEventQueueManager::CreateEventQueueIfNotExist: create queue 15685.1756599717 (CCXP)...
[08/31/25 01:52:59.144] [T867960] [info] CSXSEventQueueManager::RemoveEventQueueByChannel: remove queue 15685.1756599717 (CCXP) for channel 3...
[08/31/25 01:54:03.462] [T882008] [info] CSXSEventQueueManager::CreateEventQueueIfNotExist: create queue 15838.1756601643 (CCXP)...
[08/31/25 02:25:04.592] [T882008] [info] CSXSEventQueueManager::RemoveEventQueueByChannel: remove queue 15838.1756601643 (CCXP) for channel 2...
[08/31/25 02:28:01.145] [T890894] [info] CSXSEventQueueManager::CreateEventQueueIfNotExist: create queue 16040.1756603681 (CCXP)...
[08/31/25 03:04:22.048] [T890894] [info] CSXSEventQueueManager::RemoveEventQueueByChannel: remove queue 16040.1756603681 (CCXP) for channel 2...
[08/31/25 03:05:24.137] [T895465] [info] CSXSEventQueueManager::CreateEventQueueIfNotExist: create queue 16157.1756605924 (CCXP)...
[08/31/25 12:06:31.706] [T1069272] [info] CSXSEventQueueManager::CreateEventQueueIfNotExist: create queue 23711.1756638391 (CCH_UPI)...
[08/31/25 12:14:13.840] [T1069272] [info] CSXSEventQueueManager::RemoveEventQueueByChannel: remove queue 23711.1756638391 (CCH_UPI) for channel 14...
[09/01/25 01:16:25.832] [T895466] [info] CSXSEventQueueManager::RemoveEventQueueByChannel: remove queue 16157.1756605924 (CCXP) for channel 3...
[09/01/25 01:17:37.582] [T1373284] [info] CSXSEventQueueManager::CreateEventQueueIfNotExist: create queue 28986.1756685857 (CCXP)...
[09/01/25 01:51:03.030] [T1373284] [info] CSXSEventQueueManager::RemoveEventQueueByChannel: remove queue 28986.1756685857 (CCXP) for channel 2...
[09/01/25 01:52:04.778] [T1384145] [info] CSXSEventQueueManager::CreateEventQueueIfNotExist: create queue 29299.1756687924 (CCXP)...
[09/01/25 02:34:05.037] [T1384147] [info] CSXSEventQueueManager::RemoveEventQueueByChannel: remove queue 29299.1756687924 (CCXP) for channel 3...
[09/01/25 02:36:34.816] [T1392943] [info] CSXSEventQueueManager::CreateEventQueueIfNotExist: create queue 29443.1756690594 (CCXP)...
[09/01/25 03:07:35.657] [T1392948] [info] CSXSEventQueueManager::RemoveEventQueueByChannel: remove queue 29443.1756690594 (CCXP) for channel 3...
[09/01/25 03:09:15.336] [T1433225] [info] CSXSEventQueueManager::CreateEventQueueIfNotExist: create queue 30580.1756692555 (CCXP)...
[09/01/25 03:13:32.007] [T7062] [info] AdobeIPCBroker version: 7.2.1
[09/01/25 03:13:32.059] [T7096] [info] CSXSEventQueueManager::CreateEventQueueIfNotExist: create queue 802.1756692811 (CCXP)...
[09/01/25 03:13:36.323] [T8025] [info] CSXSEventQueueManager::CreateEventQueueIfNotExist: create queue 878.1756692816 (ACHP)...
[09/01/25 03:13:36.325] [T8026] [info] CSXSEventQueueManager::CreateEventQueueIfNotExist: create queue 750.1756692816 (ACCC)...
[09/01/25 03:13:36.443] [T8057] [info] CSXSEventQueueManager::CreateEventQueueIfNotExist: create queue 883.1756692816 (ACHP)...
[09/01/25 03:13:36.773] [T8151] [info] CSXSEventQueueManager::CreateEventQueueIfNotExist: create queue 885.1756692816 (ADCS)...
[09/01/25 03:13:37.259] [T8028] [info] CSXSEventQueueManager::RemoveEventQueueByChannel: remove queue 878.1756692816 (ACHP) for channel 6...
[09/01/25 03:13:42.467] [T8637] [info] CSXSEventQueueManager::CreateEventQueueIfNotExist: create queue 928.1756692822 (COSY)...
[09/01/25 03:13:42.798] [T8719] [info] CSXSEventQueueManager::CreateEventQueueIfNotExist: create queue 936.1756692822 (COSY)...
[09/01/25 03:13:45.876] [T9254] [info] CSXSEventQueueManager::CreateEventQueueIfNotExist: create queue 986.1756692825 (CCH_UPI)...
[09/01/25 03:18:47.954] [T9254] [info] CSXSEventQueueManager::RemoveEventQueueByChannel: remove queue 986.1756692825 (CCH_UPI) for channel 14...
[09/02/25 01:10:42.643] [T7104] [info] CSXSEventQueueManager::RemoveEventQueueByChannel: remove queue 802.1756692811 (CCXP) for channel 3...
[09/02/25 01:11:49.737] [T758627] [info] CSXSEventQueueManager::CreateEventQueueIfNotExist: create queue 11690.1756771909 (CCXP)...
[09/02/25 01:42:52.455] [T758627] [info] CSXSEventQueueManager::RemoveEventQueueByChannel: remove queue 11690.1756771909 (CCXP) for channel 2...
[09/02/25 01:43:59.057] [T773302] [info] CSXSEventQueueManager::CreateEventQueueIfNotExist: create queue 11944.1756773839 (CCXP)...
[09/02/25 02:15:01.090] [T773303] [info] CSXSEventQueueManager::RemoveEventQueueByChannel: remove queue 11944.1756773839 (CCXP) for channel 3...
[09/02/25 02:16:06.263] [T788081] [info] CSXSEventQueueManager::CreateEventQueueIfNotExist: create queue 12195.1756775766 (CCXP)...
[09/02/25 02:47:06.880] [T788081] [info] CSXSEventQueueManager::RemoveEventQueueByChannel: remove queue 12195.1756775766 (CCXP) for channel 2...
[09/02/25 02:48:13.723] [T802592] [info] CSXSEventQueueManager::CreateEventQueueIfNotExist: create queue 12479.1756777693 (CCXP)...
[09/02/25 03:10:52.741] [T813992] [info] CSXSEventQueueManager::CreateEventQueueIfNotExist: create queue 12688.1756779052 (CCH_UPI)...
[09/02/25 03:15:53.643] [T813992] [info] CSXSEventQueueManager::RemoveEventQueueByChannel: remove queue 12688.1756779052 (CCH_UPI) for channel 14...
[09/03/25 01:31:38.853] [T802595] [info] CSXSEventQueueManager::RemoveEventQueueByChannel: remove queue 12479.1756777693 (CCXP) for channel 3...
[09/03/25 01:32:48.566] [T1523197] [info] CSXSEventQueueManager::CreateEventQueueIfNotExist: create queue 23756.1756859568 (CCXP)...
[09/03/25 02:03:50.001] [T1523197] [info] CSXSEventQueueManager::RemoveEventQueueByChannel: remove queue 23756.1756859568 (CCXP) for channel 2...
[09/03/25 02:04:52.143] [T1545781] [info] CSXSEventQueueManager::CreateEventQueueIfNotExist: create queue 24015.1756861492 (CCXP)...
[09/03/25 02:35:53.471] [T1545784] [info] CSXSEventQueueManager::RemoveEventQueueByChannel: remove queue 24015.1756861492 (CCXP) for channel 3...
[09/03/25 02:36:55.696] [T1573135] [info] CSXSEventQueueManager::CreateEventQueueIfNotExist: create queue 24504.1756863415 (CCXP)...
[09/03/25 03:07:56.282] [T1573136] [info] CSXSEventQueueManager::RemoveEventQueueByChannel: remove queue 24504.1756863415 (CCXP) for channel 3...
[09/03/25 03:07:56.581] [T1593391] [info] CSXSEventQueueManager::CreateEventQueueIfNotExist: create queue 24791.1756865276 (CCH_UPI)...
[09/03/25 03:09:13.560] [T1594287] [info] CSXSEventQueueManager::CreateEventQueueIfNotExist: create queue 24836.1756865353 (CCXP)...
[09/03/25 03:12:57.476] [T1593391] [info] CSXSEventQueueManager::RemoveEventQueueByChannel: remove queue 24791.1756865276 (CCH_UPI) for channel 2...
[09/04/25 01:10:41.912] [T1594287] [info] CSXSEventQueueManager::RemoveEventQueueByChannel: remove queue 24836.1756865353 (CCXP) for channel 14...
[09/04/25 01:11:43.609] [T2438374] [info] CSXSEventQueueManager::CreateEventQueueIfNotExist: create queue 38891.1756944703 (CCXP)...
[09/04/25 01:42:45.576] [T2438374] [info] CSXSEventQueueManager::RemoveEventQueueByChannel: remove queue 38891.1756944703 (CCXP) for channel 2...
[09/04/25 01:43:46.970] [T2459103] [info] CSXSEventQueueManager::CreateEventQueueIfNotExist: create queue 39154.1756946626 (CCXP)...
[09/04/25 02:14:47.839] [T2459104] [info] CSXSEventQueueManager::RemoveEventQueueByChannel: remove queue 39154.1756946626 (CCXP) for channel 3...
[09/04/25 02:15:49.014] [T2480977] [info] CSXSEventQueueManager::CreateEventQueueIfNotExist: create queue 39542.1756948549 (CCXP)...
[09/04/25 02:46:50.200] [T2480978] [info] CSXSEventQueueManager::RemoveEventQueueByChannel: remove queue 39542.1756948549 (CCXP) for channel 3...
[09/04/25 02:47:51.383] [T2500315] [info] CSXSEventQueueManager::CreateEventQueueIfNotExist: create queue 39812.1756950471 (CCXP)...
[09/04/25 03:04:57.392] [T2511419] [info] CSXSEventQueueManager::CreateEventQueueIfNotExist: create queue 39999.1756951497 (CCH_UPI)...
[09/04/25 03:09:58.678] [T2511461] [info] CSXSEventQueueManager::RemoveEventQueueByChannel: remove queue 39999.1756951497 (CCH_UPI) for channel 15...
[09/04/25 16:42:55.388] [T7837] [info] AdobeIPCBroker version: 7.2.1
[09/04/25 16:42:55.419] [T7855] [info] CSXSEventQueueManager::CreateEventQueueIfNotExist: create queue 808.1757000575 (CCXP)...
[09/04/25 16:42:57.022] [T8227] [info] CSXSEventQueueManager::CreateEventQueueIfNotExist: create queue 726.1757000577 (ACCC)...
[09/04/25 16:42:57.023] [T8226] [info] CSXSEventQueueManager::CreateEventQueueIfNotExist: create queue 850.1757000577 (ACHP)...
[09/04/25 16:42:57.179] [T8265] [info] CSXSEventQueueManager::CreateEventQueueIfNotExist: create queue 854.1757000577 (ACHP)...
[09/04/25 16:42:57.298] [T8348] [info] CSXSEventQueueManager::CreateEventQueueIfNotExist: create queue 856.1757000577 (ADCS)...
[09/04/25 16:42:58.107] [T8243] [info] CSXSEventQueueManager::RemoveEventQueueByChannel: remove queue 850.1757000577 (ACHP) for channel 16...
[09/04/25 16:43:06.877] [T9262] [info] CSXSEventQueueManager::CreateEventQueueIfNotExist: create queue 926.1757000586 (COSY)...
[09/04/25 16:43:07.325] [T9336] [info] CSXSEventQueueManager::CreateEventQueueIfNotExist: create queue 939.1757000587 (COSY)...
[09/04/25 16:43:09.786] [T9717] [info] CSXSEventQueueManager::CreateEventQueueIfNotExist: create queue 972.1757000589 (CCH_UPI)...
[09/04/25 16:48:11.928] [T9717] [info] CSXSEventQueueManager::RemoveEventQueueByChannel: remove queue 972.1757000589 (CCH_UPI) for channel 24...
[09/05/25 01:43:56.368] [T7855] [info] CSXSEventQueueManager::RemoveEventQueueByChannel: remove queue 808.1757000575 (CCXP) for channel 8...
[09/05/25 01:45:09.071] [T296382] [info] CSXSEventQueueManager::CreateEventQueueIfNotExist: create queue 5515.1757033109 (CCXP)...
[09/05/25 02:16:11.220] [T296382] [info] CSXSEventQueueManager::RemoveEventQueueByChannel: remove queue 5515.1757033109 (CCXP) for channel 8...
[09/05/25 02:17:16.149] [T311836] [info] CSXSEventQueueManager::CreateEventQueueIfNotExist: create queue 5790.1757035036 (CCXP)...
[09/05/25 02:48:19.154] [T311837] [info] CSXSEventQueueManager::RemoveEventQueueByChannel: remove queue 5790.1757035036 (CCXP) for channel 9...
[09/05/25 02:49:26.119] [T325891] [info] CSXSEventQueueManager::CreateEventQueueIfNotExist: create queue 5956.1757036966 (CCXP)...
[09/05/25 03:20:27.324] [T325892] [info] CSXSEventQueueManager::RemoveEventQueueByChannel: remove queue 5956.1757036966 (CCXP) for channel 9...
[09/05/25 03:21:34.014] [T344938] [info] CSXSEventQueueManager::CreateEventQueueIfNotExist: create queue 6386.1757038894 (CCXP)...
[09/05/25 16:40:16.040] [T838556] [info] CSXSEventQueueManager::CreateEventQueueIfNotExist: create queue 13684.1757086816 (CCH_UPI)...
[09/05/25 16:45:17.535] [T838556] [info] CSXSEventQueueManager::RemoveEventQueueByChannel: remove queue 13684.1757086816 (CCH_UPI) for channel 24...
[09/06/25 01:22:35.619] [T344938] [info] CSXSEventQueueManager::RemoveEventQueueByChannel: remove queue 6386.1757038894 (CCXP) for channel 8...
[09/06/25 01:23:37.351] [T1534505] [info] CSXSEventQueueManager::CreateEventQueueIfNotExist: create queue 18584.1757118217 (CCXP)...
[09/06/25 01:54:38.727] [T1534505] [info] CSXSEventQueueManager::RemoveEventQueueByChannel: remove queue 18584.1757118217 (CCXP) for channel 8...
[09/06/25 01:55:47.251] [T1600471] [info] CSXSEventQueueManager::CreateEventQueueIfNotExist: create queue 18827.1757120147 (CCXP)...
[09/06/25 02:26:48.852] [T1600471] [info] CSXSEventQueueManager::RemoveEventQueueByChannel: remove queue 18827.1757120147 (CCXP) for channel 8...
[09/06/25 02:27:58.032] [T1659689] [info] CSXSEventQueueManager::CreateEventQueueIfNotExist: create queue 19088.1757122078 (CCXP)...
[09/06/25 02:59:00.846] [T1659694] [info] CSXSEventQueueManager::RemoveEventQueueByChannel: remove queue 19088.1757122078 (CCXP) for channel 9...
[09/06/25 03:00:07.787] [T1724038] [info] CSXSEventQueueManager::CreateEventQueueIfNotExist: create queue 19328.1757124007 (CCXP)...
[09/06/25 16:37:17.501] [T3343007] [info] CSXSEventQueueManager::CreateEventQueueIfNotExist: create queue 26329.1757173037 (CCH_UPI)...
[09/06/25 16:42:20.554] [T3343007] [info] CSXSEventQueueManager::RemoveEventQueueByChannel: remove queue 26329.1757173037 (CCH_UPI) for channel 24...
[09/07/25 01:31:09.731] [T1724038] [info] CSXSEventQueueManager::RemoveEventQueueByChannel: remove queue 19328.1757124007 (CCXP) for channel 8...
[09/07/25 01:32:20.710] [T4658100] [info] CSXSEventQueueManager::CreateEventQueueIfNotExist: create queue 31365.1757205140 (CCXP)...
[09/07/25 02:03:23.287] [T4658100] [info] CSXSEventQueueManager::RemoveEventQueueByChannel: remove queue 31365.1757205140 (CCXP) for channel 8...
[09/07/25 02:04:27.576] [T4739908] [info] CSXSEventQueueManager::CreateEventQueueIfNotExist: create queue 31606.1757207067 (CCXP)...
[09/07/25 02:35:29.319] [T4739908] [info] CSXSEventQueueManager::RemoveEventQueueByChannel: remove queue 31606.1757207067 (CCXP) for channel 8...
[09/07/25 02:36:36.723] [T4813274] [info] CSXSEventQueueManager::CreateEventQueueIfNotExist: create queue 31865.1757208996 (CCXP)...
[09/07/25 03:07:37.696] [T4813283] [info] CSXSEventQueueManager::RemoveEventQueueByChannel: remove queue 31865.1757208996 (CCXP) for channel 9...
[09/07/25 03:08:39.375] [T4869171] [info] CSXSEventQueueManager::CreateEventQueueIfNotExist: create queue 32344.1757210919 (CCXP)...
[09/07/25 16:34:21.930] [T6873875] [info] CSXSEventQueueManager::CreateEventQueueIfNotExist: create queue 41091.1757259261 (CCH_UPI)...
[09/07/25 16:39:24.527] [T6873908] [info] CSXSEventQueueManager::RemoveEventQueueByChannel: remove queue 41091.1757259261 (CCH_UPI) for channel 25...
[09/08/25 01:39:42.871] [T4869173] [info] CSXSEventQueueManager::RemoveEventQueueByChannel: remove queue 32344.1757210919 (CCXP) for channel 9...
[09/08/25 01:40:54.823] [T8238561] [info] CSXSEventQueueManager::CreateEventQueueIfNotExist: create queue 45482.1757292054 (CCXP)...
[09/08/25 02:19:55.098] [T38170] [info] AdobeIPCBroker version: 7.2.1
[09/08/25 02:19:55.144] [T38229] [info] CSXSEventQueueManager::CreateEventQueueIfNotExist: create queue 808.1757294394 (CCXP)...
[09/08/25 02:19:57.733] [T38748] [info] CSXSEventQueueManager::CreateEventQueueIfNotExist: create queue 857.1757294397 (ACHP)...
[09/08/25 02:19:57.734] [T38747] [info] CSXSEventQueueManager::CreateEventQueueIfNotExist: create queue 766.1757294397 (ACCC)...
[09/08/25 02:19:57.972] [T38809] [info] CSXSEventQueueManager::CreateEventQueueIfNotExist: create queue 862.1757294397 (ACHP)...
[09/08/25 02:19:58.304] [T38925] [info] CSXSEventQueueManager::CreateEventQueueIfNotExist: create queue 864.1757294398 (ADCS)...
[09/08/25 02:19:58.800] [T38768] [info] CSXSEventQueueManager::RemoveEventQueueByChannel: remove queue 857.1757294397 (ACHP) for channel 6...
[09/08/25 02:20:03.191] [T39524] [info] CSXSEventQueueManager::CreateEventQueueIfNotExist: create queue 890.1757294403 (COSY)...
[09/08/25 02:20:03.886] [T39671] [info] CSXSEventQueueManager::CreateEventQueueIfNotExist: create queue 905.1757294403 (COSY)...
[09/08/25 02:20:06.801] [T40157] [info] CSXSEventQueueManager::CreateEventQueueIfNotExist: create queue 941.1757294406 (CCH_UPI)...
[09/08/25 02:25:09.220] [T40191] [info] CSXSEventQueueManager::RemoveEventQueueByChannel: remove queue 941.1757294406 (CCH_UPI) for channel 15...
[09/08/25 02:50:55.961] [T38229] [info] CSXSEventQueueManager::RemoveEventQueueByChannel: remove queue 808.1757294394 (CCXP) for channel 2...
[09/08/25 02:52:02.308] [T137140] [info] CSXSEventQueueManager::CreateEventQueueIfNotExist: create queue 1512.1757296322 (CCXP)...
[09/08/25 03:23:04.715] [T137140] [info] CSXSEventQueueManager::RemoveEventQueueByChannel: remove queue 1512.1757296322 (CCXP) for channel 2...
[09/08/25 03:24:06.415] [T225771] [info] CSXSEventQueueManager::CreateEventQueueIfNotExist: create queue 1891.1757298246 (CCXP)...
[09/08/25 16:13:22.924] [T7139] [info] AdobeIPCBroker version: 7.2.1
[09/08/25 16:13:22.931] [T7195] [info] CSXSEventQueueManager::CreateEventQueueIfNotExist: create queue 797.1757344402 (CCXP)...
[09/08/25 16:13:25.831] [T8047] [info] CSXSEventQueueManager::CreateEventQueueIfNotExist: create queue 720.1757344405 (ACCC)...
[09/08/25 16:13:25.831] [T8048] [info] CSXSEventQueueManager::CreateEventQueueIfNotExist: create queue 857.1757344405 (ACHP)...
[09/08/25 16:13:26.170] [T8146] [info] CSXSEventQueueManager::CreateEventQueueIfNotExist: create queue 870.1757344406 (ACHP)...
[09/08/25 16:13:27.107] [T8403] [info] CSXSEventQueueManager::CreateEventQueueIfNotExist: create queue 873.1757344407 (ADCS)...
[09/08/25 16:13:31.489] [T8066] [info] CSXSEventQueueManager::RemoveEventQueueByChannel: remove queue 857.1757344405 (ACHP) for channel 6...
[09/08/25 16:13:34.310] [T9314] [info] CSXSEventQueueManager::CreateEventQueueIfNotExist: create queue 931.1757344414 (COSY)...
[09/08/25 16:13:34.736] [T9392] [info] CSXSEventQueueManager::CreateEventQueueIfNotExist: create queue 942.1757344414 (COSY)...
[09/08/25 16:13:37.451] [T9834] [info] CSXSEventQueueManager::CreateEventQueueIfNotExist: create queue 973.1757344417 (CCH_UPI)...
[09/08/25 16:18:42.465] [T9858] [info] CSXSEventQueueManager::RemoveEventQueueByChannel: remove queue 973.1757344417 (CCH_UPI) for channel 15...
[09/09/25 01:14:25.475] [T7195] [info] CSXSEventQueueManager::RemoveEventQueueByChannel: remove queue 797.1757344402 (CCXP) for channel 2...
[09/09/25 01:15:29.298] [T1400652] [info] CSXSEventQueueManager::CreateEventQueueIfNotExist: create queue 6472.1757376929 (CCXP)...
[09/09/25 01:46:30.121] [T1400652] [info] CSXSEventQueueManager::RemoveEventQueueByChannel: remove queue 6472.1757376929 (CCXP) for channel 2...
[09/09/25 01:47:43.914] [T1492639] [info] CSXSEventQueueManager::CreateEventQueueIfNotExist: create queue 6997.1757378863 (CCXP)...
[09/09/25 02:18:45.245] [T1492639] [info] CSXSEventQueueManager::RemoveEventQueueByChannel: remove queue 6997.1757378863 (CCXP) for channel 2...
[09/09/25 02:19:56.394] [T1594426] [info] CSXSEventQueueManager::CreateEventQueueIfNotExist: create queue 7604.1757380796 (CCXP)...
[09/09/25 02:51:00.387] [T1594426] [info] CSXSEventQueueManager::RemoveEventQueueByChannel: remove queue 7604.1757380796 (CCXP) for channel 2...
[09/09/25 02:52:02.123] [T1697204] [info] CSXSEventQueueManager::CreateEventQueueIfNotExist: create queue 8127.1757382722 (CCXP)...
[09/09/25 03:55:38.552] [T8120] [info] AdobeIPCBroker version: 7.2.1
[09/09/25 03:55:38.560] [T8144] [info] CSXSEventQueueManager::CreateEventQueueIfNotExist: create queue 808.1757386538 (CCXP)...
[09/09/25 03:55:40.864] [T8622] [info] CSXSEventQueueManager::CreateEventQueueIfNotExist: create queue 750.1757386540 (ACCC)...
[09/09/25 03:55:40.868] [T8626] [info] CSXSEventQueueManager::CreateEventQueueIfNotExist: create queue 864.1757386540 (ACHP)...
[09/09/25 03:55:41.150] [T8737] [info] CSXSEventQueueManager::CreateEventQueueIfNotExist: create queue 872.1757386541 (ACHP)...
[09/09/25 03:55:41.525] [T8860] [info] CSXSEventQueueManager::CreateEventQueueIfNotExist: create queue 873.1757386541 (ADCS)...
[09/09/25 03:55:41.970] [T8638] [info] CSXSEventQueueManager::RemoveEventQueueByChannel: remove queue 864.1757386540 (ACHP) for channel 6...
[09/09/25 03:55:43.939] [T9319] [info] CSXSEventQueueManager::CreateEventQueueIfNotExist: create queue 904.1757386543 (COSY)...
[09/09/25 03:55:44.496] [T9414] [info] CSXSEventQueueManager::CreateEventQueueIfNotExist: create queue 913.1757386544 (COSY)...
[09/09/25 03:55:48.815] [T10119] [info] CSXSEventQueueManager::CreateEventQueueIfNotExist: create queue 961.1757386548 (CCH_UPI)...
[09/09/25 04:00:51.342] [T10119] [info] CSXSEventQueueManager::RemoveEventQueueByChannel: remove queue 961.1757386548 (CCH_UPI) for channel 14...
[09/09/25 17:46:29.085] [T569238] [info] AdobeIPCBroker version: 7.2.1
[09/09/25 17:46:29.121] [T569259] [info] CSXSEventQueueManager::CreateEventQueueIfNotExist: create queue 2940.1757436388 (CCXP)...
[09/09/25 17:46:40.113] [T570669] [info] CSXSEventQueueManager::CreateEventQueueIfNotExist: create queue 3017.1757436400 (ACHP)...
[09/09/25 17:46:40.145] [T570679] [info] CSXSEventQueueManager::CreateEventQueueIfNotExist: create queue 2931.1757436400 (ACCC)...
[09/09/25 17:46:40.666] [T570804] [info] CSXSEventQueueManager::CreateEventQueueIfNotExist: create queue 3023.1757436400 (ACHP)...
[09/09/25 17:46:41.287] [T570951] [info] CSXSEventQueueManager::CreateEventQueueIfNotExist: create queue 3025.1757436401 (ADCS)...
[09/09/25 17:46:42.413] [T570682] [info] CSXSEventQueueManager::RemoveEventQueueByChannel: remove queue 3017.1757436400 (ACHP) for channel 14...
[09/09/25 17:46:42.820] [T571166] [info] CSXSEventQueueManager::CreateEventQueueIfNotExist: create queue 3033.1757436402 (COSY)...
[09/09/25 17:46:43.710] [T571327] [info] CSXSEventQueueManager::CreateEventQueueIfNotExist: create queue 3043.1757436403 (COSY)...
[09/09/25 17:46:48.172] [T571940] [info] CSXSEventQueueManager::CreateEventQueueIfNotExist: create queue 3064.1757436408 (CCH_UPI)...
[09/09/25 17:51:51.205] [T571968] [info] CSXSEventQueueManager::RemoveEventQueueByChannel: remove queue 3064.1757436408 (CCH_UPI) for channel 23...
[09/10/25 01:17:30.165] [T569264] [info] CSXSEventQueueManager::RemoveEventQueueByChannel: remove queue 2940.1757436388 (CCXP) for channel 10...
[09/10/25 01:18:41.541] [T1668163] [info] CSXSEventQueueManager::CreateEventQueueIfNotExist: create queue 8163.1757463521 (CCXP)...
[09/10/25 01:49:43.797] [T1668165] [info] CSXSEventQueueManager::RemoveEventQueueByChannel: remove queue 8163.1757463521 (CCXP) for channel 10...
[09/10/25 01:50:45.414] [T1740812] [info] CSXSEventQueueManager::CreateEventQueueIfNotExist: create queue 8599.1757465445 (CCXP)...
[09/10/25 02:21:47.017] [T1740817] [info] CSXSEventQueueManager::RemoveEventQueueByChannel: remove queue 8599.1757465445 (CCXP) for channel 10...
[09/10/25 02:22:54.781] [T1820655] [info] CSXSEventQueueManager::CreateEventQueueIfNotExist: create queue 8803.1757467374 (CCXP)...
[09/10/25 02:53:57.212] [T1820655] [info] CSXSEventQueueManager::RemoveEventQueueByChannel: remove queue 8803.1757467374 (CCXP) for channel 2...
[09/10/25 02:54:59.719] [T1895851] [info] CSXSEventQueueManager::CreateEventQueueIfNotExist: create queue 9165.1757469299 (CCXP)...
[09/10/25 17:43:52.246] [T4042761] [info] CSXSEventQueueManager::CreateEventQueueIfNotExist: create queue 17882.1757522632 (CCH_UPI)...
[09/10/25 18:05:19.739] [T4042761] [info] CSXSEventQueueManager::RemoveEventQueueByChannel: remove queue 17882.1757522632 (CCH_UPI) for channel 11...
[09/11/25 01:31:26.973] [T1895852] [info] CSXSEventQueueManager::RemoveEventQueueByChannel: remove queue 9165.1757469299 (CCXP) for channel 10...
[09/11/25 01:32:35.938] [T5142472] [info] CSXSEventQueueManager::CreateEventQueueIfNotExist: create queue 22987.1757550755 (CCXP)...
[09/11/25 02:03:37.285] [T5142472] [info] CSXSEventQueueManager::RemoveEventQueueByChannel: remove queue 22987.1757550755 (CCXP) for channel 2...
[09/11/25 02:04:38.456] [T5214435] [info] CSXSEventQueueManager::CreateEventQueueIfNotExist: create queue 23401.1757552678 (CCXP)...
[09/11/25 02:35:39.068] [T5214441] [info] CSXSEventQueueManager::RemoveEventQueueByChannel: remove queue 23401.1757552678 (CCXP) for channel 10...
[09/11/25 02:36:42.788] [T5288917] [info] CSXSEventQueueManager::CreateEventQueueIfNotExist: create queue 23703.1757554602 (CCXP)...
[09/11/25 03:07:44.759] [T5288920] [info] CSXSEventQueueManager::RemoveEventQueueByChannel: remove queue 23703.1757554602 (CCXP) for channel 10...
[09/11/25 03:08:46.528] [T5364305] [info] CSXSEventQueueManager::CreateEventQueueIfNotExist: create queue 24267.1757556526 (CCXP)...
[09/11/25 17:40:52.903] [T570804] [info] CSXSEventQueueManager::RemoveEventQueueByChannel: remove queue 3023.1757436400 (ACHP) for channel 15...
[09/11/25 17:40:53.291] [T7608987] [info] CSXSEventQueueManager::CreateEventQueueIfNotExist: create queue 36167.1757608853 (ACHP)...
[09/11/25 17:40:53.572] [T7609051] [info] CSXSEventQueueManager::CreateEventQueueIfNotExist: create queue 36168.1757608853 (CCH_UPI)...
[09/11/25 17:46:00.011] [T7609070] [info] CSXSEventQueueManager::RemoveEventQueueByChannel: remove queue 36168.1757608853 (CCH_UPI) for channel 22...
[09/12/25 01:37:16.150] [T5364305] [info] CSXSEventQueueManager::RemoveEventQueueByChannel: remove queue 24267.1757556526 (CCXP) for channel 2...
[09/12/25 01:38:25.382] [T8551924] [info] CSXSEventQueueManager::CreateEventQueueIfNotExist: create queue 40063.1757637505 (CCXP)...
[09/12/25 02:10:11.391] [T8551928] [info] CSXSEventQueueManager::RemoveEventQueueByChannel: remove queue 40063.1757637505 (CCXP) for channel 10...
[09/12/25 02:16:13.357] [T8572129] [info] CSXSEventQueueManager::CreateEventQueueIfNotExist: create queue 40243.1757639773 (CCXP)...
[09/12/25 02:47:14.380] [T8572129] [info] CSXSEventQueueManager::RemoveEventQueueByChannel: remove queue 40243.1757639773 (CCXP) for channel 2...
[09/12/25 02:49:15.115] [T8607828] [info] CSXSEventQueueManager::CreateEventQueueIfNotExist: create queue 40573.1757641755 (CCXP)...
[09/12/25 03:20:19.290] [T8607828] [info] CSXSEventQueueManager::RemoveEventQueueByChannel: remove queue 40573.1757641755 (CCXP) for channel 2...
[09/12/25 03:21:21.620] [T8634667] [info] CSXSEventQueueManager::CreateEventQueueIfNotExist: create queue 40703.1757643681 (CCXP)...
[09/12/25 17:37:57.350] [T9753867] [info] CSXSEventQueueManager::CreateEventQueueIfNotExist: create queue 47780.1757695077 (CCH_UPI)...
[09/12/25 17:42:58.972] [T9753867] [info] CSXSEventQueueManager::RemoveEventQueueByChannel: remove queue 47780.1757695077 (CCH_UPI) for channel 16...
[09/13/25 01:24:00.107] [T8634667] [info] CSXSEventQueueManager::RemoveEventQueueByChannel: remove queue 40703.1757643681 (CCXP) for channel 2...
[09/13/25 01:25:09.689] [T10670743] [info] CSXSEventQueueManager::CreateEventQueueIfNotExist: create queue 52863.1757723109 (CCXP)...
[09/13/25 01:56:10.292] [T10670743] [info] CSXSEventQueueManager::RemoveEventQueueByChannel: remove queue 52863.1757723109 (CCXP) for channel 2...
[09/13/25 01:57:17.790] [T10735146] [info] CSXSEventQueueManager::CreateEventQueueIfNotExist: create queue 53183.1757725037 (CCXP)...
[09/13/25 02:22:34.353] [T8232] [info] AdobeIPCBroker version: 7.2.1
[09/13/25 02:22:34.375] [T8248] [info] CSXSEventQueueManager::CreateEventQueueIfNotExist: create queue 790.1757726554 (CCXP)...
[09/13/25 02:22:41.266] [T9758] [info] CSXSEventQueueManager::CreateEventQueueIfNotExist: create queue 724.1757726561 (ACCC)...
[09/13/25 02:22:41.267] [T9759] [info] CSXSEventQueueManager::CreateEventQueueIfNotExist: create queue 904.1757726561 (ACHP)...
[09/13/25 02:22:41.378] [T9792] [info] CSXSEventQueueManager::CreateEventQueueIfNotExist: create queue 909.1757726561 (ACHP)...
[09/13/25 02:22:41.652] [T9887] [info] CSXSEventQueueManager::CreateEventQueueIfNotExist: create queue 912.1757726561 (ADCS)...
[09/13/25 02:22:42.093] [T9767] [info] CSXSEventQueueManager::RemoveEventQueueByChannel: remove queue 904.1757726561 (ACHP) for channel 6...
[09/13/25 02:22:42.302] [T10025] [info] CSXSEventQueueManager::CreateEventQueueIfNotExist: create queue 923.1757726562 (COSY)...
[09/13/25 02:22:43.300] [T10259] [info] CSXSEventQueueManager::CreateEventQueueIfNotExist: create queue 940.1757726563 (COSY)...
[09/13/25 02:22:46.914] [T10861] [info] CSXSEventQueueManager::CreateEventQueueIfNotExist: create queue 961.1757726566 (CCH_UPI)...
[09/13/25 02:27:48.099] [T10861] [info] CSXSEventQueueManager::RemoveEventQueueByChannel: remove queue 961.1757726566 (CCH_UPI) for channel 14...
[09/13/25 02:53:35.438] [T8256] [info] CSXSEventQueueManager::RemoveEventQueueByChannel: remove queue 790.1757726554 (CCXP) for channel 3...
[09/13/25 02:54:41.497] [T90229] [info] CSXSEventQueueManager::CreateEventQueueIfNotExist: create queue 1820.1757728481 (CCXP)...
[09/14/25 01:10:05.079] [T90229] [info] CSXSEventQueueManager::RemoveEventQueueByChannel: remove queue 1820.1757728481 (CCXP) for channel 2...
[09/14/25 01:11:12.083] [T2832624] [info] CSXSEventQueueManager::CreateEventQueueIfNotExist: create queue 14775.1757808672 (CCXP)...
[09/14/25 01:42:16.152] [T2832624] [info] CSXSEventQueueManager::RemoveEventQueueByChannel: remove queue 14775.1757808672 (CCXP) for channel 2...
[09/14/25 01:43:22.490] [T2913295] [info] CSXSEventQueueManager::CreateEventQueueIfNotExist: create queue 15266.1757810602 (CCXP)...
[09/14/25 02:14:23.922] [T2913301] [info] CSXSEventQueueManager::RemoveEventQueueByChannel: remove queue 15266.1757810602 (CCXP) for channel 3...
[09/14/25 02:15:25.143] [T2992849] [info] CSXSEventQueueManager::CreateEventQueueIfNotExist: create queue 15674.1757812525 (CCXP)...
[09/14/25 02:19:59.963] [T3003431] [info] CSXSEventQueueManager::CreateEventQueueIfNotExist: create queue 15778.1757812799 (CCH_UPI)...
[09/14/25 02:25:04.402] [T3003431] [info] CSXSEventQueueManager::RemoveEventQueueByChannel: remove queue 15778.1757812799 (CCH_UPI) for channel 14...
[09/14/25 03:16:29.946] [T2992858] [info] CSXSEventQueueManager::RemoveEventQueueByChannel: remove queue 15674.1757812525 (CCXP) for channel 3...
[09/14/25 03:17:37.056] [T3156932] [info] CSXSEventQueueManager::CreateEventQueueIfNotExist: create queue 16878.1757816257 (CCXP)...
[09/15/25 01:18:38.401] [T3156932] [info] CSXSEventQueueManager::RemoveEventQueueByChannel: remove queue 16878.1757816257 (CCXP) for channel 2...
[09/15/25 01:19:48.601] [T6855617] [info] CSXSEventQueueManager::CreateEventQueueIfNotExist: create queue 91940.1757895588 (CCXP)...
[09/15/25 01:50:49.596] [T6855622] [info] CSXSEventQueueManager::RemoveEventQueueByChannel: remove queue 91940.1757895588 (CCXP) for channel 3...
[09/15/25 01:51:53.115] [T6943701] [info] CSXSEventQueueManager::CreateEventQueueIfNotExist: create queue 92554.1757897513 (CCXP)...
[09/15/25 02:17:57.745] [T7013618] [info] CSXSEventQueueManager::CreateEventQueueIfNotExist: create queue 93216.1757899077 (CCH_UPI)...
[09/15/25 02:23:12.387] [T7759] [info] AdobeIPCBroker version: 7.2.1
[09/15/25 02:23:12.417] [T7824] [info] CSXSEventQueueManager::CreateEventQueueIfNotExist: create queue 771.1757899392 (CCXP)...
[09/15/25 02:23:25.600] [T10218] [info] CSXSEventQueueManager::CreateEventQueueIfNotExist: create queue 706.1757899405 (ACCC)...
[09/15/25 02:23:25.601] [T10219] [info] CSXSEventQueueManager::CreateEventQueueIfNotExist: create queue 873.1757899405 (ACHP)...
[09/15/25 02:23:26.381] [T10404] [info] CSXSEventQueueManager::CreateEventQueueIfNotExist: create queue 925.1757899406 (ACHP)...
[09/15/25 02:23:29.042] [T11042] [info] CSXSEventQueueManager::CreateEventQueueIfNotExist: create queue 946.1757899409 (ADCS)...
[09/15/25 02:23:31.031] [T11591] [info] CSXSEventQueueManager::CreateEventQueueIfNotExist: create queue 968.1757899411 (COSY)...
[09/15/25 02:23:31.211] [T10243] [info] CSXSEventQueueManager::RemoveEventQueueByChannel: remove queue 873.1757899405 (ACHP) for channel 14...
[09/15/25 02:23:31.856] [T11693] [info] CSXSEventQueueManager::CreateEventQueueIfNotExist: create queue 981.1757899411 (COSY)...
[09/15/25 02:23:33.530] [T11950] [info] CSXSEventQueueManager::CreateEventQueueIfNotExist: create queue 990.1757899413 (CCH_UPI)...
[09/15/25 02:28:36.725] [T11950] [info] CSXSEventQueueManager::RemoveEventQueueByChannel: remove queue 990.1757899413 (CCH_UPI) for channel 22...
[09/15/25 02:54:13.285] [T7848] [info] CSXSEventQueueManager::RemoveEventQueueByChannel: remove queue 771.1757899392 (CCXP) for channel 11...
[09/15/25 02:55:14.127] [T111634] [info] CSXSEventQueueManager::CreateEventQueueIfNotExist: create queue 1458.1757901314 (CCXP)...
[09/16/25 01:26:19.797] [T111635] [info] CSXSEventQueueManager::RemoveEventQueueByChannel: remove queue 1458.1757901314 (CCXP) for channel 11...
[09/16/25 01:27:22.168] [T3274059] [info] CSXSEventQueueManager::CreateEventQueueIfNotExist: create queue 17530.1757982442 (CCXP)...
[09/16/25 01:58:24.745] [T3274063] [info] CSXSEventQueueManager::RemoveEventQueueByChannel: remove queue 17530.1757982442 (CCXP) for channel 11...
[09/16/25 01:59:31.608] [T3344697] [info] CSXSEventQueueManager::CreateEventQueueIfNotExist: create queue 17767.1757984371 (CCXP)...
[09/16/25 02:20:39.754] [T3394273] [info] CSXSEventQueueManager::CreateEventQueueIfNotExist: create queue 18013.1757985639 (CCH_UPI)...
[09/16/25 02:25:45.433] [T3394273] [info] CSXSEventQueueManager::RemoveEventQueueByChannel: remove queue 18013.1757985639 (CCH_UPI) for channel 22...
[09/16/25 02:30:36.303] [T3344697] [info] CSXSEventQueueManager::RemoveEventQueueByChannel: remove queue 17767.1757984371 (CCXP) for channel 10...
[09/16/25 02:31:43.105] [T3418877] [info] CSXSEventQueueManager::CreateEventQueueIfNotExist: create queue 18326.1757986303 (CCXP)...
[09/16/25 03:02:45.238] [T3418877] [info] CSXSEventQueueManager::RemoveEventQueueByChannel: remove queue 18326.1757986303 (CCXP) for channel 10...
[09/16/25 03:03:52.163] [T3474113] [info] CSXSEventQueueManager::CreateEventQueueIfNotExist: create queue 18642.1757988232 (CCXP)...
[09/16/25 13:56:06.805] [T7028] [info] AdobeIPCBroker version: 7.2.1
[09/16/25 13:56:06.822] [T7040] [info] CSXSEventQueueManager::CreateEventQueueIfNotExist: create queue 757.1758027366 (CCXP)...
[09/16/25 13:56:13.142] [T8233] [info] CSXSEventQueueManager::CreateEventQueueIfNotExist: create queue 719.1758027373 (ACCC)...
[09/16/25 13:56:13.142] [T8234] [info] CSXSEventQueueManager::CreateEventQueueIfNotExist: create queue 869.1758027373 (ACHP)...
[09/16/25 13:56:13.350] [T8269] [info] CSXSEventQueueManager::CreateEventQueueIfNotExist: create queue 873.1758027373 (ACHP)...
[09/16/25 13:56:13.634] [T8353] [info] CSXSEventQueueManager::CreateEventQueueIfNotExist: create queue 874.1758027373 (ADCS)...
[09/16/25 13:56:14.363] [T8674] [info] CSXSEventQueueManager::CreateEventQueueIfNotExist: create queue 889.1758027374 (COSY)...
[09/16/25 13:56:14.440] [T8239] [info] CSXSEventQueueManager::RemoveEventQueueByChannel: remove queue 869.1758027373 (ACHP) for channel 6...
[09/16/25 13:56:15.154] [T9022] [info] CSXSEventQueueManager::CreateEventQueueIfNotExist: create queue 902.1758027375 (COSY)...
[09/16/25 13:56:17.947] [T9273] [info] CSXSEventQueueManager::CreateEventQueueIfNotExist: create queue 920.1758027377 (CCH_UPI)...
[09/16/25 14:01:20.251] [T9289] [info] CSXSEventQueueManager::RemoveEventQueueByChannel: remove queue 920.1758027377 (CCH_UPI) for channel 15...
[09/17/25 01:13:06.343] [T7044] [info] CSXSEventQueueManager::RemoveEventQueueByChannel: remove queue 757.1758027366 (CCXP) for channel 3...
[09/17/25 01:14:08.041] [T406005] [info] CSXSEventQueueManager::CreateEventQueueIfNotExist: create queue 6449.1758068048 (CCXP)...
[09/17/25 01:45:09.010] [T406005] [info] CSXSEventQueueManager::RemoveEventQueueByChannel: remove queue 6449.1758068048 (CCXP) for channel 2...
[09/17/25 01:46:10.359] [T434530] [info] CSXSEventQueueManager::CreateEventQueueIfNotExist: create queue 6802.1758069970 (CCXP)...
[09/17/25 02:32:23.867] [T434531] [info] CSXSEventQueueManager::RemoveEventQueueByChannel: remove queue 6802.1758069970 (CCXP) for channel 3...
[09/17/25 02:33:38.879] [T461810] [info] CSXSEventQueueManager::CreateEventQueueIfNotExist: create queue 7263.1758072818 (CCXP)...
[09/17/25 03:04:39.910] [T461810] [info] CSXSEventQueueManager::RemoveEventQueueByChannel: remove queue 7263.1758072818 (CCXP) for channel 2...
[09/17/25 03:05:46.511] [T483866] [info] CSXSEventQueueManager::CreateEventQueueIfNotExist: create queue 7474.1758074746 (CCXP)...
[09/17/25 13:53:20.913] [T799090] [info] CSXSEventQueueManager::CreateEventQueueIfNotExist: create queue 12194.1758113600 (CCH_UPI)...
[09/17/25 13:58:22.011] [T799090] [info] CSXSEventQueueManager::RemoveEventQueueByChannel: remove queue 12194.1758113600 (CCH_UPI) for channel 14...
[09/18/25 01:53:28.792] [T483866] [info] CSXSEventQueueManager::RemoveEventQueueByChannel: remove queue 7474.1758074746 (CCXP) for channel 2...
[09/18/25 01:55:48.988] [T1235294] [info] CSXSEventQueueManager::CreateEventQueueIfNotExist: create queue 18268.1758156948 (CCXP)...
[09/18/25 02:26:50.373] [T1235295] [info] CSXSEventQueueManager::RemoveEventQueueByChannel: remove queue 18268.1758156948 (CCXP) for channel 3...
[09/18/25 02:28:10.543] [T1245729] [info] CSXSEventQueueManager::CreateEventQueueIfNotExist: create queue 18505.1758158890 (CCXP)...
[09/18/25 03:25:55.935] [T1245732] [info] CSXSEventQueueManager::RemoveEventQueueByChannel: remove queue 18505.1758158890 (CCXP) for channel 3...
[09/18/25 03:27:08.907] [T1258039] [info] CSXSEventQueueManager::CreateEventQueueIfNotExist: create queue 18803.1758162428 (CCXP)...
[09/18/25 04:30:59.589] [T1258039] [info] CSXSEventQueueManager::RemoveEventQueueByChannel: remove queue 18803.1758162428 (CCXP) for channel 2...
[09/18/25 04:42:43.565] [T1265786] [info] CSXSEventQueueManager::CreateEventQueueIfNotExist: create queue 18980.1758166963 (CCXP)...
[09/18/25 13:50:22.745] [T1703664] [info] CSXSEventQueueManager::CreateEventQueueIfNotExist: create queue 24900.1758199822 (CCH_UPI)...
[09/18/25 14:44:52.345] [T1703664] [info] CSXSEventQueueManager::RemoveEventQueueByChannel: remove queue 24900.1758199822 (CCH_UPI) for channel 14...
[09/19/25 01:07:26.773] [T1265786] [info] CSXSEventQueueManager::RemoveEventQueueByChannel: remove queue 18980.1758166963 (CCXP) for channel 2...
[09/19/25 01:08:28.277] [T1997327] [info] CSXSEventQueueManager::CreateEventQueueIfNotExist: create queue 28766.1758240508 (CCXP)...
[09/19/25 01:39:30.744] [T1997327] [info] CSXSEventQueueManager::RemoveEventQueueByChannel: remove queue 28766.1758240508 (CCXP) for channel 2...
[09/19/25 01:40:32.725] [T2025803] [info] CSXSEventQueueManager::CreateEventQueueIfNotExist: create queue 29075.1758242432 (CCXP)...
[09/19/25 02:11:34.120] [T2025807] [info] CSXSEventQueueManager::RemoveEventQueueByChannel: remove queue 29075.1758242432 (CCXP) for channel 3...
[09/19/25 02:12:46.479] [T2055922] [info] CSXSEventQueueManager::CreateEventQueueIfNotExist: create queue 29407.1758244366 (CCXP)...
[09/19/25 02:43:47.885] [T2055922] [info] CSXSEventQueueManager::RemoveEventQueueByChannel: remove queue 29407.1758244366 (CCXP) for channel 2...
[09/19/25 02:44:54.216] [T2085450] [info] CSXSEventQueueManager::CreateEventQueueIfNotExist: create queue 29691.1758246294 (CCXP)...
[09/19/25 13:47:22.966] [T8277] [info] CSXSEventQueueManager::RemoveEventQueueByChannel: remove queue 873.1758027373 (ACHP) for channel 8...
[09/19/25 13:47:23.764] [T2703872] [info] CSXSEventQueueManager::CreateEventQueueIfNotExist: create queue 34640.1758286043 (CCH_UPI)...
[09/19/25 13:47:24.294] [T2703919] [info] CSXSEventQueueManager::CreateEventQueueIfNotExist: create queue 34644.1758286044 (ACHP)...
[09/19/25 13:52:36.904] [T2703872] [info] CSXSEventQueueManager::RemoveEventQueueByChannel: remove queue 34640.1758286043 (CCH_UPI) for channel 7...
[09/19/25 15:16:43.337] [T9844] [info] AdobeIPCBroker version: 7.2.1
[09/19/25 15:16:43.361] [T9864] [info] CSXSEventQueueManager::CreateEventQueueIfNotExist: create queue 1022.1758291403 (CCXP)...
[09/19/25 15:16:51.901] [T11338] [info] CSXSEventQueueManager::CreateEventQueueIfNotExist: create queue 971.1758291411 (ACCC)...
[09/19/25 15:16:55.346] [T11685] [info] CSXSEventQueueManager::CreateEventQueueIfNotExist: create queue 1133.1758291415 (ACHP)...
[09/19/25 15:16:55.850] [T11877] [info] CSXSEventQueueManager::CreateEventQueueIfNotExist: create queue 1181.1758291415 (ACHP)...
[09/19/25 15:16:56.227] [T11993] [info] CSXSEventQueueManager::CreateEventQueueIfNotExist: create queue 1187.1758291416 (ADCS)...
[09/19/25 15:16:57.104] [T12190] [info] CSXSEventQueueManager::CreateEventQueueIfNotExist: create queue 1207.1758291417 (COSY)...
[09/19/25 15:16:57.141] [T11689] [info] CSXSEventQueueManager::RemoveEventQueueByChannel: remove queue 1133.1758291415 (ACHP) for channel 6...
[09/19/25 15:16:57.764] [T12322] [info] CSXSEventQueueManager::CreateEventQueueIfNotExist: create queue 1220.1758291417 (COSY)...
[09/19/25 15:17:00.231] [T12650] [info] CSXSEventQueueManager::CreateEventQueueIfNotExist: create queue 1243.1758291420 (CCH_UPI)...
[09/19/25 15:22:02.476] [T12661] [info] CSXSEventQueueManager::RemoveEventQueueByChannel: remove queue 1243.1758291420 (CCH_UPI) for channel 15...
[09/20/25 01:35:14.047] [T9872] [info] CSXSEventQueueManager::RemoveEventQueueByChannel: remove queue 1022.1758291403 (CCXP) for channel 3...
[09/20/25 01:36:24.949] [T388454] [info] CSXSEventQueueManager::CreateEventQueueIfNotExist: create queue 6378.1758328584 (CCXP)...
[09/20/25 02:07:26.049] [T388454] [info] CSXSEventQueueManager::RemoveEventQueueByChannel: remove queue 6378.1758328584 (CCXP) for channel 2...
[09/20/25 02:08:28.173] [T412822] [info] CSXSEventQueueManager::CreateEventQueueIfNotExist: create queue 6630.1758330508 (CCXP)...
[09/20/25 02:51:17.184] [T412823] [info] CSXSEventQueueManager::RemoveEventQueueByChannel: remove queue 6630.1758330508 (CCXP) for channel 3...
[09/20/25 02:52:18.649] [T430470] [info] CSXSEventQueueManager::CreateEventQueueIfNotExist: create queue 7013.1758333138 (CCXP)...
[09/20/25 03:23:21.018] [T430472] [info] CSXSEventQueueManager::RemoveEventQueueByChannel: remove queue 7013.1758333138 (CCXP) for channel 3...
[09/20/25 03:24:23.322] [T452406] [info] CSXSEventQueueManager::CreateEventQueueIfNotExist: create queue 7344.1758335063 (CCXP)...
[09/20/25 15:14:05.574] [T921117] [info] CSXSEventQueueManager::CreateEventQueueIfNotExist: create queue 13825.1758377645 (CCH_UPI)...
[09/20/25 15:19:06.280] [T921133] [info] CSXSEventQueueManager::RemoveEventQueueByChannel: remove queue 13825.1758377645 (CCH_UPI) for channel 15...
[09/21/25 01:10:39.580] [T452408] [info] CSXSEventQueueManager::RemoveEventQueueByChannel: remove queue 7344.1758335063 (CCXP) for channel 3...
[09/21/25 01:11:44.561] [T1258608] [info] CSXSEventQueueManager::CreateEventQueueIfNotExist: create queue 19940.1758413504 (CCXP)...
[09/21/25 01:42:47.548] [T1258612] [info] CSXSEventQueueManager::RemoveEventQueueByChannel: remove queue 19940.1758413504 (CCXP) for channel 3...
[09/21/25 01:43:54.060] [T1282938] [info] CSXSEventQueueManager::CreateEventQueueIfNotExist: create queue 20326.1758415434 (CCXP)...
[09/21/25 02:14:56.354] [T1282939] [info] CSXSEventQueueManager::RemoveEventQueueByChannel: remove queue 20326.1758415434 (CCXP) for channel 3...
[09/21/25 02:15:57.731] [T1309056] [info] CSXSEventQueueManager::CreateEventQueueIfNotExist: create queue 20677.1758417357 (CCXP)...
[09/21/25 02:46:59.266] [T1309056] [info] CSXSEventQueueManager::RemoveEventQueueByChannel: remove queue 20677.1758417357 (CCXP) for channel 2...
[09/21/25 02:48:01.245] [T1334425] [info] CSXSEventQueueManager::CreateEventQueueIfNotExist: create queue 21028.1758419281 (CCXP)...
[09/21/25 10:19:17.887] [T11290] [info] AdobeIPCBroker version: 7.2.1
[09/21/25 10:19:17.935] [T11308] [info] CSXSEventQueueManager::CreateEventQueueIfNotExist: create queue 979.1758446357 (CCXP)...
[09/21/25 10:19:21.656] [T11865] [info] CSXSEventQueueManager::CreateEventQueueIfNotExist: create queue 1017.1758446361 (ACHP)...
[09/21/25 10:19:21.656] [T11864] [info] CSXSEventQueueManager::CreateEventQueueIfNotExist: create queue 961.1758446361 (ACCC)...
[09/21/25 10:19:21.999] [T11914] [info] CSXSEventQueueManager::CreateEventQueueIfNotExist: create queue 1023.1758446361 (ACHP)...
[09/21/25 10:19:22.647] [T11999] [info] CSXSEventQueueManager::CreateEventQueueIfNotExist: create queue 1026.1758446362 (ADCS)...
[09/21/25 10:19:23.688] [T11870] [info] CSXSEventQueueManager::RemoveEventQueueByChannel: remove queue 1017.1758446361 (ACHP) for channel 6...
[09/21/25 10:19:23.820] [T12217] [info] CSXSEventQueueManager::CreateEventQueueIfNotExist: create queue 1037.1758446363 (COSY)...
[09/21/25 10:19:25.123] [T12346] [info] CSXSEventQueueManager::CreateEventQueueIfNotExist: create queue 1048.1758446365 (COSY)...
[09/21/25 10:19:39.098] [T13602] [info] CSXSEventQueueManager::CreateEventQueueIfNotExist: create queue 1082.1758446379 (CCH_UPI)...
[09/21/25 10:24:42.938] [T13632] [info] CSXSEventQueueManager::RemoveEventQueueByChannel: remove queue 1082.1758446379 (CCH_UPI) for channel 15...
[09/22/25 02:01:17.214] [T11308] [info] CSXSEventQueueManager::RemoveEventQueueByChannel: remove queue 979.1758446357 (CCXP) for channel 2...
[09/22/25 02:02:31.459] [T996231] [info] CSXSEventQueueManager::CreateEventQueueIfNotExist: create queue 8966.1758502951 (CCXP)...
[09/22/25 02:33:32.564] [T996235] [info] CSXSEventQueueManager::RemoveEventQueueByChannel: remove queue 8966.1758502951 (CCXP) for channel 3...
[09/22/25 02:34:33.722] [T1023889] [info] CSXSEventQueueManager::CreateEventQueueIfNotExist: create queue 9283.1758504873 (CCXP)...
[09/22/25 03:05:34.363] [T1023889] [info] CSXSEventQueueManager::RemoveEventQueueByChannel: remove queue 9283.1758504873 (CCXP) for channel 2...
[09/22/25 03:06:35.926] [T1049449] [info] CSXSEventQueueManager::CreateEventQueueIfNotExist: create queue 9664.1758506795 (CCXP)...
[09/22/25 03:37:36.632] [T1049450] [info] CSXSEventQueueManager::RemoveEventQueueByChannel: remove queue 9664.1758506795 (CCXP) for channel 3...
[09/22/25 03:38:38.716] [T1079508] [info] CSXSEventQueueManager::CreateEventQueueIfNotExist: create queue 10096.1758508718 (CCXP)...
[09/22/25 10:16:42.587] [T1577531] [info] CSXSEventQueueManager::CreateEventQueueIfNotExist: create queue 13486.1758532602 (CCH_UPI)...
[09/22/25 10:21:46.406] [T1577531] [info] CSXSEventQueueManager::RemoveEventQueueByChannel: remove queue 13486.1758532602 (CCH_UPI) for channel 14...
[09/23/25 01:21:27.255] [T1079508] [info] CSXSEventQueueManager::RemoveEventQueueByChannel: remove queue 10096.1758508718 (CCXP) for channel 2...
[09/23/25 01:22:35.244] [T2461147] [info] CSXSEventQueueManager::CreateEventQueueIfNotExist: create queue 22390.1758586955 (CCXP)...
[09/23/25 01:53:35.794] [T2461147] [info] CSXSEventQueueManager::RemoveEventQueueByChannel: remove queue 22390.1758586955 (CCXP) for channel 2...
[09/23/25 01:54:42.948] [T2478467] [info] CSXSEventQueueManager::CreateEventQueueIfNotExist: create queue 22763.1758588882 (CCXP)...
[09/23/25 02:35:27.385] [T2478467] [info] CSXSEventQueueManager::RemoveEventQueueByChannel: remove queue 22763.1758588882 (CCXP) for channel 2...
[09/23/25 02:36:29.065] [T2489629] [info] CSXSEventQueueManager::CreateEventQueueIfNotExist: create queue 23055.1758591389 (CCXP)...
[09/23/25 03:18:33.459] [T2489630] [info] CSXSEventQueueManager::RemoveEventQueueByChannel: remove queue 23055.1758591389 (CCXP) for channel 3...
[09/23/25 03:21:37.486] [T2500022] [info] CSXSEventQueueManager::CreateEventQueueIfNotExist: create queue 23212.1758594097 (CCXP)...
[09/23/25 10:13:45.116] [T2811242] [info] CSXSEventQueueManager::CreateEventQueueIfNotExist: create queue 26457.1758618825 (CCH_UPI)...
[09/23/25 10:18:52.748] [T2811242] [info] CSXSEventQueueManager::RemoveEventQueueByChannel: remove queue 26457.1758618825 (CCH_UPI) for channel 14...
[09/24/25 01:07:42.217] [T2500022] [info] CSXSEventQueueManager::RemoveEventQueueByChannel: remove queue 23212.1758594097 (CCXP) for channel 2...
[09/24/25 01:08:44.172] [T3427118] [info] CSXSEventQueueManager::CreateEventQueueIfNotExist: create queue 34393.1758672524 (CCXP)...
[09/24/25 01:39:45.405] [T3427119] [info] CSXSEventQueueManager::RemoveEventQueueByChannel: remove queue 34393.1758672524 (CCXP) for channel 3...
[09/24/25 01:40:46.811] [T3453537] [info] CSXSEventQueueManager::CreateEventQueueIfNotExist: create queue 34724.1758674446 (CCXP)...
[09/24/25 02:11:48.643] [T3453537] [info] CSXSEventQueueManager::RemoveEventQueueByChannel: remove queue 34724.1758674446 (CCXP) for channel 2...
[09/24/25 02:12:50.975] [T3481090] [info] CSXSEventQueueManager::CreateEventQueueIfNotExist: create queue 35022.1758676370 (CCXP)...
[09/24/25 02:43:52.435] [T3481091] [info] CSXSEventQueueManager::RemoveEventQueueByChannel: remove queue 35022.1758676370 (CCXP) for channel 3...
[09/24/25 02:44:53.900] [T3506921] [info] CSXSEventQueueManager::CreateEventQueueIfNotExist: create queue 35427.1758678293 (CCXP)...
[09/24/25 10:10:46.459] [T11920] [info] CSXSEventQueueManager::RemoveEventQueueByChannel: remove queue 1023.1758446361 (ACHP) for channel 8...
[09/24/25 10:10:46.730] [T3934185] [info] CSXSEventQueueManager::CreateEventQueueIfNotExist: create queue 40069.1758705046 (CCH_UPI)...
[09/24/25 10:10:46.731] [T3934186] [info] CSXSEventQueueManager::CreateEventQueueIfNotExist: create queue 40072.1758705046 (ACHP)...
[09/24/25 10:15:50.463] [T3934205] [info] CSXSEventQueueManager::RemoveEventQueueByChannel: remove queue 40069.1758705046 (CCH_UPI) for channel 15...
[09/24/25 10:51:43.438] [T7499] [info] AdobeIPCBroker version: 7.2.1
[09/24/25 10:51:43.485] [T7559] [info] CSXSEventQueueManager::CreateEventQueueIfNotExist: create queue 786.1758707503 (CCXP)...
[09/24/25 10:51:49.743] [T8817] [info] CSXSEventQueueManager::CreateEventQueueIfNotExist: create queue 908.1758707509 (ACHP)...
[09/24/25 10:51:49.743] [T8816] [info] CSXSEventQueueManager::CreateEventQueueIfNotExist: create queue 760.1758707509 (ACCC)...
[09/24/25 10:51:50.025] [T8849] [info] CSXSEventQueueManager::CreateEventQueueIfNotExist: create queue 909.1758707510 (ACHP)...
[09/24/25 10:51:50.227] [T8900] [info] CSXSEventQueueManager::CreateEventQueueIfNotExist: create queue 910.1758707510 (ADCS)...
[09/24/25 10:51:51.024] [T8828] [info] CSXSEventQueueManager::RemoveEventQueueByChannel: remove queue 908.1758707509 (ACHP) for channel 15...
[09/24/25 10:51:51.209] [T9065] [info] CSXSEventQueueManager::CreateEventQueueIfNotExist: create queue 922.1758707511 (COSY)...
[09/24/25 10:51:51.688] [T9117] [info] CSXSEventQueueManager::CreateEventQueueIfNotExist: create queue 930.1758707511 (COSY)...
[09/24/25 10:51:54.417] [T9412] [info] CSXSEventQueueManager::CreateEventQueueIfNotExist: create queue 948.1758707514 (CCH_UPI)...
[09/24/25 10:56:59.055] [T9422] [info] CSXSEventQueueManager::RemoveEventQueueByChannel: remove queue 948.1758707514 (CCH_UPI) for channel 24...
[09/25/25 01:04:36.406] [T7559] [info] CSXSEventQueueManager::RemoveEventQueueByChannel: remove queue 786.1758707503 (CCXP) for channel 11...
[09/25/25 01:05:43.423] [T488996] [info] CSXSEventQueueManager::CreateEventQueueIfNotExist: create queue 8964.1758758743 (CCXP)...
[09/25/25 01:36:48.094] [T488996] [info] CSXSEventQueueManager::RemoveEventQueueByChannel: remove queue 8964.1758758743 (CCXP) for channel 10...
[09/25/25 01:37:56.034] [T507492] [info] CSXSEventQueueManager::CreateEventQueueIfNotExist: create queue 9388.1758760676 (CCXP)...
[09/25/25 02:08:56.686] [T507492] [info] CSXSEventQueueManager::RemoveEventQueueByChannel: remove queue 9388.1758760676 (CCXP) for channel 10...
[09/25/25 02:10:08.901] [T523598] [info] CSXSEventQueueManager::CreateEventQueueIfNotExist: create queue 9622.1758762608 (CCXP)...
[09/25/25 02:41:11.790] [T523599] [info] CSXSEventQueueManager::RemoveEventQueueByChannel: remove queue 9622.1758762608 (CCXP) for channel 11...
[09/25/25 02:42:20.714] [T601959] [info] CSXSEventQueueManager::CreateEventQueueIfNotExist: create queue 24877.1758764540 (CCXP)...
[09/25/25 10:49:02.104] [T865200] [info] CSXSEventQueueManager::CreateEventQueueIfNotExist: create queue 29841.1758793742 (CCH_UPI)...
[09/25/25 10:54:03.776] [T865200] [info] CSXSEventQueueManager::RemoveEventQueueByChannel: remove queue 29841.1758793742 (CCH_UPI) for channel 12...
[09/26/25 01:13:24.529] [T601959] [info] CSXSEventQueueManager::RemoveEventQueueByChannel: remove queue 24877.1758764540 (CCXP) for channel 10...
[09/26/25 01:14:36.072] [T1495257] [info] CSXSEventQueueManager::CreateEventQueueIfNotExist: create queue 38768.1758845676 (CCXP)...
[09/26/25 01:45:38.259] [T1495259] [info] CSXSEventQueueManager::RemoveEventQueueByChannel: remove queue 38768.1758845676 (CCXP) for channel 11...
[09/26/25 01:46:39.454] [T1522513] [info] CSXSEventQueueManager::CreateEventQueueIfNotExist: create queue 39143.1758847599 (CCXP)...
[09/26/25 02:17:41.204] [T1522521] [info] CSXSEventQueueManager::RemoveEventQueueByChannel: remove queue 39143.1758847599 (CCXP) for channel 11...
[09/26/25 02:18:44.786] [T1549633] [info] CSXSEventQueueManager::CreateEventQueueIfNotExist: create queue 39364.1758849524 (CCXP)...
[09/26/25 02:49:47.430] [T1549633] [info] CSXSEventQueueManager::RemoveEventQueueByChannel: remove queue 39364.1758849524 (CCXP) for channel 10...
[09/26/25 02:50:51.453] [T1578356] [info] CSXSEventQueueManager::CreateEventQueueIfNotExist: create queue 39688.1758851451 (CCXP)...
[09/26/25 10:46:07.319] [T1935189] [info] CSXSEventQueueManager::CreateEventQueueIfNotExist: create queue 44185.1758879967 (CCH_UPI)...
[09/26/25 10:51:08.979] [T1935189] [info] CSXSEventQueueManager::RemoveEventQueueByChannel: remove queue 44185.1758879967 (CCH_UPI) for channel 12...
[09/27/25 01:11:31.611] [T1578356] [info] CSXSEventQueueManager::RemoveEventQueueByChannel: remove queue 39688.1758851451 (CCXP) for channel 10...
[09/27/25 01:30:12.984] [T2540655] [info] CSXSEventQueueManager::CreateEventQueueIfNotExist: create queue 51730.1758933012 (CCXP)...
[09/27/25 02:22:35.638] [T2540660] [info] CSXSEventQueueManager::RemoveEventQueueByChannel: remove queue 51730.1758933012 (CCXP) for channel 11...
[09/27/25 02:31:31.821] [T2546678] [info] CSXSEventQueueManager::CreateEventQueueIfNotExist: create queue 51889.1758936691 (CCXP)...
[09/27/25 03:21:25.952] [T2546678] [info] CSXSEventQueueManager::RemoveEventQueueByChannel: remove queue 51889.1758936691 (CCXP) for channel 10...
[09/27/25 03:32:31.825] [T2551206] [info] CSXSEventQueueManager::CreateEventQueueIfNotExist: create queue 51978.1758940351 (CCXP)...
[09/27/25 04:22:34.988] [T2551206] [info] CSXSEventQueueManager::RemoveEventQueueByChannel: remove queue 51978.1758940351 (CCXP) for channel 10...
[09/27/25 04:33:46.448] [T2555943] [info] CSXSEventQueueManager::CreateEventQueueIfNotExist: create queue 52085.1758944026 (CCXP)...
[09/27/25 10:55:45.808] [T2592258] [info] CSXSEventQueueManager::CreateEventQueueIfNotExist: create queue 52960.1758966945 (CCH_UPI)...
[09/27/25 12:13:42.301] [T2592298] [info] CSXSEventQueueManager::RemoveEventQueueByChannel: remove queue 52960.1758966945 (CCH_UPI) for channel 23...
[09/28/25 00:12:56.865] [T7096] [info] AdobeIPCBroker version: 7.2.1
[09/28/25 00:12:56.911] [T7128] [info] CSXSEventQueueManager::CreateEventQueueIfNotExist: create queue 771.1759014776 (CCXP)...
[09/28/25 00:13:07.287] [T8745] [info] CSXSEventQueueManager::CreateEventQueueIfNotExist: create queue 718.1759014787 (ACCC)...
[09/28/25 00:13:07.288] [T8746] [info] CSXSEventQueueManager::CreateEventQueueIfNotExist: create queue 856.1759014787 (ACHP)...
[09/28/25 00:13:09.863] [T9033] [info] CSXSEventQueueManager::CreateEventQueueIfNotExist: create queue 920.1759014789 (ACHP)...
[09/28/25 00:13:11.899] [T9454] [info] CSXSEventQueueManager::CreateEventQueueIfNotExist: create queue 934.1759014791 (ADCS)...
[09/28/25 00:13:12.952] [T8753] [info] CSXSEventQueueManager::RemoveEventQueueByChannel: remove queue 856.1759014787 (ACHP) for channel 6...
[09/28/25 00:13:13.078] [T9727] [info] CSXSEventQueueManager::CreateEventQueueIfNotExist: create queue 965.1759014793 (COSY)...
[09/28/25 00:13:14.099] [T9989] [info] CSXSEventQueueManager::CreateEventQueueIfNotExist: create queue 990.1759014794 (COSY)...
[09/28/25 00:13:17.943] [T10688] [info] CSXSEventQueueManager::CreateEventQueueIfNotExist: create queue 1001.1759014797 (CCH_UPI)...
[09/28/25 00:18:21.149] [T10720] [info] CSXSEventQueueManager::RemoveEventQueueByChannel: remove queue 1001.1759014797 (CCH_UPI) for channel 15...
[09/28/25 01:13:58.514] [T7128] [info] CSXSEventQueueManager::RemoveEventQueueByChannel: remove queue 771.1759014776 (CCXP) for channel 2...
[09/28/25 01:14:59.772] [T93171] [info] CSXSEventQueueManager::CreateEventQueueIfNotExist: create queue 2272.1759018499 (CCXP)...
[09/28/25 01:46:00.224] [T93171] [info] CSXSEventQueueManager::RemoveEventQueueByChannel: remove queue 2272.1759018499 (CCXP) for channel 2...
[09/28/25 01:47:06.389] [T135858] [info] CSXSEventQueueManager::CreateEventQueueIfNotExist: create queue 2805.1759020426 (CCXP)...
[09/28/25 02:18:08.653] [T135858] [info] CSXSEventQueueManager::RemoveEventQueueByChannel: remove queue 2805.1759020426 (CCXP) for channel 2...
[09/28/25 02:19:09.825] [T173178] [info] CSXSEventQueueManager::CreateEventQueueIfNotExist: create queue 3323.1759022349 (CCXP)...
[09/28/25 02:50:10.765] [T173179] [info] CSXSEventQueueManager::RemoveEventQueueByChannel: remove queue 3323.1759022349 (CCXP) for channel 3...
[09/28/25 02:51:17.065] [T215052] [info] CSXSEventQueueManager::CreateEventQueueIfNotExist: create queue 3902.1759024277 (CCXP)...
[09/29/25 00:10:20.643] [T1284843] [info] CSXSEventQueueManager::CreateEventQueueIfNotExist: create queue 18353.1759101020 (CCH_UPI)...
[09/29/25 00:15:21.875] [T1284843] [info] CSXSEventQueueManager::RemoveEventQueueByChannel: remove queue 18353.1759101020 (CCH_UPI) for channel 14...
[09/29/25 01:22:18.500] [T215052] [info] CSXSEventQueueManager::RemoveEventQueueByChannel: remove queue 3902.1759024277 (CCXP) for channel 2...
[09/29/25 01:23:30.302] [T1338910] [info] CSXSEventQueueManager::CreateEventQueueIfNotExist: create queue 19097.1759105410 (CCXP)...
[09/29/25 01:54:32.695] [T1338910] [info] CSXSEventQueueManager::RemoveEventQueueByChannel: remove queue 19097.1759105410 (CCXP) for channel 2...
[09/29/25 01:55:35.533] [T1360773] [info] CSXSEventQueueManager::CreateEventQueueIfNotExist: create queue 19303.1759107335 (CCXP)...
[09/29/25 02:26:37.992] [T1360774] [info] CSXSEventQueueManager::RemoveEventQueueByChannel: remove queue 19303.1759107335 (CCXP) for channel 3...
[09/29/25 02:27:41.202] [T1385796] [info] CSXSEventQueueManager::CreateEventQueueIfNotExist: create queue 19664.1759109261 (CCXP)...
[09/29/25 02:58:43.987] [T1385796] [info] CSXSEventQueueManager::RemoveEventQueueByChannel: remove queue 19664.1759109261 (CCXP) for channel 2...
[09/29/25 02:59:46.583] [T1408233] [info] CSXSEventQueueManager::CreateEventQueueIfNotExist: create queue 19996.1759111186 (CCXP)...
[09/30/25 00:07:24.998] [T9033] [info] CSXSEventQueueManager::RemoveEventQueueByChannel: remove queue 920.1759014789 (ACHP) for channel 7...
[09/30/25 00:07:25.310] [T2217134] [info] CSXSEventQueueManager::CreateEventQueueIfNotExist: create queue 32341.1759187245 (CCH_UPI)...
[09/30/25 00:07:25.603] [T2217173] [info] CSXSEventQueueManager::CreateEventQueueIfNotExist: create queue 32344.1759187245 (ACHP)...
[09/30/25 00:07:29.977] [T1408235] [info] CSXSEventQueueManager::RemoveEventQueueByChannel: remove queue 19996.1759111186 (CCXP) for channel 3...
[09/30/25 00:08:01.164] [T2219026] [info] CSXSEventQueueManager::CreateEventQueueIfNotExist: create queue 32474.1759187281 (CCXP)...
[09/30/25 00:12:31.812] [T2217134] [info] CSXSEventQueueManager::RemoveEventQueueByChannel: remove queue 32341.1759187245 (CCH_UPI) for channel 7...
[09/30/25 01:39:03.872] [T2219029] [info] CSXSEventQueueManager::RemoveEventQueueByChannel: remove queue 32474.1759187281 (CCXP) for channel 3...
[09/30/25 01:40:10.992] [T2323605] [info] CSXSEventQueueManager::CreateEventQueueIfNotExist: create queue 33614.1759192810 (CCXP)...
[09/30/25 02:11:11.873] [T2323605] [info] CSXSEventQueueManager::RemoveEventQueueByChannel: remove queue 33614.1759192810 (CCXP) for channel 2...
[09/30/25 02:12:23.356] [T2366947] [info] CSXSEventQueueManager::CreateEventQueueIfNotExist: create queue 34073.1759194743 (CCXP)...
[09/30/25 02:43:27.500] [T2366952] [info] CSXSEventQueueManager::RemoveEventQueueByChannel: remove queue 34073.1759194743 (CCXP) for channel 3...
[09/30/25 02:44:28.993] [T2413476] [info] CSXSEventQueueManager::CreateEventQueueIfNotExist: create queue 34717.1759196668 (CCXP)...
[09/30/25 03:15:30.307] [T2413477] [info] CSXSEventQueueManager::RemoveEventQueueByChannel: remove queue 34717.1759196668 (CCXP) for channel 3...
[09/30/25 03:16:34.757] [T2455602] [info] CSXSEventQueueManager::CreateEventQueueIfNotExist: create queue 35430.1759198594 (CCXP)...
[10/01/25 00:04:27.358] [T3146140] [info] CSXSEventQueueManager::CreateEventQueueIfNotExist: create queue 45231.1759273467 (CCH_UPI)...
[10/01/25 00:09:29.873] [T3146140] [info] CSXSEventQueueManager::RemoveEventQueueByChannel: remove queue 45231.1759273467 (CCH_UPI) for channel 7...
[10/01/25 01:06:52.941] [T7167] [info] AdobeIPCBroker version: 7.2.1
[10/01/25 01:06:52.949] [T7191] [info] CSXSEventQueueManager::CreateEventQueueIfNotExist: create queue 768.1759277212 (CCXP)...
[10/01/25 01:07:07.410] [T9707] [info] CSXSEventQueueManager::CreateEventQueueIfNotExist: create queue 713.1759277227 (ACCC)...
[10/01/25 01:07:08.776] [T9848] [info] CSXSEventQueueManager::CreateEventQueueIfNotExist: create queue 922.1759277228 (ACHP)...
[10/01/25 01:07:08.921] [T9895] [info] CSXSEventQueueManager::CreateEventQueueIfNotExist: create queue 935.1759277228 (ACHP)...
[10/01/25 01:07:09.436] [T9984] [info] CSXSEventQueueManager::CreateEventQueueIfNotExist: create queue 939.1759277229 (ADCS)...
[10/01/25 01:07:09.794] [T9859] [info] CSXSEventQueueManager::RemoveEventQueueByChannel: remove queue 922.1759277228 (ACHP) for channel 13...
[10/01/25 01:07:10.274] [T10117] [info] CSXSEventQueueManager::CreateEventQueueIfNotExist: create queue 952.1759277230 (COSY)...
[10/01/25 01:07:11.038] [T10216] [info] CSXSEventQueueManager::CreateEventQueueIfNotExist: create queue 963.1759277231 (COSY)...
[10/01/25 01:07:13.439] [T10417] [info] CSXSEventQueueManager::CreateEventQueueIfNotExist: create queue 973.1759277233 (CCH_UPI)...
[10/01/25 01:12:14.446] [T10417] [info] CSXSEventQueueManager::RemoveEventQueueByChannel: remove queue 973.1759277233 (CCH_UPI) for channel 21...
[10/01/25 01:37:57.764] [T7200] [info] CSXSEventQueueManager::RemoveEventQueueByChannel: remove queue 768.1759277212 (CCXP) for channel 10...
[10/01/25 01:39:27.608] [T52539] [info] CSXSEventQueueManager::CreateEventQueueIfNotExist: create queue 1738.1759279167 (CCXP)...
[10/01/25 02:10:28.215] [T52539] [info] CSXSEventQueueManager::RemoveEventQueueByChannel: remove queue 1738.1759279167 (CCXP) for channel 2...
[10/01/25 02:11:30.983] [T60939] [info] CSXSEventQueueManager::CreateEventQueueIfNotExist: create queue 1872.1759281090 (CCXP)...
[10/01/25 02:52:39.482] [T60940] [info] CSXSEventQueueManager::RemoveEventQueueByChannel: remove queue 1872.1759281090 (CCXP) for channel 10...
[10/01/25 02:53:42.554] [T67828] [info] CSXSEventQueueManager::CreateEventQueueIfNotExist: create queue 2042.1759283622 (CCXP)...
[10/01/25 03:33:39.259] [T67829] [info] CSXSEventQueueManager::RemoveEventQueueByChannel: remove queue 2042.1759283622 (CCXP) for channel 10...
[10/01/25 04:06:57.327] [T73830] [info] CSXSEventQueueManager::CreateEventQueueIfNotExist: create queue 2230.1759288017 (CCXP)...
[10/02/25 01:04:18.381] [T823051] [info] CSXSEventQueueManager::CreateEventQueueIfNotExist: create queue 28306.1759363458 (CCH_UPI)...
[10/02/25 01:09:21.615] [T823051] [info] CSXSEventQueueManager::RemoveEventQueueByChannel: remove queue 28306.1759363458 (CCH_UPI) for channel 21...
[10/02/25 01:22:50.306] [T73832] [info] CSXSEventQueueManager::RemoveEventQueueByChannel: remove queue 2230.1759288017 (CCXP) for channel 10...
[10/02/25 01:24:01.676] [T842613] [info] CSXSEventQueueManager::CreateEventQueueIfNotExist: create queue 28642.1759364641 (CCXP)...
[10/02/25 02:10:21.540] [T842613] [info] CSXSEventQueueManager::RemoveEventQueueByChannel: remove queue 28642.1759364641 (CCXP) for channel 2...
[10/02/25 02:26:43.600] [T868077] [info] CSXSEventQueueManager::CreateEventQueueIfNotExist: create queue 29097.1759368403 (CCXP)...
[10/02/25 03:17:42.073] [T868077] [info] CSXSEventQueueManager::RemoveEventQueueByChannel: remove queue 29097.1759368403 (CCXP) for channel 2...
[10/02/25 03:34:04.953] [T873042] [info] CSXSEventQueueManager::CreateEventQueueIfNotExist: create queue 29249.1759372444 (CCXP)...
[10/02/25 04:09:22.094] [T873042] [info] CSXSEventQueueManager::RemoveEventQueueByChannel: remove queue 29249.1759372444 (CCXP) for channel 2...
[10/02/25 04:25:57.148] [T877253] [info] CSXSEventQueueManager::CreateEventQueueIfNotExist: create queue 29330.1759375557 (CCXP)...
[10/03/25 01:01:21.159] [T1347313] [info] CSXSEventQueueManager::CreateEventQueueIfNotExist: create queue 35358.1759449681 (CCH_UPI)...
[10/03/25 01:06:25.884] [T1347313] [info] CSXSEventQueueManager::RemoveEventQueueByChannel: remove queue 35358.1759449681 (CCH_UPI) for channel 21...
[10/03/25 01:19:16.020] [T877255] [info] CSXSEventQueueManager::RemoveEventQueueByChannel: remove queue 29330.1759375557 (CCXP) for channel 10...
[10/03/25 01:20:22.576] [T1362634] [info] CSXSEventQueueManager::CreateEventQueueIfNotExist: create queue 35601.1759450822 (CCXP)...
[10/03/25 01:51:25.316] [T1362634] [info] CSXSEventQueueManager::RemoveEventQueueByChannel: remove queue 35601.1759450822 (CCXP) for channel 2...
[10/03/25 01:52:26.959] [T1387749] [info] CSXSEventQueueManager::CreateEventQueueIfNotExist: create queue 35958.1759452746 (CCXP)...
[10/03/25 02:23:27.651] [T1387750] [info] CSXSEventQueueManager::RemoveEventQueueByChannel: remove queue 35958.1759452746 (CCXP) for channel 10...
[10/03/25 02:24:32.120] [T1409470] [info] CSXSEventQueueManager::CreateEventQueueIfNotExist: create queue 36199.1759454672 (CCXP)...
[10/03/25 02:55:33.065] [T1409474] [info] CSXSEventQueueManager::RemoveEventQueueByChannel: remove queue 36199.1759454672 (CCXP) for channel 10...
[10/03/25 02:56:39.608] [T1434410] [info] CSXSEventQueueManager::CreateEventQueueIfNotExist: create queue 36437.1759456599 (CCXP)...
[10/03/25 23:41:53.642] [T2253345] [info] CSXSEventQueueManager::CreateEventQueueIfNotExist: create queue 46565.1759531313 (ACHP)...
[10/03/25 23:41:53.738] [T9898] [info] CSXSEventQueueManager::RemoveEventQueueByChannel: remove queue 935.1759277228 (ACHP) for channel 15...
[10/03/25 23:41:53.782] [T2253382] [info] CSXSEventQueueManager::CreateEventQueueIfNotExist: create queue 46571.1759531313 (ACHP)...
[10/04/25 01:20:12.252] [T1434411] [info] CSXSEventQueueManager::RemoveEventQueueByChannel: remove queue 36437.1759456599 (CCXP) for channel 10...
[10/04/25 01:21:13.622] [T2334407] [info] CSXSEventQueueManager::CreateEventQueueIfNotExist: create queue 47626.1759537273 (CCXP)...
[10/04/25 01:52:17.706] [T2334412] [info] CSXSEventQueueManager::RemoveEventQueueByChannel: remove queue 47626.1759537273 (CCXP) for channel 10...
[10/04/25 01:53:19.361] [T2359075] [info] CSXSEventQueueManager::CreateEventQueueIfNotExist: create queue 47805.1759539199 (CCXP)...
[10/04/25 02:24:22.188] [T2359079] [info] CSXSEventQueueManager::RemoveEventQueueByChannel: remove queue 47805.1759539199 (CCXP) for channel 10...
[10/04/25 02:25:23.817] [T2385154] [info] CSXSEventQueueManager::CreateEventQueueIfNotExist: create queue 48117.1759541123 (CCXP)...
[10/04/25 02:56:25.388] [T2385160] [info] CSXSEventQueueManager::RemoveEventQueueByChannel: remove queue 48117.1759541123 (CCXP) for channel 10...
[10/04/25 02:57:39.695] [T2412676] [info] CSXSEventQueueManager::CreateEventQueueIfNotExist: create queue 48414.1759543059 (CCXP)...
[10/05/25 01:57:38.263] [T2412677] [info] CSXSEventQueueManager::RemoveEventQueueByChannel: remove queue 48414.1759543059 (CCXP) for channel 10...
[10/05/25 02:08:52.641] [T3021774] [info] CSXSEventQueueManager::CreateEventQueueIfNotExist: create queue 57072.1759626532 (CCXP)...
[10/05/25 03:04:36.610] [T3021774] [info] CSXSEventQueueManager::RemoveEventQueueByChannel: remove queue 57072.1759626532 (CCXP) for channel 2...
[10/05/25 03:10:05.601] [T3027264] [info] CSXSEventQueueManager::CreateEventQueueIfNotExist: create queue 57210.1759630205 (CCXP)...
[10/05/25 03:59:09.271] [T3027266] [info] CSXSEventQueueManager::RemoveEventQueueByChannel: remove queue 57210.1759630205 (CCXP) for channel 10...
[10/05/25 04:10:53.189] [T3032048] [info] CSXSEventQueueManager::CreateEventQueueIfNotExist: create queue 57331.1759633853 (CCXP)...
[10/05/25 04:47:08.459] [T3032051] [info] CSXSEventQueueManager::RemoveEventQueueByChannel: remove queue 57331.1759633853 (CCXP) for channel 10...
[10/05/25 04:48:25.183] [T3036805] [info] CSXSEventQueueManager::CreateEventQueueIfNotExist: create queue 57425.1759636105 (CCXP)...
[10/05/25 18:19:01.068] [T10007] [info] AdobeIPCBroker version: 7.2.1
[10/05/25 18:19:01.096] [T10017] [info] CSXSEventQueueManager::CreateEventQueueIfNotExist: create queue 1021.1759684740 (CCXP)...
[10/05/25 18:19:12.115] [T12230] [info] CSXSEventQueueManager::CreateEventQueueIfNotExist: create queue 1173.1759684752 (ACHP)...
[10/05/25 18:19:12.116] [T12229] [info] CSXSEventQueueManager::CreateEventQueueIfNotExist: create queue 983.1759684752 (ACCC)...
[10/05/25 18:19:14.686] [T12526] [info] CSXSEventQueueManager::CreateEventQueueIfNotExist: create queue 1217.1759684754 (ACHP)...
[10/05/25 18:19:14.926] [T12600] [info] CSXSEventQueueManager::CreateEventQueueIfNotExist: create queue 1219.1759684754 (ADCS)...
[10/05/25 18:19:15.387] [T12239] [info] CSXSEventQueueManager::RemoveEventQueueByChannel: remove queue 1173.1759684752 (ACHP) for channel 6...
[10/05/25 18:19:15.485] [T12743] [info] CSXSEventQueueManager::CreateEventQueueIfNotExist: create queue 1232.1759684755 (COSY)...
[10/05/25 18:19:16.164] [T12823] [info] CSXSEventQueueManager::CreateEventQueueIfNotExist: create queue 1245.1759684756 (ACHP)...
[10/05/25 18:19:16.204] [T12844] [info] CSXSEventQueueManager::CreateEventQueueIfNotExist: create queue 1242.1759684756 (COSY)...
[10/06/25 01:20:01.894] [T10027] [info] CSXSEventQueueManager::RemoveEventQueueByChannel: remove queue 1021.1759684740 (CCXP) for channel 3...
[10/06/25 01:21:15.981] [T395766] [info] CSXSEventQueueManager::CreateEventQueueIfNotExist: create queue 6893.1759710075 (CCXP)...
[10/06/25 01:52:19.435] [T395771] [info] CSXSEventQueueManager::RemoveEventQueueByChannel: remove queue 6893.1759710075 (CCXP) for channel 3...
[10/06/25 01:53:20.646] [T422284] [info] CSXSEventQueueManager::CreateEventQueueIfNotExist: create queue 7270.1759712000 (CCXP)...
[10/06/25 02:24:25.721] [T422284] [info] CSXSEventQueueManager::RemoveEventQueueByChannel: remove queue 7270.1759712000 (CCXP) for channel 2...
[10/06/25 02:25:26.849] [T444802] [info] CSXSEventQueueManager::CreateEventQueueIfNotExist: create queue 7519.1759713926 (CCXP)...
[10/06/25 02:56:30.020] [T444802] [info] CSXSEventQueueManager::RemoveEventQueueByChannel: remove queue 7519.1759713926 (CCXP) for channel 2...
[10/06/25 02:57:31.300] [T469556] [info] CSXSEventQueueManager::CreateEventQueueIfNotExist: create queue 7760.1759715851 (CCXP)...
[10/07/25 01:45:34.160] [T469556] [info] CSXSEventQueueManager::RemoveEventQueueByChannel: remove queue 7760.1759715851 (CCXP) for channel 2...
[10/07/25 02:02:27.082] [T1253248] [info] CSXSEventQueueManager::CreateEventQueueIfNotExist: create queue 21377.1759798947 (CCXP)...
[10/07/25 02:33:35.664] [T1253249] [info] CSXSEventQueueManager::RemoveEventQueueByChannel: remove queue 21377.1759798947 (CCXP) for channel 3...
[10/07/25 02:34:41.339] [T1271991] [info] CSXSEventQueueManager::CreateEventQueueIfNotExist: create queue 21603.1759800881 (CCXP)...
[10/07/25 03:05:44.177] [T1271992] [info] CSXSEventQueueManager::RemoveEventQueueByChannel: remove queue 21603.1759800881 (CCXP) for channel 3...
[10/07/25 03:06:45.299] [T1297956] [info] CSXSEventQueueManager::CreateEventQueueIfNotExist: create queue 21859.1759802805 (CCXP)...
[10/07/25 03:37:46.000] [T1297956] [info] CSXSEventQueueManager::RemoveEventQueueByChannel: remove queue 21859.1759802805 (CCXP) for channel 2...
[10/07/25 03:38:47.357] [T1326087] [info] CSXSEventQueueManager::CreateEventQueueIfNotExist: create queue 22145.1759804727 (CCXP)...
[10/07/25 20:13:37.244] [T7704] [info] AdobeIPCBroker version: 7.2.1
[10/07/25 20:13:37.261] [T7742] [info] CSXSEventQueueManager::CreateEventQueueIfNotExist: create queue 810.1759864417 (CCXP)...
[10/07/25 20:13:42.697] [T8849] [info] CSXSEventQueueManager::CreateEventQueueIfNotExist: create queue 753.1759864422 (ACCC)...
[10/07/25 20:13:42.697] [T8850] [info] CSXSEventQueueManager::CreateEventQueueIfNotExist: create queue 892.1759864422 (ACHP)...
[10/07/25 20:13:43.148] [T8913] [info] CSXSEventQueueManager::CreateEventQueueIfNotExist: create queue 899.1759864423 (ACHP)...
[10/07/25 20:13:44.540] [T8855] [info] CSXSEventQueueManager::RemoveEventQueueByChannel: remove queue 892.1759864422 (ACHP) for channel 14...
[10/07/25 20:13:44.556] [T9020] [info] CSXSEventQueueManager::CreateEventQueueIfNotExist: create queue 901.1759864424 (ADCS)...
[10/07/25 20:13:45.145] [T9121] [info] CSXSEventQueueManager::CreateEventQueueIfNotExist: create queue 914.1759864425 (COSY)...
[10/07/25 20:13:45.654] [T9182] [info] CSXSEventQueueManager::CreateEventQueueIfNotExist: create queue 923.1759864425 (COSY)...
[10/07/25 20:13:45.662] [T9187] [info] CSXSEventQueueManager::CreateEventQueueIfNotExist: create queue 925.1759864425 (ACHP)...
[10/07/25 20:13:45.678] [T9190] [info] CSXSEventQueueManager::CreateEventQueueIfNotExist: create queue 926.1759864425 (ACHP)...
[10/07/25 20:13:45.712] [T9192] [info] CSXSEventQueueManager::RemoveEventQueueByChannel: remove queue 925.1759864425 (ACHP) for channel 23...
[10/07/25 20:13:45.734] [T9222] [info] CSXSEventQueueManager::CreateEventQueueIfNotExist: create queue 927.1759864425 (ACHP)...
[10/08/25 01:14:49.378] [T7742] [info] CSXSEventQueueManager::RemoveEventQueueByChannel: remove queue 810.1759864417 (CCXP) for channel 10...
[10/08/25 01:15:54.003] [T256826] [info] CSXSEventQueueManager::CreateEventQueueIfNotExist: create queue 4478.1759882554 (CCXP)...
[10/08/25 01:46:56.677] [T256826] [info] CSXSEventQueueManager::RemoveEventQueueByChannel: remove queue 4478.1759882554 (CCXP) for channel 10...
[10/08/25 01:47:59.537] [T285310] [info] CSXSEventQueueManager::CreateEventQueueIfNotExist: create queue 4838.1759884479 (CCXP)...
[10/08/25 02:19:02.943] [T285311] [info] CSXSEventQueueManager::RemoveEventQueueByChannel: remove queue 4838.1759884479 (CCXP) for channel 11...
[10/08/25 02:20:04.186] [T315906] [info] CSXSEventQueueManager::CreateEventQueueIfNotExist: create queue 5325.1759886404 (CCXP)...
[10/08/25 02:51:11.215] [T315908] [info] CSXSEventQueueManager::RemoveEventQueueByChannel: remove queue 5325.1759886404 (CCXP) for channel 11...
[10/08/25 02:52:12.270] [T355721] [info] CSXSEventQueueManager::CreateEventQueueIfNotExist: create queue 5843.1759888332 (CCXP)...
[10/09/25 01:31:25.006] [T355722] [info] CSXSEventQueueManager::RemoveEventQueueByChannel: remove queue 5843.1759888332 (CCXP) for channel 11...
[10/09/25 01:32:26.414] [T1271054] [info] CSXSEventQueueManager::CreateEventQueueIfNotExist: create queue 17981.1759969946 (CCXP)...
[10/09/25 02:21:02.566] [T1271058] [info] CSXSEventQueueManager::RemoveEventQueueByChannel: remove queue 17981.1759969946 (CCXP) for channel 11...
[10/09/25 02:31:25.037] [T1295866] [info] CSXSEventQueueManager::CreateEventQueueIfNotExist: create queue 18330.1759973485 (CCXP)...
[10/09/25 03:04:20.260] [T1295866] [info] CSXSEventQueueManager::RemoveEventQueueByChannel: remove queue 18330.1759973485 (CCXP) for channel 10...
[10/09/25 03:05:21.624] [T1316197] [info] CSXSEventQueueManager::CreateEventQueueIfNotExist: create queue 18767.1759975521 (CCXP)...
[10/09/25 03:36:24.155] [T1316201] [info] CSXSEventQueueManager::RemoveEventQueueByChannel: remove queue 18767.1759975521 (CCXP) for channel 11...
[10/09/25 03:37:25.446] [T1344894] [info] CSXSEventQueueManager::CreateEventQueueIfNotExist: create queue 19045.1759977445 (CCXP)...
[10/09/25 20:19:59.125] [T642861] [info] CSXSEventQueueManager::RemoveEventQueueByChannel: remove queue 927.1759864425 (ACHP) for channel 23...
[10/09/25 20:20:42.073] [T8918] [info] CSXSEventQueueManager::RemoveEventQueueByChannel: remove queue 899.1759864423 (ACHP) for channel 16...
[10/09/25 20:20:42.323] [T9201] [info] CSXSEventQueueManager::RemoveEventQueueByChannel: remove queue 926.1759864425 (ACHP) for channel 24...
[10/09/25 20:20:42.331] [T8849] [info] CSXSEventQueueManager::RemoveEventQueueByChannel: remove queue 753.1759864422 (ACCC) for channel 12...
[10/09/25 20:20:49.630] [T1743854] [info] AdobeIPCBroker version: 7.3.0
[10/09/25 20:20:49.642] [T1743865] [info] CSXSEventQueueManager::CreateEventQueueIfNotExist: create queue 923.1759864425 (COSY)...
[10/09/25 20:20:49.652] [T1743866] [info] CSXSEventQueueManager::CreateEventQueueIfNotExist: create queue 19045.1759977445 (CCXP)...
[10/09/25 20:20:57.473] [T1744205] [info] CSXSEventQueueManager::CreateEventQueueIfNotExist: create queue 25920.1760037657 (ACHP)...
[10/09/25 20:20:57.474] [T1744204] [info] CSXSEventQueueManager::CreateEventQueueIfNotExist: create queue 25904.1760037657 (ACCC)...
[10/09/25 20:20:57.919] [T1744255] [info] CSXSEventQueueManager::CreateEventQueueIfNotExist: create queue 25925.1760037657 (ACHP)...
[10/09/25 20:20:58.317] [T1744309] [info] CSXSEventQueueManager::CreateEventQueueIfNotExist: create queue 25926.1760037658 (ADCS)...
[10/09/25 20:20:59.116] [T1744214] [info] CSXSEventQueueManager::RemoveEventQueueByChannel: remove queue 25920.1760037657 (ACHP) for channel 9...
[10/09/25 20:21:06.075] [T1744507] [info] CSXSEventQueueManager::CreateEventQueueIfNotExist: create queue 25936.1760037666 (ACHP)...
[10/09/25 20:21:11.220] [T1744847] [info] CSXSEventQueueManager::CreateEventQueueIfNotExist: create queue 25950.1760037671 (COSY)...
[10/10/25 01:24:02.436] [T1745027] [info] CSXSEventQueueManager::RemoveEventQueueByChannel: remove queue 19045.1759977445 (CCXP) for channel 17...
[10/10/25 01:25:04.390] [T2008894] [info] CSXSEventQueueManager::CreateEventQueueIfNotExist: create queue 29521.1760055904 (CCXP)...
[10/10/25 01:56:07.259] [T2008900] [info] CSXSEventQueueManager::RemoveEventQueueByChannel: remove queue 29521.1760055904 (CCXP) for channel 17...
[10/10/25 01:57:08.699] [T2048074] [info] CSXSEventQueueManager::CreateEventQueueIfNotExist: create queue 30227.1760057828 (CCXP)...
[10/10/25 02:28:13.129] [T2048074] [info] CSXSEventQueueManager::RemoveEventQueueByChannel: remove queue 30227.1760057828 (CCXP) for channel 6...
[10/10/25 02:29:23.650] [T2082421] [info] CSXSEventQueueManager::CreateEventQueueIfNotExist: create queue 30554.1760059763 (CCXP)...
[10/10/25 03:00:25.897] [T2082422] [info] CSXSEventQueueManager::RemoveEventQueueByChannel: remove queue 30554.1760059763 (CCXP) for channel 17...
[10/10/25 03:01:40.467] [T2117090] [info] CSXSEventQueueManager::CreateEventQueueIfNotExist: create queue 30992.1760061700 (CCXP)...
[10/10/25 03:55:10.706] [T9832] [info] AdobeIPCBroker version: 7.3.0
[10/10/25 03:55:10.730] [T9877] [info] CSXSEventQueueManager::CreateEventQueueIfNotExist: create queue 998.1760064910 (CCXP)...
[10/10/25 03:55:19.088] [T11928] [info] CSXSEventQueueManager::CreateEventQueueIfNotExist: create queue 959.1760064919 (ACCC)...
[10/10/25 03:55:19.088] [T11929] [info] CSXSEventQueueManager::CreateEventQueueIfNotExist: create queue 1133.1760064919 (ACHP)...
[10/10/25 03:55:19.252] [T11994] [info] CSXSEventQueueManager::CreateEventQueueIfNotExist: create queue 1137.1760064919 (ACHP)...
[10/10/25 03:55:21.783] [T12353] [info] CSXSEventQueueManager::CreateEventQueueIfNotExist: create queue 1138.1760064921 (ADCS)...
[10/10/25 03:55:22.620] [T12455] [info] CSXSEventQueueManager::CreateEventQueueIfNotExist: create queue 1162.1760064922 (COSY)...
[10/10/25 03:55:22.743] [T11947] [info] CSXSEventQueueManager::RemoveEventQueueByChannel: remove queue 1133.1760064919 (ACHP) for channel 6...
[10/10/25 03:55:23.219] [T12539] [info] CSXSEventQueueManager::CreateEventQueueIfNotExist: create queue 1175.1760064923 (ACHP)...
[10/10/25 03:55:23.272] [T12555] [info] CSXSEventQueueManager::CreateEventQueueIfNotExist: create queue 1171.1760064923 (COSY)...
[10/11/25 01:51:09.353] [T9883] [info] CSXSEventQueueManager::RemoveEventQueueByChannel: remove queue 998.1760064910 (CCXP) for channel 3...
[10/11/25 01:52:11.768] [T1052737] [info] CSXSEventQueueManager::CreateEventQueueIfNotExist: create queue 17661.1760143931 (CCXP)...
[10/11/25 02:23:15.949] [T1052737] [info] CSXSEventQueueManager::RemoveEventQueueByChannel: remove queue 17661.1760143931 (CCXP) for channel 2...
[10/11/25 02:24:17.257] [T1066735] [info] CSXSEventQueueManager::CreateEventQueueIfNotExist: create queue 18000.1760145857 (CCXP)...
[10/11/25 03:11:48.608] [T1066735] [info] CSXSEventQueueManager::RemoveEventQueueByChannel: remove queue 18000.1760145857 (CCXP) for channel 2...
[10/11/25 03:13:01.380] [T1082673] [info] CSXSEventQueueManager::CreateEventQueueIfNotExist: create queue 18304.1760148781 (CCXP)...
[10/11/25 03:44:01.907] [T1082674] [info] CSXSEventQueueManager::RemoveEventQueueByChannel: remove queue 18304.1760148781 (CCXP) for channel 3...
[10/11/25 03:45:03.362] [T1097180] [info] CSXSEventQueueManager::CreateEventQueueIfNotExist: create queue 18600.1760150703 (CCXP)...
[10/12/25 01:25:29.900] [T1097181] [info] CSXSEventQueueManager::RemoveEventQueueByChannel: remove queue 18600.1760150703 (CCXP) for channel 3...
[10/12/25 01:26:31.064] [T1575406] [info] CSXSEventQueueManager::CreateEventQueueIfNotExist: create queue 26480.1760228791 (CCXP)...
[10/12/25 01:57:31.760] [T1575406] [info] CSXSEventQueueManager::RemoveEventQueueByChannel: remove queue 26480.1760228791 (CCXP) for channel 2...
[10/12/25 01:58:32.908] [T1599984] [info] CSXSEventQueueManager::CreateEventQueueIfNotExist: create queue 26711.1760230712 (CCXP)...
[10/12/25 02:32:25.136] [T1599984] [info] CSXSEventQueueManager::RemoveEventQueueByChannel: remove queue 26711.1760230712 (CCXP) for channel 2...
[10/12/25 02:33:45.032] [T1612964] [info] CSXSEventQueueManager::CreateEventQueueIfNotExist: create queue 26949.1760232825 (CCXP)...
[10/12/25 03:15:25.187] [T1612964] [info] CSXSEventQueueManager::RemoveEventQueueByChannel: remove queue 26949.1760232825 (CCXP) for channel 2...
[10/12/25 03:16:26.808] [T1634464] [info] CSXSEventQueueManager::CreateEventQueueIfNotExist: create queue 27359.1760235386 (CCXP)...
[10/13/25 01:07:03.144] [T1634464] [info] CSXSEventQueueManager::RemoveEventQueueByChannel: remove queue 27359.1760235386 (CCXP) for channel 2...
[10/13/25 01:08:04.861] [T2501079] [info] CSXSEventQueueManager::CreateEventQueueIfNotExist: create queue 38005.1760314084 (CCXP)...
[10/13/25 01:39:07.995] [T2501080] [info] CSXSEventQueueManager::RemoveEventQueueByChannel: remove queue 38005.1760314084 (CCXP) for channel 3...
[10/13/25 01:40:09.977] [T2515645] [info] CSXSEventQueueManager::CreateEventQueueIfNotExist: create queue 38301.1760316009 (CCXP)...
[10/13/25 02:11:13.003] [T2515646] [info] CSXSEventQueueManager::RemoveEventQueueByChannel: remove queue 38301.1760316009 (CCXP) for channel 3...
[10/13/25 02:12:14.530] [T2530464] [info] CSXSEventQueueManager::CreateEventQueueIfNotExist: create queue 38668.1760317934 (CCXP)...
[10/13/25 02:52:44.472] [T2530464] [info] CSXSEventQueueManager::RemoveEventQueueByChannel: remove queue 38668.1760317934 (CCXP) for channel 2...
[10/13/25 02:54:00.913] [T2548305] [info] CSXSEventQueueManager::CreateEventQueueIfNotExist: create queue 39030.1760320440 (CCXP)...
[10/14/25 01:23:56.363] [T2548306] [info] CSXSEventQueueManager::RemoveEventQueueByChannel: remove queue 39030.1760320440 (CCXP) for channel 3...
[10/14/25 01:25:09.198] [T3323709] [info] CSXSEventQueueManager::CreateEventQueueIfNotExist: create queue 51009.1760401509 (CCXP)...
[10/14/25 01:56:11.802] [T3323710] [info] CSXSEventQueueManager::RemoveEventQueueByChannel: remove queue 51009.1760401509 (CCXP) for channel 3...
[10/14/25 01:57:12.794] [T3352142] [info] CSXSEventQueueManager::CreateEventQueueIfNotExist: create queue 51242.1760403432 (CCXP)...
[10/14/25 02:28:15.405] [T3352143] [info] CSXSEventQueueManager::RemoveEventQueueByChannel: remove queue 51242.1760403432 (CCXP) for channel 3...
[10/14/25 02:29:16.734] [T3383920] [info] CSXSEventQueueManager::CreateEventQueueIfNotExist: create queue 51807.1760405356 (CCXP)...
[10/14/25 03:00:18.054] [T3383920] [info] CSXSEventQueueManager::RemoveEventQueueByChannel: remove queue 51807.1760405356 (CCXP) for channel 2...
[10/14/25 03:01:21.419] [T3411814] [info] CSXSEventQueueManager::CreateEventQueueIfNotExist: create queue 52013.1760407281 (CCXP)...
[10/15/25 01:19:33.625] [T3411818] [info] CSXSEventQueueManager::RemoveEventQueueByChannel: remove queue 52013.1760407281 (CCXP) for channel 3...
[10/15/25 01:20:43.869] [T4090389] [info] CSXSEventQueueManager::CreateEventQueueIfNotExist: create queue 62050.1760487643 (CCXP)...
[10/15/25 01:51:46.640] [T4090390] [info] CSXSEventQueueManager::RemoveEventQueueByChannel: remove queue 62050.1760487643 (CCXP) for channel 3...
[10/15/25 01:52:52.199] [T4105083] [info] CSXSEventQueueManager::CreateEventQueueIfNotExist: create queue 62380.1760489572 (CCXP)...
[10/15/25 02:24:35.192] [T4105084] [info] CSXSEventQueueManager::RemoveEventQueueByChannel: remove queue 62380.1760489572 (CCXP) for channel 3...
[10/15/25 02:25:36.825] [T4116129] [info] CSXSEventQueueManager::CreateEventQueueIfNotExist: create queue 62851.1760491536 (CCXP)...
[10/15/25 03:07:35.444] [T4116129] [info] CSXSEventQueueManager::RemoveEventQueueByChannel: remove queue 62851.1760491536 (CCXP) for channel 2...
[10/15/25 03:08:37.384] [T4121143] [info] CSXSEventQueueManager::CreateEventQueueIfNotExist: create queue 62986.1760494117 (CCXP)...
[10/15/25 22:41:49.816] [T7402] [info] AdobeIPCBroker version: 7.3.0
[10/15/25 22:41:49.833] [T7441] [info] CSXSEventQueueManager::CreateEventQueueIfNotExist: create queue 800.1760564509 (CCXP)...
[10/15/25 22:42:00.608] [T9540] [info] CSXSEventQueueManager::CreateEventQueueIfNotExist: create queue 731.1760564520 (ACCC)...
[10/15/25 22:42:00.609] [T9541] [info] CSXSEventQueueManager::CreateEventQueueIfNotExist: create queue 901.1760564520 (ACHP)...
[10/15/25 22:42:00.741] [T9587] [info] CSXSEventQueueManager::CreateEventQueueIfNotExist: create queue 902.1760564520 (ACHP)...
[10/15/25 22:42:00.866] [T9635] [info] CSXSEventQueueManager::CreateEventQueueIfNotExist: create queue 903.1760564520 (ADCS)...
[10/15/25 22:42:01.579] [T9552] [info] CSXSEventQueueManager::RemoveEventQueueByChannel: remove queue 901.1760564520 (ACHP) for channel 6...
[10/15/25 22:42:01.638] [T9813] [info] CSXSEventQueueManager::CreateEventQueueIfNotExist: create queue 921.1760564521 (COSY)...
[10/15/25 22:42:02.239] [T9920] [info] CSXSEventQueueManager::CreateEventQueueIfNotExist: create queue 934.1760564522 (ACHP)...
[10/15/25 22:42:02.258] [T9924] [info] CSXSEventQueueManager::CreateEventQueueIfNotExist: create queue 931.1760564522 (COSY)...
[10/16/25 01:12:57.094] [T7441] [info] CSXSEventQueueManager::RemoveEventQueueByChannel: remove queue 800.1760564509 (CCXP) for channel 2...
[10/16/25 01:14:03.017] [T118998] [info] CSXSEventQueueManager::CreateEventQueueIfNotExist: create queue 2222.1760573643 (CCXP)...
[10/16/25 01:45:03.517] [T118998] [info] CSXSEventQueueManager::RemoveEventQueueByChannel: remove queue 2222.1760573643 (CCXP) for channel 2...
[10/16/25 01:46:06.647] [T139691] [info] CSXSEventQueueManager::CreateEventQueueIfNotExist: create queue 2531.1760575566 (CCXP)...
[10/16/25 02:23:57.477] [T139691] [info] CSXSEventQueueManager::RemoveEventQueueByChannel: remove queue 2531.1760575566 (CCXP) for channel 2...
[10/16/25 02:24:58.533] [T160772] [info] CSXSEventQueueManager::CreateEventQueueIfNotExist: create queue 2991.1760577898 (CCXP)...
[10/16/25 02:55:59.496] [T160772] [info] CSXSEventQueueManager::RemoveEventQueueByChannel: remove queue 2991.1760577898 (CCXP) for channel 2...
[10/16/25 02:57:01.377] [T185640] [info] CSXSEventQueueManager::CreateEventQueueIfNotExist: create queue 3259.1760579821 (CCXP)...
[10/17/25 01:28:06.985] [T185640] [info] CSXSEventQueueManager::RemoveEventQueueByChannel: remove queue 3259.1760579821 (CCXP) for channel 2...
[10/17/25 01:29:16.143] [T1145984] [info] CSXSEventQueueManager::CreateEventQueueIfNotExist: create queue 20516.1760660956 (CCXP)...
[10/17/25 02:00:19.275] [T1145984] [info] CSXSEventQueueManager::RemoveEventQueueByChannel: remove queue 20516.1760660956 (CCXP) for channel 2...
[10/17/25 02:01:22.870] [T1162868] [info] CSXSEventQueueManager::CreateEventQueueIfNotExist: create queue 20984.1760662882 (CCXP)...
[10/17/25 02:32:26.806] [T1162868] [info] CSXSEventQueueManager::RemoveEventQueueByChannel: remove queue 20984.1760662882 (CCXP) for channel 2...
[10/17/25 02:33:28.565] [T1181440] [info] CSXSEventQueueManager::CreateEventQueueIfNotExist: create queue 21467.1760664808 (CCXP)...
[10/17/25 03:04:36.984] [T1181440] [info] CSXSEventQueueManager::RemoveEventQueueByChannel: remove queue 21467.1760664808 (CCXP) for channel 2...
[10/17/25 03:05:37.977] [T1201654] [info] CSXSEventQueueManager::CreateEventQueueIfNotExist: create queue 21827.1760666737 (CCXP)...
[10/18/25 01:26:19.349] [T1201655] [info] CSXSEventQueueManager::RemoveEventQueueByChannel: remove queue 21827.1760666737 (CCXP) for channel 3...
[10/18/25 01:27:21.210] [T2061876] [info] CSXSEventQueueManager::CreateEventQueueIfNotExist: create queue 37097.1760747241 (CCXP)...
[10/18/25 01:58:22.154] [T2061876] [info] CSXSEventQueueManager::RemoveEventQueueByChannel: remove queue 37097.1760747241 (CCXP) for channel 2...
[10/18/25 01:59:23.769] [T2080249] [info] CSXSEventQueueManager::CreateEventQueueIfNotExist: create queue 37454.1760749163 (CCXP)...
[10/18/25 02:30:26.998] [T2080250] [info] CSXSEventQueueManager::RemoveEventQueueByChannel: remove queue 37454.1760749163 (CCXP) for channel 3...
[10/18/25 02:31:29.757] [T2097687] [info] CSXSEventQueueManager::CreateEventQueueIfNotExist: create queue 37821.1760751089 (CCXP)...
[10/18/25 03:03:40.342] [T2097687] [info] CSXSEventQueueManager::RemoveEventQueueByChannel: remove queue 37821.1760751089 (CCXP) for channel 2...
[10/18/25 03:06:22.927] [T2115550] [info] CSXSEventQueueManager::CreateEventQueueIfNotExist: create queue 38091.1760753182 (CCXP)...
[10/19/25 01:27:44.908] [T2115554] [info] CSXSEventQueueManager::RemoveEventQueueByChannel: remove queue 38091.1760753182 (CCXP) for channel 3...
[10/19/25 01:28:46.299] [T2701755] [info] CSXSEventQueueManager::CreateEventQueueIfNotExist: create queue 47944.1760833726 (CCXP)...
[10/19/25 02:04:29.122] [T2701755] [info] CSXSEventQueueManager::RemoveEventQueueByChannel: remove queue 47944.1760833726 (CCXP) for channel 2...
[10/19/25 02:05:30.945] [T2721068] [info] CSXSEventQueueManager::CreateEventQueueIfNotExist: create queue 48265.1760835930 (CCXP)...
[10/19/25 02:40:09.756] [T2721069] [info] CSXSEventQueueManager::RemoveEventQueueByChannel: remove queue 48265.1760835930 (CCXP) for channel 3...
[10/19/25 02:41:12.608] [T2725692] [info] CSXSEventQueueManager::CreateEventQueueIfNotExist: create queue 48430.1760838072 (CCXP)...
[10/19/25 03:17:49.363] [T2725693] [info] CSXSEventQueueManager::RemoveEventQueueByChannel: remove queue 48430.1760838072 (CCXP) for channel 3...
[10/19/25 03:18:51.333] [T2732786] [info] CSXSEventQueueManager::CreateEventQueueIfNotExist: create queue 48566.1760840331 (CCXP)...
[10/20/25 01:25:49.541] [T2732787] [info] CSXSEventQueueManager::RemoveEventQueueByChannel: remove queue 48566.1760840331 (CCXP) for channel 3...
[10/20/25 01:26:56.008] [T3632856] [info] CSXSEventQueueManager::CreateEventQueueIfNotExist: create queue 62295.1760920016 (CCXP)...
[10/20/25 01:58:03.718] [T3632856] [info] CSXSEventQueueManager::RemoveEventQueueByChannel: remove queue 62295.1760920016 (CCXP) for channel 2...
[10/20/25 01:59:07.552] [T3651191] [info] CSXSEventQueueManager::CreateEventQueueIfNotExist: create queue 62733.1760921947 (CCXP)...
[10/20/25 02:30:11.717] [T3651191] [info] CSXSEventQueueManager::RemoveEventQueueByChannel: remove queue 62733.1760921947 (CCXP) for channel 2...
[10/20/25 02:31:13.122] [T3671576] [info] CSXSEventQueueManager::CreateEventQueueIfNotExist: create queue 63093.1760923873 (CCXP)...
[10/20/25 03:02:15.323] [T3671581] [info] CSXSEventQueueManager::RemoveEventQueueByChannel: remove queue 63093.1760923873 (CCXP) for channel 3...
[10/20/25 03:03:16.767] [T3696136] [info] CSXSEventQueueManager::CreateEventQueueIfNotExist: create queue 63412.1760925796 (CCXP)...
[10/21/25 01:13:47.505] [T3696136] [info] CSXSEventQueueManager::RemoveEventQueueByChannel: remove queue 63412.1760925796 (CCXP) for channel 2...
[10/21/25 01:14:49.955] [T4307127] [info] CSXSEventQueueManager::CreateEventQueueIfNotExist: create queue 73399.1761005689 (CCXP)...
[10/21/25 01:45:51.634] [T4307128] [info] CSXSEventQueueManager::RemoveEventQueueByChannel: remove queue 73399.1761005689 (CCXP) for channel 3...
[10/21/25 01:46:52.848] [T4333005] [info] CSXSEventQueueManager::CreateEventQueueIfNotExist: create queue 73816.1761007612 (CCXP)...
[10/21/25 02:22:17.134] [T4333005] [info] CSXSEventQueueManager::RemoveEventQueueByChannel: remove queue 73816.1761007612 (CCXP) for channel 2...
[10/21/25 02:23:18.043] [T4355406] [info] CSXSEventQueueManager::CreateEventQueueIfNotExist: create queue 74131.1761009798 (CCXP)...
[10/21/25 02:54:20.405] [T4355406] [info] CSXSEventQueueManager::RemoveEventQueueByChannel: remove queue 74131.1761009798 (CCXP) for channel 2...
[10/21/25 02:55:21.671] [T4380387] [info] CSXSEventQueueManager::CreateEventQueueIfNotExist: create queue 74333.1761011721 (CCXP)...
[10/22/25 01:42:32.338] [T4380388] [info] CSXSEventQueueManager::RemoveEventQueueByChannel: remove queue 74333.1761011721 (CCXP) for channel 3...
[10/22/25 01:43:33.796] [T5267772] [info] CSXSEventQueueManager::CreateEventQueueIfNotExist: create queue 86923.1761093813 (CCXP)...
[10/22/25 02:31:45.940] [T5267779] [info] CSXSEventQueueManager::RemoveEventQueueByChannel: remove queue 86923.1761093813 (CCXP) for channel 3...
[10/22/25 02:32:47.682] [T5278838] [info] CSXSEventQueueManager::CreateEventQueueIfNotExist: create queue 87142.1761096767 (CCXP)...
[10/22/25 03:24:58.148] [T5278838] [info] CSXSEventQueueManager::RemoveEventQueueByChannel: remove queue 87142.1761096767 (CCXP) for channel 2...
[10/22/25 03:26:01.671] [T5283026] [info] CSXSEventQueueManager::CreateEventQueueIfNotExist: create queue 87252.1761099961 (CCXP)...
[10/22/25 04:12:01.153] [T5283036] [info] CSXSEventQueueManager::RemoveEventQueueByChannel: remove queue 87252.1761099961 (CCXP) for channel 3...
[10/22/25 04:13:14.874] [T5288640] [info] CSXSEventQueueManager::CreateEventQueueIfNotExist: create queue 87410.1761102794 (CCXP)...
[10/23/25 01:34:37.999] [T5288641] [info] CSXSEventQueueManager::RemoveEventQueueByChannel: remove queue 87410.1761102794 (CCXP) for channel 3...
[10/23/25 01:35:44.064] [T6076194] [info] CSXSEventQueueManager::CreateEventQueueIfNotExist: create queue 1145.1761179744 (CCXP)...
[10/23/25 02:06:44.761] [T6076195] [info] CSXSEventQueueManager::RemoveEventQueueByChannel: remove queue 1145.1761179744 (CCXP) for channel 3...
[10/23/25 02:07:48.876] [T6102274] [info] CSXSEventQueueManager::CreateEventQueueIfNotExist: create queue 1490.1761181668 (CCXP)...
[10/23/25 02:38:50.883] [T6102274] [info] CSXSEventQueueManager::RemoveEventQueueByChannel: remove queue 1490.1761181668 (CCXP) for channel 2...
[10/23/25 02:39:54.614] [T6131314] [info] CSXSEventQueueManager::CreateEventQueueIfNotExist: create queue 1886.1761183594 (CCXP)...
[10/23/25 03:10:57.447] [T6131318] [info] CSXSEventQueueManager::RemoveEventQueueByChannel: remove queue 1886.1761183594 (CCXP) for channel 3...
[10/23/25 03:12:00.514] [T6165597] [info] CSXSEventQueueManager::CreateEventQueueIfNotExist: create queue 2164.1761185520 (CCXP)...
[10/24/25 01:29:31.654] [T6165597] [info] CSXSEventQueueManager::RemoveEventQueueByChannel: remove queue 2164.1761185520 (CCXP) for channel 2...
[10/24/25 01:30:33.035] [T7307325] [info] CSXSEventQueueManager::CreateEventQueueIfNotExist: create queue 16828.1761265833 (CCXP)...
[10/24/25 02:01:40.341] [T7307328] [info] CSXSEventQueueManager::RemoveEventQueueByChannel: remove queue 16828.1761265833 (CCXP) for channel 3...
[10/24/25 02:02:41.698] [T7359098] [info] CSXSEventQueueManager::CreateEventQueueIfNotExist: create queue 17206.1761267761 (CCXP)...
[10/24/25 02:33:49.142] [T7359100] [info] CSXSEventQueueManager::RemoveEventQueueByChannel: remove queue 17206.1761267761 (CCXP) for channel 3...
[10/24/25 02:34:50.613] [T7401344] [info] CSXSEventQueueManager::CreateEventQueueIfNotExist: create queue 17424.1761269690 (CCXP)...
[10/24/25 03:05:56.024] [T7401344] [info] CSXSEventQueueManager::RemoveEventQueueByChannel: remove queue 17424.1761269690 (CCXP) for channel 2...
[10/24/25 03:06:57.252] [T7438025] [info] CSXSEventQueueManager::CreateEventQueueIfNotExist: create queue 17632.1761271617 (CCXP)...
[10/24/25 12:34:46.041] [T7900] [info] AdobeIPCBroker version: 7.3.0
[10/24/25 12:34:46.085] [T7912] [info] CSXSEventQueueManager::CreateEventQueueIfNotExist: create queue 820.1761305685 (CCXP)...
[10/24/25 12:35:03.208] [T10065] [info] CSXSEventQueueManager::CreateEventQueueIfNotExist: create queue 928.1761305703 (ACHP)...
[10/24/25 12:35:03.209] [T10066] [info] CSXSEventQueueManager::CreateEventQueueIfNotExist: create queue 759.1761305703 (ACCC)...
[10/24/25 12:35:03.331] [T10116] [info] CSXSEventQueueManager::CreateEventQueueIfNotExist: create queue 955.1761305703 (ACHP)...
[10/24/25 12:35:04.498] [T10278] [info] CSXSEventQueueManager::CreateEventQueueIfNotExist: create queue 957.1761305704 (ADCS)...
[10/24/25 12:35:04.995] [T10399] [info] CSXSEventQueueManager::CreateEventQueueIfNotExist: create queue 970.1761305704 (COSY)...
[10/24/25 12:35:05.176] [T10083] [info] CSXSEventQueueManager::RemoveEventQueueByChannel: remove queue 928.1761305703 (ACHP) for channel 6...
[10/24/25 12:35:05.961] [T10501] [info] CSXSEventQueueManager::CreateEventQueueIfNotExist: create queue 984.1761305705 (ACHP)...
[10/24/25 12:35:05.978] [T10504] [info] CSXSEventQueueManager::CreateEventQueueIfNotExist: create queue 982.1761305705 (COSY)...
[10/25/25 01:35:55.483] [T7924] [info] CSXSEventQueueManager::RemoveEventQueueByChannel: remove queue 820.1761305685 (CCXP) for channel 3...
[10/25/25 01:37:02.060] [T1016791] [info] CSXSEventQueueManager::CreateEventQueueIfNotExist: create queue 14770.1761352622 (CCXP)...
[10/25/25 02:08:04.983] [T1016791] [info] CSXSEventQueueManager::RemoveEventQueueByChannel: remove queue 14770.1761352622 (CCXP) for channel 2...
[10/25/25 02:09:06.695] [T1059797] [info] CSXSEventQueueManager::CreateEventQueueIfNotExist: create queue 15159.1761354546 (CCXP)...
[10/25/25 02:40:08.679] [T1059799] [info] CSXSEventQueueManager::RemoveEventQueueByChannel: remove queue 15159.1761354546 (CCXP) for channel 3...
[10/25/25 02:41:10.431] [T1105690] [info] CSXSEventQueueManager::CreateEventQueueIfNotExist: create queue 15541.1761356470 (CCXP)...
[10/25/25 03:12:14.685] [T1105690] [info] CSXSEventQueueManager::RemoveEventQueueByChannel: remove queue 15541.1761356470 (CCXP) for channel 2...
[10/25/25 03:13:16.442] [T1157492] [info] CSXSEventQueueManager::CreateEventQueueIfNotExist: create queue 16045.1761358396 (CCXP)...
[10/26/25 01:14:22.362] [T1157493] [info] CSXSEventQueueManager::RemoveEventQueueByChannel: remove queue 16045.1761358396 (CCXP) for channel 3...
[10/26/25 01:15:25.803] [T2576511] [info] CSXSEventQueueManager::CreateEventQueueIfNotExist: create queue 35548.1761437725 (CCXP)...
[10/26/25 01:46:33.728] [T2576511] [info] CSXSEventQueueManager::RemoveEventQueueByChannel: remove queue 35548.1761437725 (CCXP) for channel 2...
[10/26/25 01:47:35.260] [T2595820] [info] CSXSEventQueueManager::CreateEventQueueIfNotExist: create queue 36000.1761439655 (CCXP)...
[10/26/25 01:18:38.424] [T2595821] [info] CSXSEventQueueManager::RemoveEventQueueByChannel: remove queue 36000.1761439655 (CCXP) for channel 3...
[10/26/25 01:19:39.748] [T2624043] [info] CSXSEventQueueManager::CreateEventQueueIfNotExist: create queue 36302.1761441579 (CCXP)...
[10/26/25 01:50:43.956] [T2624044] [info] CSXSEventQueueManager::RemoveEventQueueByChannel: remove queue 36302.1761441579 (CCXP) for channel 3...
[10/26/25 01:51:45.033] [T2641550] [info] CSXSEventQueueManager::CreateEventQueueIfNotExist: create queue 36640.1761443505 (CCXP)...
[10/27/25 00:54:33.953] [T2641551] [info] CSXSEventQueueManager::RemoveEventQueueByChannel: remove queue 36640.1761443505 (CCXP) for channel 3...
[10/27/25 01:00:42.407] [T3436712] [info] CSXSEventQueueManager::CreateEventQueueIfNotExist: create queue 48268.1761526842 (CCXP)...
[10/27/25 01:31:47.885] [T3436716] [info] CSXSEventQueueManager::RemoveEventQueueByChannel: remove queue 48268.1761526842 (CCXP) for channel 3...
[10/27/25 01:32:49.121] [T3446980] [info] CSXSEventQueueManager::CreateEventQueueIfNotExist: create queue 48421.1761528769 (CCXP)...
[10/27/25 02:03:54.744] [T3446980] [info] CSXSEventQueueManager::RemoveEventQueueByChannel: remove queue 48421.1761528769 (CCXP) for channel 2...
[10/27/25 02:04:56.080] [T3466448] [info] CSXSEventQueueManager::CreateEventQueueIfNotExist: create queue 48665.1761530696 (CCXP)...
[10/27/25 02:36:07.387] [T3466448] [info] CSXSEventQueueManager::RemoveEventQueueByChannel: remove queue 48665.1761530696 (CCXP) for channel 2...
[10/27/25 02:37:11.407] [T3495564] [info] CSXSEventQueueManager::CreateEventQueueIfNotExist: create queue 49177.1761532631 (CCXP)...
[10/27/25 14:59:30.623] [T8268] [info] AdobeIPCBroker version: 7.3.0
[10/27/25 14:59:30.658] [T8280] [info] CSXSEventQueueManager::CreateEventQueueIfNotExist: create queue 785.1761577170 (CCXP)...
[10/27/25 14:59:45.414] [T9704] [info] CSXSEventQueueManager::CreateEventQueueIfNotExist: create queue 733.1761577185 (ACCC)...
[10/27/25 14:59:45.414] [T9705] [info] CSXSEventQueueManager::CreateEventQueueIfNotExist: create queue 897.1761577185 (ACHP)...
[10/27/25 14:59:46.563] [T10032] [info] CSXSEventQueueManager::CreateEventQueueIfNotExist: create queue 920.1761577186 (ACHP)...
[10/27/25 14:59:47.603] [T10166] [info] CSXSEventQueueManager::CreateEventQueueIfNotExist: create queue 921.1761577187 (ADCS)...
[10/27/25 14:59:48.419] [T10358] [info] CSXSEventQueueManager::CreateEventQueueIfNotExist: create queue 936.1761577188 (COSY)...
[10/27/25 14:59:48.500] [T9724] [info] CSXSEventQueueManager::RemoveEventQueueByChannel: remove queue 897.1761577185 (ACHP) for channel 6...
[10/27/25 14:59:49.540] [T10473] [info] CSXSEventQueueManager::CreateEventQueueIfNotExist: create queue 945.1761577189 (COSY)...
[10/27/25 14:59:49.660] [T10511] [info] CSXSEventQueueManager::CreateEventQueueIfNotExist: create queue 948.1761577189 (ACHP)...
[10/28/25 00:08:23.717] [T8284] [info] CSXSEventQueueManager::RemoveEventQueueByChannel: remove queue 785.1761577170 (CCXP) for channel 3...
[10/28/25 00:09:24.860] [T375570] [info] CSXSEventQueueManager::CreateEventQueueIfNotExist: create queue 7756.1761610164 (CCXP)...
[10/28/25 00:40:28.643] [T375571] [info] CSXSEventQueueManager::RemoveEventQueueByChannel: remove queue 7756.1761610164 (CCXP) for channel 3...
[10/28/25 00:41:29.759] [T393466] [info] CSXSEventQueueManager::CreateEventQueueIfNotExist: create queue 7947.1761612089 (CCXP)...
[10/28/25 01:12:30.259] [T393467] [info] CSXSEventQueueManager::RemoveEventQueueByChannel: remove queue 7947.1761612089 (CCXP) for channel 3...
[10/28/25 01:13:31.490] [T415613] [info] CSXSEventQueueManager::CreateEventQueueIfNotExist: create queue 8229.1761614011 (CCXP)...
[10/28/25 01:44:32.872] [T415614] [info] CSXSEventQueueManager::RemoveEventQueueByChannel: remove queue 8229.1761614011 (CCXP) for channel 3...
[10/28/25 01:45:34.066] [T434641] [info] CSXSEventQueueManager::CreateEventQueueIfNotExist: create queue 8483.1761615934 (CCXP)...
[10/29/25 00:16:36.212] [T434641] [info] CSXSEventQueueManager::RemoveEventQueueByChannel: remove queue 8483.1761615934 (CCXP) for channel 2...
[10/29/25 00:17:38.106] [T1334713] [info] CSXSEventQueueManager::CreateEventQueueIfNotExist: create queue 23324.1761697058 (CCXP)...
[10/29/25 00:48:40.287] [T1334713] [info] CSXSEventQueueManager::RemoveEventQueueByChannel: remove queue 23324.1761697058 (CCXP) for channel 2...
[10/29/25 00:49:47.100] [T1352040] [info] CSXSEventQueueManager::CreateEventQueueIfNotExist: create queue 23595.1761698987 (CCXP)...
[10/29/25 01:20:50.383] [T1352040] [info] CSXSEventQueueManager::RemoveEventQueueByChannel: remove queue 23595.1761698987 (CCXP) for channel 2...
[10/29/25 01:21:54.596] [T1380186] [info] CSXSEventQueueManager::CreateEventQueueIfNotExist: create queue 24024.1761700914 (CCXP)...
[10/29/25 01:52:56.815] [T1380186] [info] CSXSEventQueueManager::RemoveEventQueueByChannel: remove queue 24024.1761700914 (CCXP) for channel 2...
[10/29/25 01:53:59.018] [T1404944] [info] CSXSEventQueueManager::CreateEventQueueIfNotExist: create queue 24175.1761702839 (CCXP)...
[10/30/25 00:50:36.259] [T1404945] [info] CSXSEventQueueManager::RemoveEventQueueByChannel: remove queue 24175.1761702839 (CCXP) for channel 3...
[10/30/25 00:51:37.383] [T2429494] [info] CSXSEventQueueManager::CreateEventQueueIfNotExist: create queue 37615.1761785497 (CCXP)...
[10/30/25 01:22:39.602] [T2429511] [info] CSXSEventQueueManager::RemoveEventQueueByChannel: remove queue 37615.1761785497 (CCXP) for channel 3...
[10/30/25 01:23:40.907] [T2456600] [info] CSXSEventQueueManager::CreateEventQueueIfNotExist: create queue 38056.1761787420 (CCXP)...
[10/30/25 01:54:41.411] [T2456602] [info] CSXSEventQueueManager::RemoveEventQueueByChannel: remove queue 38056.1761787420 (CCXP) for channel 3...
[10/30/25 01:55:42.688] [T2482234] [info] CSXSEventQueueManager::CreateEventQueueIfNotExist: create queue 38238.1761789342 (CCXP)...
[10/30/25 02:26:45.990] [T2482235] [info] CSXSEventQueueManager::RemoveEventQueueByChannel: remove queue 38238.1761789342 (CCXP) for channel 3...
[10/30/25 02:27:47.905] [T2508211] [info] CSXSEventQueueManager::CreateEventQueueIfNotExist: create queue 38610.1761791267 (CCXP)...
[10/30/25 23:01:26.983] [T7687] [info] AdobeIPCBroker version: 7.3.0
[10/30/25 23:01:27.059] [T7712] [info] CSXSEventQueueManager::CreateEventQueueIfNotExist: create queue 819.1761865286 (CCXP)...
[10/30/25 23:01:33.504] [T8881] [info] CSXSEventQueueManager::CreateEventQueueIfNotExist: create queue 795.1761865293 (ACCC)...
[10/30/25 23:01:33.505] [T8882] [info] CSXSEventQueueManager::CreateEventQueueIfNotExist: create queue 915.1761865293 (ACHP)...
[10/30/25 23:01:33.618] [T8931] [info] CSXSEventQueueManager::CreateEventQueueIfNotExist: create queue 918.1761865293 (ACHP)...
[10/30/25 23:01:33.966] [T9017] [info] CSXSEventQueueManager::CreateEventQueueIfNotExist: create queue 920.1761865293 (ADCS)...
[10/30/25 23:01:30.508] [T8905] [info] CSXSEventQueueManager::RemoveEventQueueByChannel: remove queue 915.1761865293 (ACHP) for channel 18...
[10/30/25 23:01:30.668] [T9150] [info] CSXSEventQueueManager::CreateEventQueueIfNotExist: create queue 934.1761865290 (COSY)...
[10/30/25 23:01:31.022] [T9233] [info] CSXSEventQueueManager::CreateEventQueueIfNotExist: create queue 946.1761865291 (ACHP)...
[10/30/25 23:01:31.192] [T9262] [info] CSXSEventQueueManager::CreateEventQueueIfNotExist: create queue 945.1761865291 (COSY)...
[10/31/25 00:32:34.909] [T7736] [info] CSXSEventQueueManager::RemoveEventQueueByChannel: remove queue 819.1761865286 (CCXP) for channel 15...
[10/31/25 00:33:36.007] [T96033] [info] CSXSEventQueueManager::CreateEventQueueIfNotExist: create queue 2020.1761870816 (CCXP)...
[10/31/25 01:04:37.412] [T96033] [info] CSXSEventQueueManager::RemoveEventQueueByChannel: remove queue 2020.1761870816 (CCXP) for channel 14...
[10/31/25 01:05:38.598] [T131241] [info] CSXSEventQueueManager::CreateEventQueueIfNotExist: create queue 2354.1761872738 (CCXP)...
[10/31/25 01:36:43.974] [T131242] [info] CSXSEventQueueManager::RemoveEventQueueByChannel: remove queue 2354.1761872738 (CCXP) for channel 15...
[10/31/25 01:37:45.727] [T160503] [info] CSXSEventQueueManager::CreateEventQueueIfNotExist: create queue 2754.1761874665 (CCXP)...
[10/31/25 02:08:47.972] [T160519] [info] CSXSEventQueueManager::RemoveEventQueueByChannel: remove queue 2754.1761874665 (CCXP) for channel 15...
[10/31/25 02:09:49.201] [T212398] [info] CSXSEventQueueManager::CreateEventQueueIfNotExist: create queue 3689.1761876589 (CCXP)...
[11/01/25 00:25:20.596] [T212398] [info] CSXSEventQueueManager::RemoveEventQueueByChannel: remove queue 3689.1761876589 (CCXP) for channel 14...
[11/01/25 00:26:21.996] [T921447] [info] CSXSEventQueueManager::CreateEventQueueIfNotExist: create queue 13393.1761956781 (CCXP)...
[11/01/25 00:57:24.309] [T921448] [info] CSXSEventQueueManager::RemoveEventQueueByChannel: remove queue 13393.1761956781 (CCXP) for channel 15...
[11/01/25 00:58:25.576] [T943920] [info] CSXSEventQueueManager::CreateEventQueueIfNotExist: create queue 13548.1761958705 (CCXP)...
[11/01/25 01:29:29.939] [T943920] [info] CSXSEventQueueManager::RemoveEventQueueByChannel: remove queue 13548.1761958705 (CCXP) for channel 14...
[11/01/25 01:30:38.688] [T961018] [info] CSXSEventQueueManager::CreateEventQueueIfNotExist: create queue 13736.1761960638 (CCXP)...
[11/01/25 02:01:41.707] [T961020] [info] CSXSEventQueueManager::RemoveEventQueueByChannel: remove queue 13736.1761960638 (CCXP) for channel 15...
[11/01/25 02:02:42.956] [T987206] [info] CSXSEventQueueManager::CreateEventQueueIfNotExist: create queue 13973.1761962562 (CCXP)...
[11/02/25 00:03:45.390] [T987206] [info] CSXSEventQueueManager::RemoveEventQueueByChannel: remove queue 13973.1761962562 (CCXP) for channel 14...
[11/02/25 00:04:53.775] [T1936318] [info] CSXSEventQueueManager::CreateEventQueueIfNotExist: create queue 28144.1762041893 (CCXP)...
[11/02/25 00:35:54.727] [T1936319] [info] CSXSEventQueueManager::RemoveEventQueueByChannel: remove queue 28144.1762041893 (CCXP) for channel 15...
[11/02/25 00:36:57.961] [T1963555] [info] CSXSEventQueueManager::CreateEventQueueIfNotExist: create queue 28287.1762043817 (CCXP)...
[11/02/25 01:07:59.639] [T1963557] [info] CSXSEventQueueManager::RemoveEventQueueByChannel: remove queue 28287.1762043817 (CCXP) for channel 15...
[11/02/25 01:09:12.309] [T1990592] [info] CSXSEventQueueManager::CreateEventQueueIfNotExist: create queue 28775.1762045752 (CCXP)...
[11/02/25 01:40:13.341] [T1990593] [info] CSXSEventQueueManager::RemoveEventQueueByChannel: remove queue 28775.1762045752 (CCXP) for channel 15...
[11/02/25 01:41:20.744] [T2009021] [info] CSXSEventQueueManager::CreateEventQueueIfNotExist: create queue 29039.1762047680 (CCXP)...
[11/03/25 00:14:44.941] [T2009021] [info] CSXSEventQueueManager::RemoveEventQueueByChannel: remove queue 29039.1762047680 (CCXP) for channel 14...
[11/03/25 00:15:46.189] [T2898025] [info] CSXSEventQueueManager::CreateEventQueueIfNotExist: create queue 42128.1762128946 (CCXP)...
[11/03/25 00:46:46.946] [T2898025] [info] CSXSEventQueueManager::RemoveEventQueueByChannel: remove queue 42128.1762128946 (CCXP) for channel 14...
[11/03/25 00:47:50.969] [T2924862] [info] CSXSEventQueueManager::CreateEventQueueIfNotExist: create queue 42496.1762130870 (CCXP)...
[11/03/25 01:18:53.419] [T2924862] [info] CSXSEventQueueManager::RemoveEventQueueByChannel: remove queue 42496.1762130870 (CCXP) for channel 14...
[11/03/25 01:19:55.658] [T2951730] [info] CSXSEventQueueManager::CreateEventQueueIfNotExist: create queue 42733.1762132795 (CCXP)...
[11/03/25 01:50:58.769] [T2951732] [info] CSXSEventQueueManager::RemoveEventQueueByChannel: remove queue 42733.1762132795 (CCXP) for channel 15...
[11/03/25 01:51:59.786] [T2975879] [info] CSXSEventQueueManager::CreateEventQueueIfNotExist: create queue 43002.1762134719 (CCXP)...
[11/04/25 00:16:18.756] [T2975879] [info] CSXSEventQueueManager::RemoveEventQueueByChannel: remove queue 43002.1762134719 (CCXP) for channel 14...
[11/04/25 00:17:28.467] [T4082483] [info] CSXSEventQueueManager::CreateEventQueueIfNotExist: create queue 57779.1762215448 (CCXP)...
[11/04/25 00:36:30.435] [T6855] [info] AdobeIPCBroker version: 7.3.0
[11/04/25 00:36:30.465] [T6912] [info] CSXSEventQueueManager::CreateEventQueueIfNotExist: create queue 747.1762216590 (CCXP)...
[11/04/25 00:36:40.384] [T8748] [info] CSXSEventQueueManager::CreateEventQueueIfNotExist: create queue 706.1762216600 (ACCC)...
[11/04/25 00:36:40.385] [T8749] [info] CSXSEventQueueManager::CreateEventQueueIfNotExist: create queue 903.1762216600 (ACHP)...
[11/04/25 00:36:41.667] [T9022] [info] CSXSEventQueueManager::CreateEventQueueIfNotExist: create queue 920.1762216601 (ACHP)...
[11/04/25 00:36:42.472] [T9182] [info] CSXSEventQueueManager::CreateEventQueueIfNotExist: create queue 921.1762216602 (ADCS)...
[11/04/25 00:36:48.274] [T8764] [info] CSXSEventQueueManager::RemoveEventQueueByChannel: remove queue 903.1762216600 (ACHP) for channel 18...
[11/04/25 00:36:49.292] [T10476] [info] CSXSEventQueueManager::CreateEventQueueIfNotExist: create queue 960.1762216609 (COSY)...
[11/04/25 00:36:49.643] [T10538] [info] CSXSEventQueueManager::CreateEventQueueIfNotExist: create queue 967.1762216609 (COSY)...
[11/04/25 00:36:49.747] [T10564] [info] CSXSEventQueueManager::CreateEventQueueIfNotExist: create queue 969.1762216609 (ACHP)...
[11/04/25 01:07:31.813] [T6924] [info] CSXSEventQueueManager::RemoveEventQueueByChannel: remove queue 747.1762216590 (CCXP) for channel 15...
[11/04/25 01:08:32.959] [T44956] [info] CSXSEventQueueManager::CreateEventQueueIfNotExist: create queue 1349.1762218512 (CCXP)...
[11/04/25 01:39:34.656] [T44957] [info] CSXSEventQueueManager::RemoveEventQueueByChannel: remove queue 1349.1762218512 (CCXP) for channel 15...
[11/04/25 01:40:35.548] [T72132] [info] CSXSEventQueueManager::CreateEventQueueIfNotExist: create queue 1641.1762220435 (CCXP)...
[11/04/25 02:50:34.603] [T7748] [info] AdobeIPCBroker version: 7.3.0
[11/04/25 02:50:34.642] [T7770] [info] CSXSEventQueueManager::CreateEventQueueIfNotExist: create queue 792.1762224634 (CCXP)...
[11/04/25 02:50:45.249] [T8919] [info] CSXSEventQueueManager::CreateEventQueueIfNotExist: create queue 880.1762224645 (ACHP)...
[11/04/25 02:50:45.249] [T8918] [info] CSXSEventQueueManager::CreateEventQueueIfNotExist: create queue 714.1762224645 (ACCC)...
[11/04/25 02:50:45.383] [T8966] [info] CSXSEventQueueManager::CreateEventQueueIfNotExist: create queue 906.1762224645 (ACHP)...
[11/04/25 02:50:46.074] [T9059] [info] CSXSEventQueueManager::CreateEventQueueIfNotExist: create queue 908.1762224646 (ADCS)...
[11/04/25 02:50:46.166] [T8931] [info] CSXSEventQueueManager::RemoveEventQueueByChannel: remove queue 880.1762224645 (ACHP) for channel 6...
[11/04/25 02:50:46.562] [T9167] [info] CSXSEventQueueManager::CreateEventQueueIfNotExist: create queue 921.1762224646 (COSY)...
[11/04/25 02:50:47.341] [T9276] [info] CSXSEventQueueManager::CreateEventQueueIfNotExist: create queue 930.1762224647 (COSY)...
[11/04/25 02:50:47.511] [T9335] [info] CSXSEventQueueManager::CreateEventQueueIfNotExist: create queue 935.1762224647 (ACHP)...
[11/05/25 00:21:38.697] [T7778] [info] CSXSEventQueueManager::RemoveEventQueueByChannel: remove queue 792.1762224634 (CCXP) for channel 3...
[11/05/25 00:22:39.865] [T633820] [info] CSXSEventQueueManager::CreateEventQueueIfNotExist: create queue 10050.1762302159 (CCXP)...
[11/05/25 00:53:42.210] [T633821] [info] CSXSEventQueueManager::RemoveEventQueueByChannel: remove queue 10050.1762302159 (CCXP) for channel 3...
[11/05/25 00:54:43.553] [T660200] [info] CSXSEventQueueManager::CreateEventQueueIfNotExist: create queue 10429.1762304083 (CCXP)...
[11/05/25 01:25:46.597] [T660200] [info] CSXSEventQueueManager::RemoveEventQueueByChannel: remove queue 10429.1762304083 (CCXP) for channel 2...
[11/05/25 01:26:47.683] [T685075] [info] CSXSEventQueueManager::CreateEventQueueIfNotExist: create queue 10717.1762306007 (CCXP)...
[11/05/25 01:57:50.649] [T685075] [info] CSXSEventQueueManager::RemoveEventQueueByChannel: remove queue 10717.1762306007 (CCXP) for channel 2...
[11/05/25 01:58:51.866] [T710097] [info] CSXSEventQueueManager::CreateEventQueueIfNotExist: create queue 10955.1762307931 (CCXP)...
[11/05/25 04:49:51.391] [T7094] [info] AdobeIPCBroker version: 7.3.0
[11/05/25 04:49:51.405] [T7112] [info] CSXSEventQueueManager::CreateEventQueueIfNotExist: create queue 762.1762318191 (CCXP)...
[11/05/25 04:50:02.089] [T8996] [info] CSXSEventQueueManager::CreateEventQueueIfNotExist: create queue 913.1762318202 (ACHP)...
[11/05/25 04:50:02.089] [T8997] [info] CSXSEventQueueManager::CreateEventQueueIfNotExist: create queue 732.1762318202 (ACCC)...
[11/05/25 04:50:02.298] [T9041] [info] CSXSEventQueueManager::CreateEventQueueIfNotExist: create queue 917.1762318202 (ACHP)...
[11/05/25 04:50:02.493] [T9106] [info] CSXSEventQueueManager::CreateEventQueueIfNotExist: create queue 920.1762318202 (ADCS)...
[11/05/25 04:50:03.034] [T9200] [info] CSXSEventQueueManager::CreateEventQueueIfNotExist: create queue 929.1762318203 (COSY)...
[11/05/25 04:50:03.064] [T9010] [info] CSXSEventQueueManager::RemoveEventQueueByChannel: remove queue 913.1762318202 (ACHP) for channel 18...
[11/05/25 04:50:03.877] [T9291] [info] CSXSEventQueueManager::CreateEventQueueIfNotExist: create queue 944.1762318203 (ACHP)...
[11/05/25 04:50:03.923] [T9306] [info] CSXSEventQueueManager::CreateEventQueueIfNotExist: create queue 943.1762318203 (COSY)...
[11/06/25 00:15:21.016] [T7112] [info] CSXSEventQueueManager::RemoveEventQueueByChannel: remove queue 762.1762318191 (CCXP) for channel 14...
[11/06/25 00:16:22.273] [T681988] [info] CSXSEventQueueManager::CreateEventQueueIfNotExist: create queue 13171.1762388182 (CCXP)...
[11/06/25 00:47:26.394] [T681989] [info] CSXSEventQueueManager::RemoveEventQueueByChannel: remove queue 13171.1762388182 (CCXP) for channel 15...
[11/06/25 00:48:27.413] [T707685] [info] CSXSEventQueueManager::CreateEventQueueIfNotExist: create queue 13362.1762390107 (CCXP)...
[11/06/25 01:19:31.186] [T707686] [info] CSXSEventQueueManager::RemoveEventQueueByChannel: remove queue 13362.1762390107 (CCXP) for channel 15...
[11/06/25 01:20:32.385] [T734887] [info] CSXSEventQueueManager::CreateEventQueueIfNotExist: create queue 14011.1762392032 (CCXP)...
[11/06/25 01:55:16.770] [T734891] [info] CSXSEventQueueManager::RemoveEventQueueByChannel: remove queue 14011.1762392032 (CCXP) for channel 15...
[11/06/25 02:16:12.254] [T752426] [info] CSXSEventQueueManager::CreateEventQueueIfNotExist: create queue 14336.1762395372 (CCXP)...
[11/07/25 00:10:51.400] [T752426] [info] CSXSEventQueueManager::RemoveEventQueueByChannel: remove queue 14336.1762395372 (CCXP) for channel 14...
[11/07/25 00:11:53.148] [T1633407] [info] CSXSEventQueueManager::CreateEventQueueIfNotExist: create queue 30025.1762474313 (CCXP)...
[11/07/25 00:42:56.579] [T1633408] [info] CSXSEventQueueManager::RemoveEventQueueByChannel: remove queue 30025.1762474313 (CCXP) for channel 15...
[11/07/25 00:44:01.348] [T1651615] [info] CSXSEventQueueManager::CreateEventQueueIfNotExist: create queue 30379.1762476241 (CCXP)...
[11/07/25 01:15:08.777] [T1651615] [info] CSXSEventQueueManager::RemoveEventQueueByChannel: remove queue 30379.1762476241 (CCXP) for channel 14...
[11/07/25 01:16:11.919] [T1670973] [info] CSXSEventQueueManager::CreateEventQueueIfNotExist: create queue 30871.1762478171 (CCXP)...
[11/07/25 01:47:18.485] [T1670973] [info] CSXSEventQueueManager::RemoveEventQueueByChannel: remove queue 30871.1762478171 (CCXP) for channel 14...
[11/07/25 01:48:20.157] [T1688916] [info] CSXSEventQueueManager::CreateEventQueueIfNotExist: create queue 31217.1762480100 (CCXP)...
[11/08/25 00:29:47.850] [T1688916] [info] CSXSEventQueueManager::RemoveEventQueueByChannel: remove queue 31217.1762480100 (CCXP) for channel 14...
[11/08/25 00:30:49.073] [T2511720] [info] CSXSEventQueueManager::CreateEventQueueIfNotExist: create queue 59277.1762561849 (CCXP)...
[11/08/25 01:08:50.310] [T2511721] [info] CSXSEventQueueManager::RemoveEventQueueByChannel: remove queue 59277.1762561849 (CCXP) for channel 15...
[11/08/25 01:09:51.848] [T2523128] [info] CSXSEventQueueManager::CreateEventQueueIfNotExist: create queue 59473.1762564191 (CCXP)...
[11/08/25 01:40:52.605] [T2523128] [info] CSXSEventQueueManager::RemoveEventQueueByChannel: remove queue 59473.1762564191 (CCXP) for channel 14...
[11/08/25 01:41:53.687] [T2544111] [info] CSXSEventQueueManager::CreateEventQueueIfNotExist: create queue 59655.1762566113 (CCXP)...
[11/08/25 02:12:54.928] [T2544111] [info] CSXSEventQueueManager::RemoveEventQueueByChannel: remove queue 59655.1762566113 (CCXP) for channel 14...
[11/08/25 02:13:56.022] [T2567680] [info] CSXSEventQueueManager::CreateEventQueueIfNotExist: create queue 59995.1762568036 (CCXP)...
[11/09/25 01:23:22.774] [T2567680] [info] CSXSEventQueueManager::RemoveEventQueueByChannel: remove queue 59995.1762568036 (CCXP) for channel 14...
[11/09/25 01:27:18.847] [T3209041] [info] CSXSEventQueueManager::CreateEventQueueIfNotExist: create queue 69049.1762651638 (CCXP)...
[11/09/25 02:03:47.090] [T3209045] [info] CSXSEventQueueManager::RemoveEventQueueByChannel: remove queue 69049.1762651638 (CCXP) for channel 15...
[11/09/25 02:23:51.281] [T3214281] [info] CSXSEventQueueManager::CreateEventQueueIfNotExist: create queue 69161.1762655031 (CCXP)...
[11/09/25 03:07:45.380] [T3214281] [info] CSXSEventQueueManager::RemoveEventQueueByChannel: remove queue 69161.1762655031 (CCXP) for channel 14...
[11/09/25 03:24:36.095] [T3218584] [info] CSXSEventQueueManager::CreateEventQueueIfNotExist: create queue 69257.1762658676 (CCXP)...
[11/09/25 04:08:43.606] [T3218584] [info] CSXSEventQueueManager::RemoveEventQueueByChannel: remove queue 69257.1762658676 (CCXP) for channel 14...
[11/09/25 04:25:42.869] [T3223326] [info] CSXSEventQueueManager::CreateEventQueueIfNotExist: create queue 69393.1762662342 (CCXP)...
[11/10/25 00:18:18.567] [T3223327] [info] CSXSEventQueueManager::RemoveEventQueueByChannel: remove queue 69393.1762662342 (CCXP) for channel 15...
[11/10/25 00:19:20.854] [T3573125] [info] CSXSEventQueueManager::CreateEventQueueIfNotExist: create queue 74625.1762733960 (CCXP)...
[11/10/25 00:50:26.980] [T3573125] [info] CSXSEventQueueManager::RemoveEventQueueByChannel: remove queue 74625.1762733960 (CCXP) for channel 14...
[11/10/25 00:51:30.412] [T3615802] [info] CSXSEventQueueManager::CreateEventQueueIfNotExist: create queue 75057.1762735890 (CCXP)...
[11/10/25 01:22:34.012] [T3615802] [info] CSXSEventQueueManager::RemoveEventQueueByChannel: remove queue 75057.1762735890 (CCXP) for channel 14...
[11/10/25 01:23:37.610] [T3655175] [info] CSXSEventQueueManager::CreateEventQueueIfNotExist: create queue 75556.1762737817 (CCXP)...
[11/10/25 01:54:39.719] [T3655177] [info] CSXSEventQueueManager::RemoveEventQueueByChannel: remove queue 75556.1762737817 (CCXP) for channel 15...
[11/10/25 01:55:40.822] [T3690280] [info] CSXSEventQueueManager::CreateEventQueueIfNotExist: create queue 76725.1762739740 (CCXP)...
[11/11/25 00:32:24.707] [T3690282] [info] CSXSEventQueueManager::RemoveEventQueueByChannel: remove queue 76725.1762739740 (CCXP) for channel 15...
[11/11/25 00:33:25.755] [T4266019] [info] CSXSEventQueueManager::CreateEventQueueIfNotExist: create queue 88169.1762821205 (CCXP)...
[11/11/25 01:04:28.869] [T4266022] [info] CSXSEventQueueManager::RemoveEventQueueByChannel: remove queue 88169.1762821205 (CCXP) for channel 15...
[11/11/25 01:05:30.418] [T4291582] [info] CSXSEventQueueManager::CreateEventQueueIfNotExist: create queue 88506.1762823130 (CCXP)...
[11/11/25 01:36:45.475] [T4291584] [info] CSXSEventQueueManager::RemoveEventQueueByChannel: remove queue 88506.1762823130 (CCXP) for channel 15...
[11/11/25 01:37:46.911] [T4319409] [info] CSXSEventQueueManager::CreateEventQueueIfNotExist: create queue 88964.1762825066 (CCXP)...
[11/11/25 02:08:56.907] [T4319409] [info] CSXSEventQueueManager::RemoveEventQueueByChannel: remove queue 88964.1762825066 (CCXP) for channel 14...
[11/11/25 02:10:02.415] [T4356919] [info] CSXSEventQueueManager::CreateEventQueueIfNotExist: create queue 89615.1762827002 (CCXP)...
[11/12/25 00:11:07.387] [T4356919] [info] CSXSEventQueueManager::RemoveEventQueueByChannel: remove queue 89615.1762827002 (CCXP) for channel 14...
[11/12/25 00:12:17.853] [T5505409] [info] CSXSEventQueueManager::CreateEventQueueIfNotExist: create queue 5583.1762906337 (CCXP)...
[11/12/25 00:43:20.488] [T5505409] [info] CSXSEventQueueManager::RemoveEventQueueByChannel: remove queue 5583.1762906337 (CCXP) for channel 14...
[11/12/25 00:44:27.306] [T5522903] [info] CSXSEventQueueManager::CreateEventQueueIfNotExist: create queue 5945.1762908267 (CCXP)...
[11/12/25 01:15:33.744] [T5522906] [info] CSXSEventQueueManager::RemoveEventQueueByChannel: remove queue 5945.1762908267 (CCXP) for channel 15...
[11/12/25 01:16:37.859] [T5540096] [info] CSXSEventQueueManager::CreateEventQueueIfNotExist: create queue 6284.1762910197 (CCXP)...
[11/12/25 01:47:46.525] [T5540096] [info] CSXSEventQueueManager::RemoveEventQueueByChannel: remove queue 6284.1762910197 (CCXP) for channel 14...
[11/12/25 01:48:48.215] [T5557217] [info] CSXSEventQueueManager::CreateEventQueueIfNotExist: create queue 6688.1762912128 (CCXP)...
[11/13/25 00:06:58.150] [T5557224] [info] CSXSEventQueueManager::RemoveEventQueueByChannel: remove queue 6688.1762912128 (CCXP) for channel 15...
[11/13/25 00:07:59.321] [T6351134] [info] CSXSEventQueueManager::CreateEventQueueIfNotExist: create queue 21221.1762992479 (CCXP)...
[11/13/25 00:39:03.852] [T6351134] [info] CSXSEventQueueManager::RemoveEventQueueByChannel: remove queue 21221.1762992479 (CCXP) for channel 14...
[11/13/25 00:40:06.674] [T6379395] [info] CSXSEventQueueManager::CreateEventQueueIfNotExist: create queue 21596.1762994406 (CCXP)...
[11/13/25 01:11:15.831] [T6379396] [info] CSXSEventQueueManager::RemoveEventQueueByChannel: remove queue 21596.1762994406 (CCXP) for channel 15...
[11/13/25 01:12:17.358] [T6413297] [info] CSXSEventQueueManager::CreateEventQueueIfNotExist: create queue 22154.1762996337 (CCXP)...
[11/13/25 01:43:25.227] [T6413297] [info] CSXSEventQueueManager::RemoveEventQueueByChannel: remove queue 22154.1762996337 (CCXP) for channel 14...
[11/13/25 01:44:26.524] [T6458602] [info] CSXSEventQueueManager::CreateEventQueueIfNotExist: create queue 24028.1762998266 (CCXP)...
[11/14/25 00:15:42.846] [T6458602] [info] CSXSEventQueueManager::RemoveEventQueueByChannel: remove queue 24028.1762998266 (CCXP) for channel 14...
[11/14/25 00:16:44.294] [T7902119] [info] CSXSEventQueueManager::CreateEventQueueIfNotExist: create queue 57327.1763079404 (CCXP)...
[11/14/25 00:47:45.338] [T7902119] [info] CSXSEventQueueManager::RemoveEventQueueByChannel: remove queue 57327.1763079404 (CCXP) for channel 14...
[11/14/25 00:48:46.518] [T7924086] [info] CSXSEventQueueManager::CreateEventQueueIfNotExist: create queue 57540.1763081326 (CCXP)...
[11/14/25 01:19:48.318] [T7924090] [info] CSXSEventQueueManager::RemoveEventQueueByChannel: remove queue 57540.1763081326 (CCXP) for channel 15...
[11/14/25 01:20:49.555] [T7945925] [info] CSXSEventQueueManager::CreateEventQueueIfNotExist: create queue 57766.1763083249 (CCXP)...
[11/14/25 01:51:51.775] [T7945925] [info] CSXSEventQueueManager::RemoveEventQueueByChannel: remove queue 57766.1763083249 (CCXP) for channel 14...
[11/14/25 01:52:53.281] [T7968535] [info] CSXSEventQueueManager::CreateEventQueueIfNotExist: create queue 57899.1763085173 (CCXP)...
[11/14/25 17:28:46.875] [T7029] [info] AdobeIPCBroker version: 7.3.0
[11/14/25 17:28:46.932] [T7051] [info] CSXSEventQueueManager::CreateEventQueueIfNotExist: create queue 761.1763141326 (CCXP)...
[11/14/25 17:28:54.341] [T8581] [info] CSXSEventQueueManager::CreateEventQueueIfNotExist: create queue 862.1763141334 (ACHP)...
[11/14/25 17:28:54.342] [T8580] [info] CSXSEventQueueManager::CreateEventQueueIfNotExist: create queue 732.1763141334 (ACCC)...
[11/14/25 17:28:54.456] [T8622] [info] CSXSEventQueueManager::CreateEventQueueIfNotExist: create queue 863.1763141334 (ACHP)...
[11/14/25 17:28:54.703] [T8747] [info] CSXSEventQueueManager::CreateEventQueueIfNotExist: create queue 864.1763141334 (ADCS)...
[11/14/25 17:28:55.598] [T8583] [info] CSXSEventQueueManager::RemoveEventQueueByChannel: remove queue 862.1763141334 (ACHP) for channel 6...
[11/14/25 17:28:55.808] [T9251] [info] CSXSEventQueueManager::CreateEventQueueIfNotExist: create queue 882.1763141335 (COSY)...
[11/14/25 17:28:56.517] [T9555] [info] CSXSEventQueueManager::CreateEventQueueIfNotExist: create queue 897.1763141336 (ACHP)...
[11/14/25 17:28:56.630] [T9600] [info] CSXSEventQueueManager::CreateEventQueueIfNotExist: create queue 896.1763141336 (COSY)...
[11/15/25 00:35:07.899] [T7058] [info] CSXSEventQueueManager::RemoveEventQueueByChannel: remove queue 761.1763141326 (CCXP) for channel 3...
[11/15/25 00:36:09.117] [T174579] [info] CSXSEventQueueManager::CreateEventQueueIfNotExist: create queue 2772.1763166969 (CCXP)...
[11/15/25 01:07:12.148] [T174581] [info] CSXSEventQueueManager::RemoveEventQueueByChannel: remove queue 2772.1763166969 (CCXP) for channel 3...
[11/15/25 01:08:13.270] [T199783] [info] CSXSEventQueueManager::CreateEventQueueIfNotExist: create queue 3047.1763168893 (CCXP)...
[11/15/25 01:39:14.884] [T199783] [info] CSXSEventQueueManager::RemoveEventQueueByChannel: remove queue 3047.1763168893 (CCXP) for channel 2...
[11/15/25 01:40:16.050] [T225666] [info] CSXSEventQueueManager::CreateEventQueueIfNotExist: create queue 3248.1763170816 (CCXP)...
[11/15/25 02:11:19.562] [T225667] [info] CSXSEventQueueManager::RemoveEventQueueByChannel: remove queue 3248.1763170816 (CCXP) for channel 3...
[11/15/25 02:12:20.516] [T252357] [info] CSXSEventQueueManager::CreateEventQueueIfNotExist: create queue 3585.1763172740 (CCXP)...
[11/16/25 00:16:58.670] [T252358] [info] CSXSEventQueueManager::RemoveEventQueueByChannel: remove queue 3585.1763172740 (CCXP) for channel 3...
[11/16/25 00:18:01.731] [T1398227] [info] CSXSEventQueueManager::CreateEventQueueIfNotExist: create queue 18145.1763252281 (CCXP)...
[11/16/25 00:49:07.126] [T1398228] [info] CSXSEventQueueManager::RemoveEventQueueByChannel: remove queue 18145.1763252281 (CCXP) for channel 3...
[11/16/25 00:50:14.121] [T1431545] [info] CSXSEventQueueManager::CreateEventQueueIfNotExist: create queue 18473.1763254214 (CCXP)...
[11/16/25 01:21:20.002] [T1431546] [info] CSXSEventQueueManager::RemoveEventQueueByChannel: remove queue 18473.1763254214 (CCXP) for channel 3...
[11/16/25 01:22:22.132] [T1453606] [info] CSXSEventQueueManager::CreateEventQueueIfNotExist: create queue 18831.1763256142 (CCXP)...
[11/16/25 01:53:28.339] [T1453608] [info] CSXSEventQueueManager::RemoveEventQueueByChannel: remove queue 18831.1763256142 (CCXP) for channel 3...
[11/16/25 01:54:29.975] [T1472080] [info] CSXSEventQueueManager::CreateEventQueueIfNotExist: create queue 19168.1763258069 (CCXP)...
[11/16/25 20:27:47.245] [T8184] [info] AdobeIPCBroker version: 7.3.0
[11/16/25 20:27:47.280] [T8189] [info] CSXSEventQueueManager::CreateEventQueueIfNotExist: create queue 790.1763324867 (CCXP)...
[11/16/25 20:27:52.560] [T9331] [info] CSXSEventQueueManager::CreateEventQueueIfNotExist: create queue 730.1763324872 (ACCC)...
[11/16/25 20:27:52.561] [T9332] [info] CSXSEventQueueManager::CreateEventQueueIfNotExist: create queue 879.1763324872 (ACHP)...
[11/16/25 20:27:52.667] [T9357] [info] CSXSEventQueueManager::CreateEventQueueIfNotExist: create queue 880.1763324872 (ACHP)...
[11/16/25 20:27:53.432] [T9335] [info] CSXSEventQueueManager::RemoveEventQueueByChannel: remove queue 879.1763324872 (ACHP) for channel 6...
[11/16/25 20:27:56.086] [T9612] [info] CSXSEventQueueManager::CreateEventQueueIfNotExist: create queue 895.1763324876 (ADCS)...
[11/16/25 20:27:56.719] [T9718] [info] CSXSEventQueueManager::CreateEventQueueIfNotExist: create queue 903.1763324876 (COSY)...
[11/16/25 20:27:57.422] [T9822] [info] CSXSEventQueueManager::CreateEventQueueIfNotExist: create queue 918.1763324877 (ACHP)...
[11/16/25 20:27:57.457] [T9841] [info] CSXSEventQueueManager::CreateEventQueueIfNotExist: create queue 915.1763324877 (COSY)...
[11/17/25 00:28:49.096] [T8189] [info] CSXSEventQueueManager::RemoveEventQueueByChannel: remove queue 790.1763324867 (CCXP) for channel 2...
[11/17/25 00:29:50.972] [T287961] [info] CSXSEventQueueManager::CreateEventQueueIfNotExist: create queue 10127.1763339390 (CCXP)...
[11/17/25 01:00:57.401] [T287962] [info] CSXSEventQueueManager::RemoveEventQueueByChannel: remove queue 10127.1763339390 (CCXP) for channel 3...
[11/17/25 01:02:05.475] [T318259] [info] CSXSEventQueueManager::CreateEventQueueIfNotExist: create queue 10759.1763341325 (CCXP)...
[11/17/25 01:33:08.194] [T318259] [info] CSXSEventQueueManager::RemoveEventQueueByChannel: remove queue 10759.1763341325 (CCXP) for channel 2...
[11/17/25 01:34:20.496] [T338038] [info] CSXSEventQueueManager::CreateEventQueueIfNotExist: create queue 11001.1763343260 (CCXP)...
[11/17/25 02:08:03.799] [T338038] [info] CSXSEventQueueManager::RemoveEventQueueByChannel: remove queue 11001.1763343260 (CCXP) for channel 2...
[11/17/25 02:11:38.035] [T355615] [info] CSXSEventQueueManager::CreateEventQueueIfNotExist: create queue 11313.1763345498 (CCXP)...
[11/18/25 00:06:16.050] [T355616] [info] CSXSEventQueueManager::RemoveEventQueueByChannel: remove queue 11313.1763345498 (CCXP) for channel 3...
[11/18/25 00:07:17.274] [T886530] [info] CSXSEventQueueManager::CreateEventQueueIfNotExist: create queue 19635.1763424437 (CCXP)...
[11/18/25 00:38:19.130] [T886530] [info] CSXSEventQueueManager::RemoveEventQueueByChannel: remove queue 19635.1763424437 (CCXP) for channel 2...
[11/18/25 00:39:20.717] [T927843] [info] CSXSEventQueueManager::CreateEventQueueIfNotExist: create queue 20200.1763426360 (CCXP)...
[11/18/25 01:10:28.472] [T927843] [info] CSXSEventQueueManager::RemoveEventQueueByChannel: remove queue 20200.1763426360 (CCXP) for channel 2...
[11/18/25 01:11:29.618] [T977562] [info] CSXSEventQueueManager::CreateEventQueueIfNotExist: create queue 20869.1763428289 (CCXP)...
[11/18/25 01:42:33.940] [T977562] [info] CSXSEventQueueManager::RemoveEventQueueByChannel: remove queue 20869.1763428289 (CCXP) for channel 2...
[11/18/25 01:43:35.234] [T1005746] [info] CSXSEventQueueManager::CreateEventQueueIfNotExist: create queue 21069.1763430215 (CCXP)...
[11/18/25 14:22:29.269] [T7184] [info] AdobeIPCBroker version: 7.3.0
[11/18/25 14:22:29.306] [T7207] [info] CSXSEventQueueManager::CreateEventQueueIfNotExist: create queue 783.1763475749 (CCXP)...
[11/18/25 14:22:35.779] [T8289] [info] CSXSEventQueueManager::CreateEventQueueIfNotExist: create queue 869.1763475755 (ACHP)...
[11/18/25 14:22:35.779] [T8288] [info] CSXSEventQueueManager::CreateEventQueueIfNotExist: create queue 733.1763475755 (ACCC)...
[11/18/25 14:22:35.891] [T8322] [info] CSXSEventQueueManager::CreateEventQueueIfNotExist: create queue 872.1763475755 (ACHP)...
[11/18/25 14:22:38.055] [T8600] [info] CSXSEventQueueManager::CreateEventQueueIfNotExist: create queue 875.1763475758 (ADCS)...
[11/18/25 14:22:40.749] [T9335] [info] CSXSEventQueueManager::CreateEventQueueIfNotExist: create queue 941.1763475760 (COSY)...
[11/18/25 14:22:41.043] [T8292] [info] CSXSEventQueueManager::RemoveEventQueueByChannel: remove queue 869.1763475755 (ACHP) for channel 6...
[11/18/25 14:22:41.528] [T9495] [info] CSXSEventQueueManager::CreateEventQueueIfNotExist: create queue 957.1763475761 (ACHP)...
[11/18/25 14:22:41.666] [T9522] [info] CSXSEventQueueManager::CreateEventQueueIfNotExist: create queue 956.1763475761 (COSY)...
[11/19/25 00:27:16.892] [T7216] [info] CSXSEventQueueManager::RemoveEventQueueByChannel: remove queue 783.1763475749 (CCXP) for channel 3...
[11/19/25 00:28:18.818] [T303721] [info] CSXSEventQueueManager::CreateEventQueueIfNotExist: create queue 5709.1763512098 (CCXP)...
[11/19/25 00:59:23.098] [T303722] [info] CSXSEventQueueManager::RemoveEventQueueByChannel: remove queue 5709.1763512098 (CCXP) for channel 3...
[11/19/25 01:00:24.081] [T328297] [info] CSXSEventQueueManager::CreateEventQueueIfNotExist: create queue 6070.1763514024 (CCXP)...
[11/19/25 01:31:25.499] [T328297] [info] CSXSEventQueueManager::RemoveEventQueueByChannel: remove queue 6070.1763514024 (CCXP) for channel 2...
[11/19/25 01:32:26.392] [T353163] [info] CSXSEventQueueManager::CreateEventQueueIfNotExist: create queue 6347.1763515946 (CCXP)...
[11/19/25 02:03:27.162] [T353163] [info] CSXSEventQueueManager::RemoveEventQueueByChannel: remove queue 6347.1763515946 (CCXP) for channel 2...
[11/19/25 02:04:28.273] [T380372] [info] CSXSEventQueueManager::CreateEventQueueIfNotExist: create queue 6941.1763517868 (CCXP)...
[11/20/25 00:25:27.590] [T380372] [info] CSXSEventQueueManager::RemoveEventQueueByChannel: remove queue 6941.1763517868 (CCXP) for channel 2...
[11/20/25 00:36:44.367] [T1196152] [info] CSXSEventQueueManager::CreateEventQueueIfNotExist: create queue 17929.1763599004 (CCXP)...
[11/20/25 01:27:48.572] [T1196156] [info] CSXSEventQueueManager::RemoveEventQueueByChannel: remove queue 17929.1763599004 (CCXP) for channel 3...
[11/20/25 01:44:54.203] [T1204242] [info] CSXSEventQueueManager::CreateEventQueueIfNotExist: create queue 18097.1763603094 (CCXP)...
[11/20/25 02:15:59.868] [T1204242] [info] CSXSEventQueueManager::RemoveEventQueueByChannel: remove queue 18097.1763603094 (CCXP) for channel 2...
[11/20/25 02:17:07.026] [T1214883] [info] CSXSEventQueueManager::CreateEventQueueIfNotExist: create queue 18238.1763605027 (CCXP)...
[11/20/25 02:48:10.817] [T1214884] [info] CSXSEventQueueManager::RemoveEventQueueByChannel: remove queue 18238.1763605027 (CCXP) for channel 3...
[11/20/25 02:49:12.082] [T1240352] [info] CSXSEventQueueManager::CreateEventQueueIfNotExist: create queue 18586.1763606952 (CCXP)...
[11/21/25 00:27:56.040] [T1240353] [info] CSXSEventQueueManager::RemoveEventQueueByChannel: remove queue 18586.1763606952 (CCXP) for channel 3...
[11/21/25 00:28:57.291] [T1560103] [info] CSXSEventQueueManager::CreateEventQueueIfNotExist: create queue 29218.1763684937 (CCXP)...
[11/21/25 00:59:59.195] [T1560104] [info] CSXSEventQueueManager::RemoveEventQueueByChannel: remove queue 29218.1763684937 (CCXP) for channel 3...
[11/21/25 01:01:00.419] [T1582196] [info] CSXSEventQueueManager::CreateEventQueueIfNotExist: create queue 29569.1763686860 (CCXP)...
[11/21/25 01:32:02.437] [T1582198] [info] CSXSEventQueueManager::RemoveEventQueueByChannel: remove queue 29569.1763686860 (CCXP) for channel 3...
[11/21/25 01:33:03.684] [T1603679] [info] CSXSEventQueueManager::CreateEventQueueIfNotExist: create queue 29740.1763688783 (CCXP)...
[11/21/25 02:04:06.542] [T1603680] [info] CSXSEventQueueManager::RemoveEventQueueByChannel: remove queue 29740.1763688783 (CCXP) for channel 3...
[11/21/25 02:05:07.735] [T1626592] [info] CSXSEventQueueManager::CreateEventQueueIfNotExist: create queue 30059.1763690707 (CCXP)...
[11/22/25 00:31:16.938] [T1626593] [info] CSXSEventQueueManager::RemoveEventQueueByChannel: remove queue 30059.1763690707 (CCXP) for channel 3...
[11/22/25 00:32:26.148] [T2546179] [info] CSXSEventQueueManager::CreateEventQueueIfNotExist: create queue 44233.1763771546 (CCXP)...
[11/22/25 01:03:32.338] [T2546179] [info] CSXSEventQueueManager::RemoveEventQueueByChannel: remove queue 44233.1763771546 (CCXP) for channel 2...
[11/22/25 01:04:38.237] [T2562564] [info] CSXSEventQueueManager::CreateEventQueueIfNotExist: create queue 44644.1763773478 (CCXP)...
[11/22/25 01:35:41.255] [T2562564] [info] CSXSEventQueueManager::RemoveEventQueueByChannel: remove queue 44644.1763773478 (CCXP) for channel 2...
[11/22/25 01:36:42.424] [T2581982] [info] CSXSEventQueueManager::CreateEventQueueIfNotExist: create queue 44984.1763775402 (CCXP)...
[11/22/25 02:07:43.066] [T2581983] [info] CSXSEventQueueManager::RemoveEventQueueByChannel: remove queue 44984.1763775402 (CCXP) for channel 3...
[11/22/25 02:08:44.460] [T2606254] [info] CSXSEventQueueManager::CreateEventQueueIfNotExist: create queue 45400.1763777324 (CCXP)...
[11/23/25 00:40:13.035] [T2606254] [info] CSXSEventQueueManager::RemoveEventQueueByChannel: remove queue 45400.1763777324 (CCXP) for channel 2...
[11/23/25 00:41:14.758] [T3403933] [info] CSXSEventQueueManager::CreateEventQueueIfNotExist: create queue 59940.1763858474 (CCXP)...
[11/23/25 01:12:16.025] [T3403933] [info] CSXSEventQueueManager::RemoveEventQueueByChannel: remove queue 59940.1763858474 (CCXP) for channel 2...
[11/23/25 01:13:17.569] [T3428586] [info] CSXSEventQueueManager::CreateEventQueueIfNotExist: create queue 60193.1763860397 (CCXP)...
[11/23/25 01:44:20.682] [T3428586] [info] CSXSEventQueueManager::RemoveEventQueueByChannel: remove queue 60193.1763860397 (CCXP) for channel 2...
[11/23/25 01:45:24.856] [T3460396] [info] CSXSEventQueueManager::CreateEventQueueIfNotExist: create queue 60424.1763862324 (CCXP)...
[11/23/25 02:16:28.145] [T3460396] [info] CSXSEventQueueManager::RemoveEventQueueByChannel: remove queue 60424.1763862324 (CCXP) for channel 2...
[11/23/25 02:17:30.546] [T3505132] [info] CSXSEventQueueManager::CreateEventQueueIfNotExist: create queue 60696.1763864250 (CCXP)...
[11/24/25 00:24:10.711] [T3505132] [info] CSXSEventQueueManager::RemoveEventQueueByChannel: remove queue 60696.1763864250 (CCXP) for channel 2...
[11/24/25 00:25:14.806] [T4463354] [info] CSXSEventQueueManager::CreateEventQueueIfNotExist: create queue 74548.1763943914 (CCXP)...
[11/24/25 00:56:19.570] [T4463354] [info] CSXSEventQueueManager::RemoveEventQueueByChannel: remove queue 74548.1763943914 (CCXP) for channel 2...
[11/24/25 00:57:24.687] [T4482179] [info] CSXSEventQueueManager::CreateEventQueueIfNotExist: create queue 74956.1763945844 (CCXP)...
[11/24/25 01:28:33.486] [T4482181] [info] CSXSEventQueueManager::RemoveEventQueueByChannel: remove queue 74956.1763945844 (CCXP) for channel 3...
[11/24/25 01:29:35.326] [T4502312] [info] CSXSEventQueueManager::CreateEventQueueIfNotExist: create queue 75365.1763947775 (CCXP)...
[11/24/25 02:00:44.654] [T4502312] [info] CSXSEventQueueManager::RemoveEventQueueByChannel: remove queue 75365.1763947775 (CCXP) for channel 2...
[11/24/25 02:01:46.350] [T4521533] [info] CSXSEventQueueManager::CreateEventQueueIfNotExist: create queue 75705.1763949706 (CCXP)...
[11/24/25 18:45:57.790] [T6915] [info] AdobeIPCBroker version: 7.3.0
[11/24/25 18:45:57.820] [T6963] [info] CSXSEventQueueManager::CreateEventQueueIfNotExist: create queue 751.1764009957 (CCXP)...
[11/24/25 18:46:04.792] [T8457] [info] CSXSEventQueueManager::CreateEventQueueIfNotExist: create queue 698.1764009964 (ACCC)...
[11/24/25 18:46:04.792] [T8458] [info] CSXSEventQueueManager::CreateEventQueueIfNotExist: create queue 873.1764009964 (ACHP)...
[11/24/25 18:46:04.988] [T8510] [info] CSXSEventQueueManager::CreateEventQueueIfNotExist: create queue 874.1764009964 (ACHP)...
[11/24/25 18:46:05.169] [T8568] [info] CSXSEventQueueManager::CreateEventQueueIfNotExist: create queue 875.1764009965 (ADCS)...
[11/24/25 18:46:05.966] [T8467] [info] CSXSEventQueueManager::RemoveEventQueueByChannel: remove queue 873.1764009964 (ACHP) for channel 18...
[11/24/25 18:46:09.283] [T8971] [info] CSXSEventQueueManager::CreateEventQueueIfNotExist: create queue 891.1764009969 (COSY)...
[11/24/25 18:46:09.643] [T9020] [info] CSXSEventQueueManager::CreateEventQueueIfNotExist: create queue 925.1764009969 (COSY)...
[11/24/25 18:46:09.767] [T9058] [info] CSXSEventQueueManager::CreateEventQueueIfNotExist: create queue 927.1764009969 (ACHP)...
[11/25/25 00:17:05.752] [T6963] [info] CSXSEventQueueManager::RemoveEventQueueByChannel: remove queue 751.1764009957 (CCXP) for channel 14...
[11/25/25 00:18:11.040] [T359793] [info] CSXSEventQueueManager::CreateEventQueueIfNotExist: create queue 5691.1764029891 (CCXP)...
[11/25/25 00:49:20.333] [T359798] [info] CSXSEventQueueManager::RemoveEventQueueByChannel: remove queue 5691.1764029891 (CCXP) for channel 15...
[11/25/25 00:50:22.475] [T386361] [info] CSXSEventQueueManager::CreateEventQueueIfNotExist: create queue 6064.1764031822 (CCXP)...
[11/25/25 01:21:34.493] [T386361] [info] CSXSEventQueueManager::RemoveEventQueueByChannel: remove queue 6064.1764031822 (CCXP) for channel 14...
[11/25/25 01:22:36.901] [T405461] [info] CSXSEventQueueManager::CreateEventQueueIfNotExist: create queue 6381.1764033756 (CCXP)...
[11/25/25 01:53:45.795] [T405462] [info] CSXSEventQueueManager::RemoveEventQueueByChannel: remove queue 6381.1764033756 (CCXP) for channel 15...
[11/25/25 01:54:51.370] [T434762] [info] CSXSEventQueueManager::CreateEventQueueIfNotExist: create queue 6878.1764035691 (CCXP)...
[11/26/25 00:25:58.759] [T434762] [info] CSXSEventQueueManager::RemoveEventQueueByChannel: remove queue 6878.1764035691 (CCXP) for channel 14...
[11/26/25 00:27:00.380] [T1470119] [info] CSXSEventQueueManager::CreateEventQueueIfNotExist: create queue 21148.1764116820 (CCXP)...
[11/26/25 00:58:02.173] [T1470119] [info] CSXSEventQueueManager::RemoveEventQueueByChannel: remove queue 21148.1764116820 (CCXP) for channel 14...
[11/26/25 00:59:03.598] [T1503640] [info] CSXSEventQueueManager::CreateEventQueueIfNotExist: create queue 21536.1764118743 (CCXP)...
[11/26/25 01:30:06.884] [T1503640] [info] CSXSEventQueueManager::RemoveEventQueueByChannel: remove queue 21536.1764118743 (CCXP) for channel 14...
[11/26/25 01:31:11.474] [T1548580] [info] CSXSEventQueueManager::CreateEventQueueIfNotExist: create queue 21814.1764120671 (CCXP)...
[11/26/25 02:02:17.387] [T1548580] [info] CSXSEventQueueManager::RemoveEventQueueByChannel: remove queue 21814.1764120671 (CCXP) for channel 14...
[11/26/25 02:03:22.535] [T1585350] [info] CSXSEventQueueManager::CreateEventQueueIfNotExist: create queue 22227.1764122602 (CCXP)...
[11/26/25 17:43:49.899] [T7288] [info] AdobeIPCBroker version: 7.3.0
[11/26/25 17:43:49.947] [T8637] [info] CSXSEventQueueManager::CreateEventQueueIfNotExist: create queue 777.1764179022 (CCXP)...
[11/26/25 17:43:56.423] [T9618] [info] CSXSEventQueueManager::CreateEventQueueIfNotExist: create queue 919.1764179036 (ACHP)...
[11/26/25 17:43:56.425] [T9620] [info] CSXSEventQueueManager::CreateEventQueueIfNotExist: create queue 715.1764179036 (ACCC)...
[11/26/25 17:43:56.599] [T9660] [info] CSXSEventQueueManager::CreateEventQueueIfNotExist: create queue 921.1764179036 (ACHP)...
[11/26/25 17:43:57.735] [T9793] [info] CSXSEventQueueManager::CreateEventQueueIfNotExist: create queue 923.1764179037 (ADCS)...
[11/26/25 17:44:03.435] [T10496] [info] CSXSEventQueueManager::CreateEventQueueIfNotExist: create queue 939.1764179043 (COSY)...
[11/26/25 17:44:03.675] [T9627] [info] CSXSEventQueueManager::RemoveEventQueueByChannel: remove queue 919.1764179036 (ACHP) for channel 19...
[11/26/25 17:44:04.973] [T10737] [info] CSXSEventQueueManager::CreateEventQueueIfNotExist: create queue 949.1764179044 (ACHP)...
[11/26/25 17:44:10.190] [T11554] [info] CSXSEventQueueManager::CreateEventQueueIfNotExist: create queue 969.1764179050 (COSY)...
[11/27/25 00:15:52.964] [T8637] [info] CSXSEventQueueManager::RemoveEventQueueByChannel: remove queue 777.1764179022 (CCXP) for channel 14...
[11/27/25 00:16:54.196] [T354584] [info] CSXSEventQueueManager::CreateEventQueueIfNotExist: create queue 6527.1764202614 (CCXP)...
[11/27/25 00:47:58.437] [T354584] [info] CSXSEventQueueManager::RemoveEventQueueByChannel: remove queue 6527.1764202614 (CCXP) for channel 14...
[11/27/25 00:49:00.272] [T373115] [info] CSXSEventQueueManager::CreateEventQueueIfNotExist: create queue 6805.1764204540 (CCXP)...
[11/27/25 01:07:39.731] [T7334] [info] AdobeIPCBroker version: 7.3.0
[11/27/25 01:07:39.763] [T7353] [info] CSXSEventQueueManager::CreateEventQueueIfNotExist: create queue 786.1764205659 (CCXP)...
[11/27/25 01:07:46.745] [T8729] [info] CSXSEventQueueManager::CreateEventQueueIfNotExist: create queue 724.1764205666 (ACCC)...
[11/27/25 01:07:46.746] [T8730] [info] CSXSEventQueueManager::CreateEventQueueIfNotExist: create queue 908.1764205666 (ACHP)...
[11/27/25 01:07:46.876] [T8771] [info] CSXSEventQueueManager::CreateEventQueueIfNotExist: create queue 911.1764205666 (ACHP)...
[11/27/25 01:07:47.404] [T8858] [info] CSXSEventQueueManager::CreateEventQueueIfNotExist: create queue 912.1764205667 (ADCS)...
[11/27/25 01:07:48.045] [T8737] [info] CSXSEventQueueManager::RemoveEventQueueByChannel: remove queue 908.1764205666 (ACHP) for channel 6...
[11/27/25 01:07:53.050] [T9681] [info] CSXSEventQueueManager::CreateEventQueueIfNotExist: create queue 933.1764205673 (COSY)...
[11/27/25 01:07:53.449] [T9717] [info] CSXSEventQueueManager::CreateEventQueueIfNotExist: create queue 955.1764205673 (COSY)...
[11/27/25 01:07:53.544] [T9745] [info] CSXSEventQueueManager::CreateEventQueueIfNotExist: create queue 957.1764205673 (ACHP)...
[11/27/25 01:38:51.065] [T7353] [info] CSXSEventQueueManager::RemoveEventQueueByChannel: remove queue 786.1764205659 (CCXP) for channel 2...
[11/27/25 01:39:52.504] [T40900] [info] CSXSEventQueueManager::CreateEventQueueIfNotExist: create queue 1660.1764207592 (CCXP)...
[11/28/25 00:24:29.622] [T40900] [info] CSXSEventQueueManager::RemoveEventQueueByChannel: remove queue 1660.1764207592 (CCXP) for channel 2...
[11/28/25 00:25:36.927] [T1274214] [info] CSXSEventQueueManager::CreateEventQueueIfNotExist: create queue 66004.1764289536 (CCXP)...
[11/28/25 00:56:42.163] [T1274214] [info] CSXSEventQueueManager::RemoveEventQueueByChannel: remove queue 66004.1764289536 (CCXP) for channel 2...
[11/28/25 00:57:44.045] [T1296572] [info] CSXSEventQueueManager::CreateEventQueueIfNotExist: create queue 66447.1764291464 (CCXP)...
[11/28/25 01:28:50.539] [T1296572] [info] CSXSEventQueueManager::RemoveEventQueueByChannel: remove queue 66447.1764291464 (CCXP) for channel 2...
[11/28/25 01:29:53.512] [T1333026] [info] CSXSEventQueueManager::CreateEventQueueIfNotExist: create queue 67204.1764293393 (CCXP)...
[11/28/25 02:00:55.630] [T1333026] [info] CSXSEventQueueManager::RemoveEventQueueByChannel: remove queue 67204.1764293393 (CCXP) for channel 2...
[11/28/25 02:01:56.957] [T1370101] [info] CSXSEventQueueManager::CreateEventQueueIfNotExist: create queue 68066.1764295316 (CCXP)...
[11/28/25 12:16:50.631] [T7259] [info] AdobeIPCBroker version: 7.3.0
[11/28/25 12:16:50.680] [T7295] [info] CSXSEventQueueManager::CreateEventQueueIfNotExist: create queue 775.1764332210 (CCXP)...
[11/28/25 12:16:57.008] [T8477] [info] CSXSEventQueueManager::CreateEventQueueIfNotExist: create queue 877.1764332217 (ACHP)...
[11/28/25 12:16:57.008] [T8476] [info] CSXSEventQueueManager::CreateEventQueueIfNotExist: create queue 721.1764332217 (ACCC)...
[11/28/25 12:16:56.994] [T8526] [info] CSXSEventQueueManager::CreateEventQueueIfNotExist: create queue 882.1764332216 (ACHP)...
[11/28/25 12:16:58.146] [T8707] [info] CSXSEventQueueManager::CreateEventQueueIfNotExist: create queue 895.1764332218 (ADCS)...
[11/28/25 12:16:58.317] [T8490] [info] CSXSEventQueueManager::RemoveEventQueueByChannel: remove queue 877.1764332217 (ACHP) for channel 6...
[11/28/25 12:16:58.678] [T8843] [info] CSXSEventQueueManager::CreateEventQueueIfNotExist: create queue 910.1764332218 (COSY)...
[11/28/25 12:17:00.119] [T8942] [info] CSXSEventQueueManager::CreateEventQueueIfNotExist: create queue 924.1764332220 (COSY)...
[11/28/25 12:17:00.225] [T8967] [info] CSXSEventQueueManager::CreateEventQueueIfNotExist: create queue 926.1764332220 (ACHP)...
[11/28/25 13:49:09.692] [T7137] [info] AdobeIPCBroker version: 7.3.0
[11/28/25 13:49:09.726] [T7173] [info] CSXSEventQueueManager::CreateEventQueueIfNotExist: create queue 776.1764337749 (CCXP)...
[11/28/25 13:49:16.069] [T8444] [info] CSXSEventQueueManager::CreateEventQueueIfNotExist: create queue 744.1764337756 (ACCC)...
[11/28/25 13:49:16.069] [T8445] [info] CSXSEventQueueManager::CreateEventQueueIfNotExist: create queue 888.1764337756 (ACHP)...
[11/28/25 13:49:16.236] [T8482] [info] CSXSEventQueueManager::CreateEventQueueIfNotExist: create queue 892.1764337756 (ACHP)...
[11/28/25 13:49:16.410] [T8545] [info] CSXSEventQueueManager::CreateEventQueueIfNotExist: create queue 894.1764337756 (ADCS)...
[11/28/25 13:49:17.014] [T8681] [info] CSXSEventQueueManager::CreateEventQueueIfNotExist: create queue 907.1764337757 (COSY)...
[11/28/25 13:49:17.078] [T8453] [info] CSXSEventQueueManager::RemoveEventQueueByChannel: remove queue 888.1764337756 (ACHP) for channel 6...
[11/28/25 13:49:19.592] [T8906] [info] CSXSEventQueueManager::CreateEventQueueIfNotExist: create queue 917.1764337759 (COSY)...
[11/28/25 13:49:19.608] [T8913] [info] CSXSEventQueueManager::CreateEventQueueIfNotExist: create queue 918.1764337759 (ACHP)...
[11/28/25 14:27:32.686] [T9295] [info] AdobeIPCBroker version: 7.3.0
[11/28/25 14:27:32.739] [T9338] [info] CSXSEventQueueManager::CreateEventQueueIfNotExist: create queue 966.1764340052 (CCXP)...
[11/28/25 14:27:40.496] [T10686] [info] CSXSEventQueueManager::CreateEventQueueIfNotExist: create queue 1100.1764340060 (ACHP)...
[11/28/25 14:27:40.496] [T10687] [info] CSXSEventQueueManager::CreateEventQueueIfNotExist: create queue 931.1764340060 (ACCC)...
[11/28/25 14:27:40.620] [T10720] [info] CSXSEventQueueManager::CreateEventQueueIfNotExist: create queue 1102.1764340060 (ACHP)...
[11/28/25 14:27:41.659] [T10692] [info] CSXSEventQueueManager::RemoveEventQueueByChannel: remove queue 1100.1764340060 (ACHP) for channel 6...
[11/28/25 14:27:45.013] [T11225] [info] CSXSEventQueueManager::CreateEventQueueIfNotExist: create queue 1108.1764340065 (ADCS)...
[11/28/25 14:27:45.592] [T11332] [info] CSXSEventQueueManager::CreateEventQueueIfNotExist: create queue 1137.1764340065 (COSY)...
[11/28/25 14:27:46.335] [T11414] [info] CSXSEventQueueManager::CreateEventQueueIfNotExist: create queue 1149.1764340066 (ACHP)...
[11/28/25 14:27:46.380] [T11423] [info] CSXSEventQueueManager::CreateEventQueueIfNotExist: create queue 1148.1764340066 (COSY)...
[11/28/25 14:42:32.922] [T7171] [info] AdobeIPCBroker version: 7.3.0
[11/28/25 14:42:32.944] [T7205] [info] CSXSEventQueueManager::CreateEventQueueIfNotExist: create queue 782.1764340952 (CCXP)...
[11/28/25 14:42:41.223] [T8390] [info] CSXSEventQueueManager::CreateEventQueueIfNotExist: create queue 865.1764340961 (ACHP)...
[11/28/25 14:42:41.223] [T8391] [info] CSXSEventQueueManager::CreateEventQueueIfNotExist: create queue 734.1764340961 (ACCC)...
[11/28/25 14:42:41.584] [T8439] [info] CSXSEventQueueManager::CreateEventQueueIfNotExist: create queue 896.1764340961 (ACHP)...
[11/28/25 14:42:41.842] [T8507] [info] CSXSEventQueueManager::CreateEventQueueIfNotExist: create queue 898.1764340961 (ADCS)...
[11/28/25 14:42:42.358] [T8613] [info] CSXSEventQueueManager::CreateEventQueueIfNotExist: create queue 908.1764340962 (COSY)...
[11/28/25 14:42:42.413] [T8395] [info] CSXSEventQueueManager::RemoveEventQueueByChannel: remove queue 865.1764340961 (ACHP) for channel 6...
[11/28/25 14:42:43.023] [T8712] [info] CSXSEventQueueManager::CreateEventQueueIfNotExist: create queue 922.1764340963 (ACHP)...
[11/28/25 14:42:43.050] [T8727] [info] CSXSEventQueueManager::CreateEventQueueIfNotExist: create queue 921.1764340963 (COSY)...
[11/29/25 00:14:54.058] [T7235] [info] CSXSEventQueueManager::RemoveEventQueueByChannel: remove queue 782.1764340952 (CCXP) for channel 3...
[11/29/25 00:15:55.247] [T326951] [info] CSXSEventQueueManager::CreateEventQueueIfNotExist: create queue 5989.1764375355 (CCXP)...
[11/29/25 00:56:19.271] [T326952] [info] CSXSEventQueueManager::RemoveEventQueueByChannel: remove queue 5989.1764375355 (CCXP) for channel 3...
[11/29/25 01:12:19.335] [T341107] [info] CSXSEventQueueManager::CreateEventQueueIfNotExist: create queue 6439.1764378739 (CCXP)...
[11/29/25 01:43:21.933] [T341108] [info] CSXSEventQueueManager::RemoveEventQueueByChannel: remove queue 6439.1764378739 (CCXP) for channel 3...
[11/29/25 01:44:31.203] [T361806] [info] CSXSEventQueueManager::CreateEventQueueIfNotExist: create queue 6810.1764380671 (CCXP)...
[11/29/25 02:15:32.183] [T361806] [info] CSXSEventQueueManager::RemoveEventQueueByChannel: remove queue 6810.1764380671 (CCXP) for channel 2...
[11/29/25 02:16:33.178] [T383517] [info] CSXSEventQueueManager::CreateEventQueueIfNotExist: create queue 7096.1764382593 (CCXP)...
[11/29/25 19:16:36.626] [T7255] [info] AdobeIPCBroker version: 7.3.0
[11/29/25 19:16:36.644] [T7316] [info] CSXSEventQueueManager::CreateEventQueueIfNotExist: create queue 763.1764443796 (CCXP)...
[11/29/25 19:16:44.821] [T8854] [info] CSXSEventQueueManager::CreateEventQueueIfNotExist: create queue 915.1764443804 (ACHP)...
[11/29/25 19:16:44.821] [T8855] [info] CSXSEventQueueManager::CreateEventQueueIfNotExist: create queue 737.1764443804 (ACCC)...
[11/29/25 19:16:44.992] [T8891] [info] CSXSEventQueueManager::CreateEventQueueIfNotExist: create queue 918.1764443804 (ACHP)...
[11/29/25 19:16:46.618] [T9210] [info] CSXSEventQueueManager::CreateEventQueueIfNotExist: create queue 920.1764443806 (ADCS)...
[11/29/25 19:16:47.101] [T8861] [info] CSXSEventQueueManager::RemoveEventQueueByChannel: remove queue 915.1764443804 (ACHP) for channel 6...
[11/29/25 19:16:47.774] [T9401] [info] CSXSEventQueueManager::CreateEventQueueIfNotExist: create queue 949.1764443807 (COSY)...
[11/29/25 19:16:48.143] [T9486] [info] CSXSEventQueueManager::CreateEventQueueIfNotExist: create queue 966.1764443808 (ACHP)...
[11/29/25 19:16:48.510] [T9526] [info] CSXSEventQueueManager::CreateEventQueueIfNotExist: create queue 969.1764443808 (COSY)...
[11/30/25 00:17:41.749] [T7316] [info] CSXSEventQueueManager::RemoveEventQueueByChannel: remove queue 763.1764443796 (CCXP) for channel 2...
[11/30/25 00:18:46.280] [T329973] [info] CSXSEventQueueManager::CreateEventQueueIfNotExist: create queue 26044.1764461926 (CCXP)...
[11/30/25 00:49:47.575] [T329975] [info] CSXSEventQueueManager::RemoveEventQueueByChannel: remove queue 26044.1764461926 (CCXP) for channel 3...
[11/30/25 00:50:48.683] [T352952] [info] CSXSEventQueueManager::CreateEventQueueIfNotExist: create queue 26496.1764463848 (CCXP)...
[11/30/25 01:21:49.648] [T352953] [info] CSXSEventQueueManager::RemoveEventQueueByChannel: remove queue 26496.1764463848 (CCXP) for channel 3...
[11/30/25 01:22:50.538] [T403326] [info] CSXSEventQueueManager::CreateEventQueueIfNotExist: create queue 30616.1764465770 (CCXP)...
[11/30/25 01:53:52.800] [T403326] [info] CSXSEventQueueManager::RemoveEventQueueByChannel: remove queue 30616.1764465770 (CCXP) for channel 2...
[11/30/25 01:54:54.014] [T430916] [info] CSXSEventQueueManager::CreateEventQueueIfNotExist: create queue 31303.1764467694 (CCXP)...
[12/01/25 00:24:26.953] [T430917] [info] CSXSEventQueueManager::RemoveEventQueueByChannel: remove queue 31303.1764467694 (CCXP) for channel 3...
[12/01/25 00:25:31.555] [T1291019] [info] CSXSEventQueueManager::CreateEventQueueIfNotExist: create queue 43091.1764548731 (CCXP)...
[12/01/25 00:56:32.900] [T1291019] [info] CSXSEventQueueManager::RemoveEventQueueByChannel: remove queue 43091.1764548731 (CCXP) for channel 2...
[12/01/25 00:57:35.396] [T1327372] [info] CSXSEventQueueManager::CreateEventQueueIfNotExist: create queue 43539.1764550655 (CCXP)...
[12/01/25 01:28:36.714] [T1327372] [info] CSXSEventQueueManager::RemoveEventQueueByChannel: remove queue 43539.1764550655 (CCXP) for channel 2...
[12/01/25 01:29:53.739] [T1361518] [info] CSXSEventQueueManager::CreateEventQueueIfNotExist: create queue 43934.1764552593 (CCXP)...
[12/01/25 02:00:54.786] [T1361519] [info] CSXSEventQueueManager::RemoveEventQueueByChannel: remove queue 43934.1764552593 (CCXP) for channel 3...
[12/01/25 02:02:04.453] [T1402283] [info] CSXSEventQueueManager::CreateEventQueueIfNotExist: create queue 44521.1764554524 (CCXP)...
[12/02/25 00:20:59.246] [T1402283] [info] CSXSEventQueueManager::RemoveEventQueueByChannel: remove queue 44521.1764554524 (CCXP) for channel 2...
[12/02/25 00:22:06.969] [T2002798] [info] CSXSEventQueueManager::CreateEventQueueIfNotExist: create queue 58551.1764634926 (CCXP)...
[12/02/25 00:53:08.017] [T2002798] [info] CSXSEventQueueManager::RemoveEventQueueByChannel: remove queue 58551.1764634926 (CCXP) for channel 2...
[12/02/25 00:54:09.202] [T2027941] [info] CSXSEventQueueManager::CreateEventQueueIfNotExist: create queue 58794.1764636849 (CCXP)...
[12/02/25 01:25:09.751] [T2027941] [info] CSXSEventQueueManager::RemoveEventQueueByChannel: remove queue 58794.1764636849 (CCXP) for channel 2...
[12/02/25 01:26:10.962] [T2052106] [info] CSXSEventQueueManager::CreateEventQueueIfNotExist: create queue 59049.1764638770 (CCXP)...
[12/02/25 01:57:15.893] [T2052106] [info] CSXSEventQueueManager::RemoveEventQueueByChannel: remove queue 59049.1764638770 (CCXP) for channel 2...
[12/02/25 01:58:26.776] [T2086145] [info] CSXSEventQueueManager::CreateEventQueueIfNotExist: create queue 59357.1764640706 (CCXP)...
[12/03/25 00:29:37.257] [T2086145] [info] CSXSEventQueueManager::RemoveEventQueueByChannel: remove queue 59357.1764640706 (CCXP) for channel 2...
[12/03/25 00:30:39.226] [T3469217] [info] CSXSEventQueueManager::CreateEventQueueIfNotExist: create queue 9091.1764721839 (CCXP)...
[12/03/25 01:01:40.138] [T3469220] [info] CSXSEventQueueManager::RemoveEventQueueByChannel: remove queue 9091.1764721839 (CCXP) for channel 3...
[12/03/25 01:02:42.678] [T3500682] [info] CSXSEventQueueManager::CreateEventQueueIfNotExist: create queue 9887.1764723762 (CCXP)...
[12/03/25 01:33:49.889] [T3500687] [info] CSXSEventQueueManager::RemoveEventQueueByChannel: remove queue 9887.1764723762 (CCXP) for channel 3...
[12/03/25 01:34:51.127] [T3535130] [info] CSXSEventQueueManager::CreateEventQueueIfNotExist: create queue 10802.1764725691 (CCXP)...
[12/03/25 02:05:57.490] [T3535131] [info] CSXSEventQueueManager::RemoveEventQueueByChannel: remove queue 10802.1764725691 (CCXP) for channel 3...
[12/03/25 02:06:59.082] [T3572715] [info] CSXSEventQueueManager::CreateEventQueueIfNotExist: create queue 11796.1764727619 (CCXP)...
[12/04/25 00:38:08.514] [T3572715] [info] CSXSEventQueueManager::RemoveEventQueueByChannel: remove queue 11796.1764727619 (CCXP) for channel 2...
[12/04/25 00:39:11.167] [T5211516] [info] CSXSEventQueueManager::CreateEventQueueIfNotExist: create queue 13049.1764808751 (CCXP)...
[12/04/25 01:10:14.001] [T5211516] [info] CSXSEventQueueManager::RemoveEventQueueByChannel: remove queue 13049.1764808751 (CCXP) for channel 2...
[12/04/25 01:11:15.691] [T5239577] [info] CSXSEventQueueManager::CreateEventQueueIfNotExist: create queue 13220.1764810675 (CCXP)...
[12/04/25 01:42:16.511] [T5239578] [info] CSXSEventQueueManager::RemoveEventQueueByChannel: remove queue 13220.1764810675 (CCXP) for channel 3...
[12/04/25 01:43:18.635] [T5268466] [info] CSXSEventQueueManager::CreateEventQueueIfNotExist: create queue 13476.1764812598 (CCXP)...
[12/04/25 02:14:21.082] [T5268467] [info] CSXSEventQueueManager::RemoveEventQueueByChannel: remove queue 13476.1764812598 (CCXP) for channel 3...
[12/04/25 02:15:22.460] [T5301189] [info] CSXSEventQueueManager::CreateEventQueueIfNotExist: create queue 13841.1764814522 (CCXP)...
[12/05/25 01:02:42.471] [T5301189] [info] CSXSEventQueueManager::RemoveEventQueueByChannel: remove queue 13841.1764814522 (CCXP) for channel 2...
[12/05/25 01:03:45.856] [T6145846] [info] CSXSEventQueueManager::CreateEventQueueIfNotExist: create queue 25377.1764896625 (CCXP)...
[12/05/25 01:26:19.944] [T8900] [info] CSXSEventQueueManager::RemoveEventQueueByChannel: remove queue 918.1764443804 (ACHP) for channel 8...
[12/05/25 01:26:19.998] [T9489] [info] CSXSEventQueueManager::RemoveEventQueueByChannel: remove queue 966.1764443808 (ACHP) for channel 13...
[12/05/25 01:27:10.143] [T7504] [info] AdobeIPCBroker version: 7.3.0
[12/05/25 01:27:10.184] [T7528] [info] CSXSEventQueueManager::CreateEventQueueIfNotExist: create queue 793.1764898030 (CCXP)...
[12/05/25 01:27:15.490] [T8805] [info] CSXSEventQueueManager::CreateEventQueueIfNotExist: create queue 734.1764898035 (ACCC)...
[12/05/25 01:27:19.776] [T9422] [info] CSXSEventQueueManager::CreateEventQueueIfNotExist: create queue 863.1764898039 (ACHP)...
[12/05/25 01:27:21.716] [T9933] [info] CSXSEventQueueManager::CreateEventQueueIfNotExist: create queue 924.1764898041 (ACHP)...
[12/05/25 01:27:23.334] [T10387] [info] CSXSEventQueueManager::CreateEventQueueIfNotExist: create queue 928.1764898043 (ADCS)...
[12/05/25 01:27:23.771] [T9455] [info] CSXSEventQueueManager::RemoveEventQueueByChannel: remove queue 863.1764898039 (ACHP) for channel 6...
[12/05/25 01:27:24.217] [T10541] [info] CSXSEventQueueManager::CreateEventQueueIfNotExist: create queue 957.1764898044 (COSY)...
[12/05/25 01:27:24.874] [T10600] [info] CSXSEventQueueManager::CreateEventQueueIfNotExist: create queue 967.1764898044 (ACHP)...
[12/05/25 01:27:24.894] [T10602] [info] CSXSEventQueueManager::CreateEventQueueIfNotExist: create queue 966.1764898044 (COSY)...
[12/05/25 01:58:11.568] [T7536] [info] CSXSEventQueueManager::RemoveEventQueueByChannel: remove queue 793.1764898030 (CCXP) for channel 3...
[12/05/25 02:04:20.922] [T38590] [info] CSXSEventQueueManager::CreateEventQueueIfNotExist: create queue 1487.1764900260 (CCXP)...
[12/05/25 02:35:23.901] [T38590] [info] CSXSEventQueueManager::RemoveEventQueueByChannel: remove queue 1487.1764900260 (CCXP) for channel 2...
[12/05/25 02:36:24.985] [T50705] [info] CSXSEventQueueManager::CreateEventQueueIfNotExist: create queue 1614.1764902184 (CCXP)...
[12/06/25 00:19:58.387] [T50705] [info] CSXSEventQueueManager::RemoveEventQueueByChannel: remove queue 1614.1764902184 (CCXP) for channel 2...
[12/06/25 00:21:08.998] [T1029763] [info] CSXSEventQueueManager::CreateEventQueueIfNotExist: create queue 17043.1764980468 (CCXP)...
[12/06/25 00:52:13.405] [T1029763] [info] CSXSEventQueueManager::RemoveEventQueueByChannel: remove queue 17043.1764980468 (CCXP) for channel 2...
[12/06/25 00:53:15.418] [T1064465] [info] CSXSEventQueueManager::CreateEventQueueIfNotExist: create queue 17459.1764982395 (CCXP)...
[12/06/25 01:24:17.969] [T1064467] [info] CSXSEventQueueManager::RemoveEventQueueByChannel: remove queue 17459.1764982395 (CCXP) for channel 3...
[12/06/25 01:25:19.290] [T1112343] [info] CSXSEventQueueManager::CreateEventQueueIfNotExist: create queue 17629.1764984319 (CCXP)...
[12/06/25 01:56:24.300] [T1112343] [info] CSXSEventQueueManager::RemoveEventQueueByChannel: remove queue 17629.1764984319 (CCXP) for channel 2...
[12/06/25 01:57:30.125] [T1138372] [info] CSXSEventQueueManager::CreateEventQueueIfNotExist: create queue 18094.1764986250 (CCXP)...
[12/07/25 00:28:39.031] [T1138377] [info] CSXSEventQueueManager::RemoveEventQueueByChannel: remove queue 18094.1764986250 (CCXP) for channel 3...
[12/07/25 00:29:40.214] [T1995186] [info] CSXSEventQueueManager::CreateEventQueueIfNotExist: create queue 31275.1765067380 (CCXP)...
[12/07/25 01:00:40.957] [T1995190] [info] CSXSEventQueueManager::RemoveEventQueueByChannel: remove queue 31275.1765067380 (CCXP) for channel 3...
[12/07/25 01:01:42.312] [T2020809] [info] CSXSEventQueueManager::CreateEventQueueIfNotExist: create queue 31418.1765069302 (CCXP)...
[12/07/25 01:32:45.437] [T2020809] [info] CSXSEventQueueManager::RemoveEventQueueByChannel: remove queue 31418.1765069302 (CCXP) for channel 2...
[12/07/25 01:33:46.505] [T2045189] [info] CSXSEventQueueManager::CreateEventQueueIfNotExist: create queue 31696.1765071226 (CCXP)...
[12/07/25 02:04:47.994] [T2045194] [info] CSXSEventQueueManager::RemoveEventQueueByChannel: remove queue 31696.1765071226 (CCXP) for channel 3...
[12/07/25 02:05:49.292] [T2072588] [info] CSXSEventQueueManager::CreateEventQueueIfNotExist: create queue 31948.1765073149 (CCXP)...
[12/08/25 00:37:01.231] [T2072588] [info] CSXSEventQueueManager::RemoveEventQueueByChannel: remove queue 31948.1765073149 (CCXP) for channel 2...
[12/08/25 00:38:02.648] [T3221652] [info] CSXSEventQueueManager::CreateEventQueueIfNotExist: create queue 44337.1765154282 (CCXP)...
[12/08/25 01:09:13.847] [T3221656] [info] CSXSEventQueueManager::RemoveEventQueueByChannel: remove queue 44337.1765154282 (CCXP) for channel 3...
[12/08/25 01:10:15.771] [T3249206] [info] CSXSEventQueueManager::CreateEventQueueIfNotExist: create queue 44707.1765156215 (CCXP)...
[12/08/25 01:41:28.505] [T3249207] [info] CSXSEventQueueManager::RemoveEventQueueByChannel: remove queue 44707.1765156215 (CCXP) for channel 3...
[12/08/25 01:42:32.217] [T3267199] [info] CSXSEventQueueManager::CreateEventQueueIfNotExist: create queue 45114.1765158152 (CCXP)...
[12/08/25 02:13:41.843] [T3267199] [info] CSXSEventQueueManager::RemoveEventQueueByChannel: remove queue 45114.1765158152 (CCXP) for channel 2...
[12/08/25 02:14:43.855] [T3286225] [info] CSXSEventQueueManager::CreateEventQueueIfNotExist: create queue 45556.1765160083 (CCXP)...
[12/09/25 00:15:45.783] [T3286226] [info] CSXSEventQueueManager::RemoveEventQueueByChannel: remove queue 45556.1765160083 (CCXP) for channel 3...
[12/09/25 00:16:47.412] [T4163582] [info] CSXSEventQueueManager::CreateEventQueueIfNotExist: create queue 58473.1765239407 (CCXP)...
[12/09/25 00:47:49.793] [T4163582] [info] CSXSEventQueueManager::RemoveEventQueueByChannel: remove queue 58473.1765239407 (CCXP) for channel 2...
[12/09/25 00:48:51.998] [T4189794] [info] CSXSEventQueueManager::CreateEventQueueIfNotExist: create queue 58773.1765241331 (CCXP)...
[12/09/25 01:19:18.766] [T7370] [info] AdobeIPCBroker version: 7.3.0
[12/09/25 01:19:18.796] [T7401] [info] CSXSEventQueueManager::CreateEventQueueIfNotExist: create queue 763.1765243158 (CCXP)...
[12/09/25 01:19:24.897] [T8399] [info] CSXSEventQueueManager::CreateEventQueueIfNotExist: create queue 872.1765243164 (ACHP)...
[12/09/25 01:19:24.897] [T8398] [info] CSXSEventQueueManager::CreateEventQueueIfNotExist: create queue 738.1765243164 (ACCC)...
[12/09/25 01:19:25.157] [T8460] [info] CSXSEventQueueManager::CreateEventQueueIfNotExist: create queue 873.1765243165 (ACHP)...
[12/09/25 01:19:26.047] [T8402] [info] CSXSEventQueueManager::RemoveEventQueueByChannel: remove queue 872.1765243164 (ACHP) for channel 6...
[12/09/25 01:19:26.173] [T8679] [info] CSXSEventQueueManager::CreateEventQueueIfNotExist: create queue 896.1765243166 (ADCS)...
[12/09/25 01:19:26.856] [T8820] [info] CSXSEventQueueManager::CreateEventQueueIfNotExist: create queue 907.1765243166 (COSY)...
[12/09/25 01:19:27.616] [T8923] [info] CSXSEventQueueManager::CreateEventQueueIfNotExist: create queue 919.1765243167 (ACHP)...
[12/09/25 01:19:28.757] [T9011] [info] CSXSEventQueueManager::CreateEventQueueIfNotExist: create queue 926.1765243168 (COSY)...
[12/09/25 01:50:27.895] [T7410] [info] CSXSEventQueueManager::RemoveEventQueueByChannel: remove queue 763.1765243158 (CCXP) for channel 3...
[12/09/25 01:51:28.932] [T35633] [info] CSXSEventQueueManager::CreateEventQueueIfNotExist: create queue 1487.1765245088 (CCXP)...
[12/10/25 00:28:09.535] [T35633] [info] CSXSEventQueueManager::RemoveEventQueueByChannel: remove queue 1487.1765245088 (CCXP) for channel 2...
[12/10/25 00:29:20.013] [T1261546] [info] CSXSEventQueueManager::CreateEventQueueIfNotExist: create queue 15770.1765326560 (CCXP)...
[12/10/25 01:00:23.215] [T1261546] [info] CSXSEventQueueManager::RemoveEventQueueByChannel: remove queue 15770.1765326560 (CCXP) for channel 2...
[12/10/25 01:01:25.142] [T1291399] [info] CSXSEventQueueManager::CreateEventQueueIfNotExist: create queue 16072.1765328485 (CCXP)...
[12/10/25 01:32:31.127] [T1291400] [info] CSXSEventQueueManager::RemoveEventQueueByChannel: remove queue 16072.1765328485 (CCXP) for channel 3...
[12/10/25 01:33:32.519] [T1314452] [info] CSXSEventQueueManager::CreateEventQueueIfNotExist: create queue 16420.1765330412 (CCXP)...
[12/10/25 02:04:36.330] [T1314452] [info] CSXSEventQueueManager::RemoveEventQueueByChannel: remove queue 16420.1765330412 (CCXP) for channel 2...
[12/10/25 02:05:37.555] [T1335511] [info] CSXSEventQueueManager::CreateEventQueueIfNotExist: create queue 16624.1765332337 (CCXP)...
[12/10/25 06:06:34.330] [T7147] [info] AdobeIPCBroker version: 7.3.0
[12/10/25 06:06:34.376] [T7181] [info] CSXSEventQueueManager::CreateEventQueueIfNotExist: create queue 759.1765346794 (CCXP)...
[12/10/25 06:06:45.114] [T8516] [info] CSXSEventQueueManager::CreateEventQueueIfNotExist: create queue 862.1765346805 (ACHP)...
[12/10/25 06:06:45.114] [T8515] [info] CSXSEventQueueManager::CreateEventQueueIfNotExist: create queue 729.1765346805 (ACCC)...
[12/10/25 06:06:45.259] [T8572] [info] CSXSEventQueueManager::CreateEventQueueIfNotExist: create queue 898.1765346805 (ACHP)...
[12/10/25 06:06:45.491] [T8638] [info] CSXSEventQueueManager::CreateEventQueueIfNotExist: create queue 901.1765346805 (ADCS)...
[12/10/25 06:06:46.173] [T8521] [info] CSXSEventQueueManager::RemoveEventQueueByChannel: remove queue 862.1765346805 (ACHP) for channel 6...
[12/10/25 06:06:46.177] [T8869] [info] CSXSEventQueueManager::CreateEventQueueIfNotExist: create queue 914.1765346806 (COSY)...
[12/10/25 06:06:46.520] [T8986] [info] CSXSEventQueueManager::CreateEventQueueIfNotExist: create queue 925.1765346806 (ACHP)...
[12/10/25 06:06:46.572] [T9015] [info] CSXSEventQueueManager::CreateEventQueueIfNotExist: create queue 923.1765346806 (COSY)...
[12/11/25 00:37:35.408] [T7181] [info] CSXSEventQueueManager::RemoveEventQueueByChannel: remove queue 759.1765346794 (CCXP) for channel 2...
[12/11/25 00:38:49.258] [T699457] [info] CSXSEventQueueManager::CreateEventQueueIfNotExist: create queue 11504.1765413529 (CCXP)...
[12/11/25 01:09:49.556] [T699463] [info] CSXSEventQueueManager::RemoveEventQueueByChannel: remove queue 11504.1765413529 (CCXP) for channel 3...
[12/11/25 01:10:50.853] [T721966] [info] CSXSEventQueueManager::CreateEventQueueIfNotExist: create queue 11730.1765415450 (CCXP)...
[12/11/25 01:41:52.769] [T721967] [info] CSXSEventQueueManager::RemoveEventQueueByChannel: remove queue 11730.1765415450 (CCXP) for channel 3...
[12/11/25 01:42:53.887] [T746700] [info] CSXSEventQueueManager::CreateEventQueueIfNotExist: create queue 12094.1765417373 (CCXP)...
[12/11/25 02:13:55.683] [T746704] [info] CSXSEventQueueManager::RemoveEventQueueByChannel: remove queue 12094.1765417373 (CCXP) for channel 3...
[12/11/25 02:14:57.701] [T770908] [info] CSXSEventQueueManager::CreateEventQueueIfNotExist: create queue 12386.1765419297 (CCXP)...
[12/12/25 00:30:14.746] [T770908] [info] CSXSEventQueueManager::RemoveEventQueueByChannel: remove queue 12386.1765419297 (CCXP) for channel 2...
[12/12/25 00:31:23.770] [T1872258] [info] CSXSEventQueueManager::CreateEventQueueIfNotExist: create queue 40270.1765499483 (CCXP)...
[12/12/25 01:02:27.501] [T1872268] [info] CSXSEventQueueManager::RemoveEventQueueByChannel: remove queue 40270.1765499483 (CCXP) for channel 3...
[12/12/25 01:03:29.969] [T1901523] [info] CSXSEventQueueManager::CreateEventQueueIfNotExist: create queue 40713.1765501409 (CCXP)...
[12/12/25 01:34:36.684] [T1901524] [info] CSXSEventQueueManager::RemoveEventQueueByChannel: remove queue 40713.1765501409 (CCXP) for channel 3...
[12/12/25 01:35:37.770] [T1920876] [info] CSXSEventQueueManager::CreateEventQueueIfNotExist: create queue 41123.1765503337 (CCXP)...
[12/12/25 02:06:41.583] [T1920881] [info] CSXSEventQueueManager::RemoveEventQueueByChannel: remove queue 41123.1765503337 (CCXP) for channel 3...
[12/12/25 02:07:42.762] [T1946829] [info] CSXSEventQueueManager::CreateEventQueueIfNotExist: create queue 41430.1765505262 (CCXP)...
[12/13/25 00:08:56.845] [T1946830] [info] CSXSEventQueueManager::RemoveEventQueueByChannel: remove queue 41430.1765505262 (CCXP) for channel 3...
[12/13/25 00:09:59.380] [T2755405] [info] CSXSEventQueueManager::CreateEventQueueIfNotExist: create queue 56198.1765584599 (CCXP)...
[12/13/25 00:41:02.577] [T2755405] [info] CSXSEventQueueManager::RemoveEventQueueByChannel: remove queue 56198.1765584599 (CCXP) for channel 2...
[12/13/25 00:42:03.842] [T2786220] [info] CSXSEventQueueManager::CreateEventQueueIfNotExist: create queue 56661.1765586523 (CCXP)...
[12/13/25 01:13:05.535] [T2786220] [info] CSXSEventQueueManager::RemoveEventQueueByChannel: remove queue 56661.1765586523 (CCXP) for channel 2...
[12/13/25 01:14:06.840] [T2811823] [info] CSXSEventQueueManager::CreateEventQueueIfNotExist: create queue 57040.1765588446 (CCXP)...
[12/13/25 01:45:09.663] [T2811826] [info] CSXSEventQueueManager::RemoveEventQueueByChannel: remove queue 57040.1765588446 (CCXP) for channel 3...
[12/13/25 01:46:10.920] [T2858843] [info] CSXSEventQueueManager::CreateEventQueueIfNotExist: create queue 57605.1765590370 (CCXP)...
[12/14/25 00:17:15.272] [T2858843] [info] CSXSEventQueueManager::RemoveEventQueueByChannel: remove queue 57605.1765590370 (CCXP) for channel 2...
[12/14/25 00:18:16.871] [T3925698] [info] CSXSEventQueueManager::CreateEventQueueIfNotExist: create queue 73957.1765671496 (CCXP)...
[12/14/25 00:56:10.042] [T3925698] [info] CSXSEventQueueManager::RemoveEventQueueByChannel: remove queue 73957.1765671496 (CCXP) for channel 2...
[12/14/25 01:00:56.060] [T3947519] [info] CSXSEventQueueManager::CreateEventQueueIfNotExist: create queue 74259.1765674056 (CCXP)...
[12/14/25 01:49:37.258] [T3947519] [info] CSXSEventQueueManager::RemoveEventQueueByChannel: remove queue 74259.1765674056 (CCXP) for channel 2...
[12/14/25 02:06:22.863] [T3961983] [info] CSXSEventQueueManager::CreateEventQueueIfNotExist: create queue 74572.1765677982 (CCXP)...
[12/14/25 02:41:52.763] [T3961984] [info] CSXSEventQueueManager::RemoveEventQueueByChannel: remove queue 74572.1765677982 (CCXP) for channel 3...
[12/14/25 02:59:42.907] [T3967680] [info] CSXSEventQueueManager::CreateEventQueueIfNotExist: create queue 74749.1765681182 (CCXP)...
[12/15/25 00:13:30.830] [T3967680] [info] CSXSEventQueueManager::RemoveEventQueueByChannel: remove queue 74749.1765681182 (CCXP) for channel 2...
[12/15/25 00:14:32.461] [T4291627] [info] CSXSEventQueueManager::CreateEventQueueIfNotExist: create queue 80903.1765757672 (CCXP)...
[12/15/25 00:45:40.342] [T4291627] [info] CSXSEventQueueManager::RemoveEventQueueByChannel: remove queue 80903.1765757672 (CCXP) for channel 2...
[12/15/25 00:46:41.907] [T4309233] [info] CSXSEventQueueManager::CreateEventQueueIfNotExist: create queue 81270.1765759601 (CCXP)...
[12/15/25 01:17:49.854] [T4309233] [info] CSXSEventQueueManager::RemoveEventQueueByChannel: remove queue 81270.1765759601 (CCXP) for channel 2...
[12/15/25 01:18:51.479] [T4327002] [info] CSXSEventQueueManager::CreateEventQueueIfNotExist: create queue 81739.1765761531 (CCXP)...
[12/15/25 01:49:52.880] [T4327003] [info] CSXSEventQueueManager::RemoveEventQueueByChannel: remove queue 81739.1765761531 (CCXP) for channel 3...
[12/15/25 01:51:00.760] [T4343692] [info] CSXSEventQueueManager::CreateEventQueueIfNotExist: create queue 82092.1765763460 (CCXP)...
[12/16/25 00:05:36.319] [T9313] [info] AdobeIPCBroker version: 7.3.0
[12/16/25 00:05:36.364] [T9360] [info] CSXSEventQueueManager::CreateEventQueueIfNotExist: create queue 1001.1765843536 (CCXP)...
[12/16/25 00:05:43.374] [T10455] [info] CSXSEventQueueManager::CreateEventQueueIfNotExist: create queue 934.1765843543 (ACCC)...
[12/16/25 00:05:43.374] [T10456] [info] CSXSEventQueueManager::CreateEventQueueIfNotExist: create queue 1098.1765843543 (ACHP)...
[12/16/25 00:05:43.498] [T10489] [info] CSXSEventQueueManager::CreateEventQueueIfNotExist: create queue 1099.1765843543 (ACHP)...
[12/16/25 00:05:43.728] [T10557] [info] CSXSEventQueueManager::CreateEventQueueIfNotExist: create queue 1100.1765843543 (ADCS)...
[12/16/25 00:05:46.829] [T10459] [info] CSXSEventQueueManager::RemoveEventQueueByChannel: remove queue 1098.1765843543 (ACHP) for channel 6...
[12/16/25 00:05:46.976] [T11293] [info] CSXSEventQueueManager::CreateEventQueueIfNotExist: create queue 1145.1765843546 (COSY)...
[12/16/25 00:05:47.367] [T11401] [info] CSXSEventQueueManager::CreateEventQueueIfNotExist: create queue 1160.1765843547 (ACHP)...
[12/16/25 00:05:47.452] [T11418] [info] CSXSEventQueueManager::CreateEventQueueIfNotExist: create queue 1159.1765843547 (COSY)...
[12/16/25 00:36:50.005] [T9375] [info] CSXSEventQueueManager::RemoveEventQueueByChannel: remove queue 1001.1765843536 (CCXP) for channel 3...
[12/16/25 00:37:51.096] [T38023] [info] CSXSEventQueueManager::CreateEventQueueIfNotExist: create queue 1669.1765845471 (CCXP)...
[12/16/25 01:08:53.859] [T38024] [info] CSXSEventQueueManager::RemoveEventQueueByChannel: remove queue 1669.1765845471 (CCXP) for channel 3...
[12/16/25 01:09:54.898] [T59716] [info] CSXSEventQueueManager::CreateEventQueueIfNotExist: create queue 1889.1765847394 (CCXP)...
[12/16/25 01:40:58.538] [T59716] [info] CSXSEventQueueManager::RemoveEventQueueByChannel: remove queue 1889.1765847394 (CCXP) for channel 2...
[12/16/25 01:41:59.595] [T86031] [info] CSXSEventQueueManager::CreateEventQueueIfNotExist: create queue 2264.1765849319 (CCXP)...
[12/16/25 02:13:03.916] [T86031] [info] CSXSEventQueueManager::RemoveEventQueueByChannel: remove queue 2264.1765849319 (CCXP) for channel 2...
[12/16/25 02:14:05.038] [T111750] [info] CSXSEventQueueManager::CreateEventQueueIfNotExist: create queue 2619.1765851245 (CCXP)...
[12/17/25 00:16:06.895] [T111750] [info] CSXSEventQueueManager::RemoveEventQueueByChannel: remove queue 2619.1765851245 (CCXP) for channel 2...
[12/17/25 00:17:15.289] [T438870] [info] CSXSEventQueueManager::CreateEventQueueIfNotExist: create queue 7778.1765930635 (CCXP)...
[12/17/25 00:48:16.133] [T438871] [info] CSXSEventQueueManager::RemoveEventQueueByChannel: remove queue 7778.1765930635 (CCXP) for channel 3...
[12/17/25 00:49:18.827] [T461895] [info] CSXSEventQueueManager::CreateEventQueueIfNotExist: create queue 8027.1765932558 (CCXP)...
[12/17/25 01:20:19.806] [T461895] [info] CSXSEventQueueManager::RemoveEventQueueByChannel: remove queue 8027.1765932558 (CCXP) for channel 2...
[12/17/25 01:21:20.943] [T485979] [info] CSXSEventQueueManager::CreateEventQueueIfNotExist: create queue 8330.1765934480 (CCXP)...
[12/17/25 01:52:22.906] [T485980] [info] CSXSEventQueueManager::RemoveEventQueueByChannel: remove queue 8330.1765934480 (CCXP) for channel 3...
[12/17/25 01:53:23.957] [T507471] [info] CSXSEventQueueManager::CreateEventQueueIfNotExist: create queue 8572.1765936403 (CCXP)...
[12/17/25 13:09:14.616] [T7703] [info] AdobeIPCBroker version: 7.3.0
[12/17/25 13:09:14.636] [T7723] [info] CSXSEventQueueManager::CreateEventQueueIfNotExist: create queue 822.1765976954 (CCXP)...
[12/17/25 13:09:21.499] [T8793] [info] CSXSEventQueueManager::CreateEventQueueIfNotExist: create queue 898.1765976961 (ACHP)...
[12/17/25 13:09:21.515] [T8798] [info] CSXSEventQueueManager::CreateEventQueueIfNotExist: create queue 752.1765976961 (ACCC)...
[12/17/25 13:09:22.174] [T8964] [info] CSXSEventQueueManager::CreateEventQueueIfNotExist: create queue 919.1765976962 (ACHP)...
[12/17/25 13:09:23.700] [T9278] [info] CSXSEventQueueManager::CreateEventQueueIfNotExist: create queue 923.1765976963 (ADCS)...
[12/17/25 13:09:24.389] [T8800] [info] CSXSEventQueueManager::RemoveEventQueueByChannel: remove queue 898.1765976961 (ACHP) for channel 6...
[12/17/25 13:09:24.560] [T9479] [info] CSXSEventQueueManager::CreateEventQueueIfNotExist: create queue 958.1765976964 (COSY)...
[12/17/25 13:09:25.122] [T9540] [info] CSXSEventQueueManager::CreateEventQueueIfNotExist: create queue 966.1765976965 (ACHP)...
[12/17/25 13:09:26.674] [T9694] [info] CSXSEventQueueManager::CreateEventQueueIfNotExist: create queue 977.1765976966 (COSY)...
[12/18/25 00:10:16.068] [T7728] [info] CSXSEventQueueManager::RemoveEventQueueByChannel: remove queue 822.1765976954 (CCXP) for channel 3...
[12/18/25 00:11:30.233] [T1111993] [info] CSXSEventQueueManager::CreateEventQueueIfNotExist: create queue 12675.1766016690 (CCXP)...
[12/18/25 00:42:31.629] [T1111994] [info] CSXSEventQueueManager::RemoveEventQueueByChannel: remove queue 12675.1766016690 (CCXP) for channel 3...
[12/18/25 00:43:32.868] [T1152460] [info] CSXSEventQueueManager::CreateEventQueueIfNotExist: create queue 13385.1766018612 (CCXP)...
[12/18/25 01:14:37.389] [T1152460] [info] CSXSEventQueueManager::RemoveEventQueueByChannel: remove queue 13385.1766018612 (CCXP) for channel 2...
[12/18/25 01:15:42.432] [T1214102] [info] CSXSEventQueueManager::CreateEventQueueIfNotExist: create queue 15075.1766020542 (CCXP)...
[12/18/25 01:46:46.940] [T1214103] [info] CSXSEventQueueManager::RemoveEventQueueByChannel: remove queue 15075.1766020542 (CCXP) for channel 3...
[12/18/25 01:47:53.303] [T1284998] [info] CSXSEventQueueManager::CreateEventQueueIfNotExist: create queue 17762.1766022473 (CCXP)...
[12/19/25 00:28:07.682] [T1284998] [info] CSXSEventQueueManager::RemoveEventQueueByChannel: remove queue 17762.1766022473 (CCXP) for channel 2...
[12/19/25 00:29:10.460] [T3544567] [info] CSXSEventQueueManager::CreateEventQueueIfNotExist: create queue 50878.1766104150 (CCXP)...
[12/19/25 01:00:12.426] [T3544574] [info] CSXSEventQueueManager::RemoveEventQueueByChannel: remove queue 50878.1766104150 (CCXP) for channel 3...
[12/19/25 01:01:13.638] [T3568892] [info] CSXSEventQueueManager::CreateEventQueueIfNotExist: create queue 51049.1766106073 (CCXP)...
[12/19/25 01:32:16.305] [T3568892] [info] CSXSEventQueueManager::RemoveEventQueueByChannel: remove queue 51049.1766106073 (CCXP) for channel 2...
[12/19/25 01:33:17.575] [T3599058] [info] CSXSEventQueueManager::CreateEventQueueIfNotExist: create queue 51894.1766107997 (CCXP)...
[12/19/25 02:04:19.033] [T3599062] [info] CSXSEventQueueManager::RemoveEventQueueByChannel: remove queue 51894.1766107997 (CCXP) for channel 3...
[12/19/25 02:05:20.367] [T3671338] [info] CSXSEventQueueManager::CreateEventQueueIfNotExist: create queue 59551.1766109920 (CCXP)...
[12/20/25 00:36:24.808] [T3671338] [info] CSXSEventQueueManager::RemoveEventQueueByChannel: remove queue 59551.1766109920 (CCXP) for channel 2...
[12/20/25 00:37:26.070] [T6197297] [info] CSXSEventQueueManager::CreateEventQueueIfNotExist: create queue 86139.1766191046 (CCXP)...
[12/20/25 01:08:30.482] [T6197297] [info] CSXSEventQueueManager::RemoveEventQueueByChannel: remove queue 86139.1766191046 (CCXP) for channel 2...
[12/20/25 01:09:58.013] [T6256232] [info] CSXSEventQueueManager::CreateEventQueueIfNotExist: create queue 87511.1766192997 (CCXP)...
[12/20/25 01:41:02.109] [T6256232] [info] CSXSEventQueueManager::RemoveEventQueueByChannel: remove queue 87511.1766192997 (CCXP) for channel 2...
[12/20/25 01:42:14.343] [T6301232] [info] CSXSEventQueueManager::CreateEventQueueIfNotExist: create queue 88100.1766194934 (CCXP)...
[12/20/25 02:13:26.746] [T6301232] [info] CSXSEventQueueManager::RemoveEventQueueByChannel: remove queue 88100.1766194934 (CCXP) for channel 2...
[12/20/25 02:14:28.153] [T6328603] [info] CSXSEventQueueManager::CreateEventQueueIfNotExist: create queue 88386.1766196868 (CCXP)...
[12/21/25 00:15:40.505] [T6328603] [info] CSXSEventQueueManager::RemoveEventQueueByChannel: remove queue 88386.1766196868 (CCXP) for channel 2...
[12/21/25 00:16:42.031] [T8699268] [info] CSXSEventQueueManager::CreateEventQueueIfNotExist: create queue 23739.1766276202 (CCXP)...
[12/21/25 00:47:49.191] [T8699268] [info] CSXSEventQueueManager::RemoveEventQueueByChannel: remove queue 23739.1766276202 (CCXP) for channel 2...
[12/21/25 00:48:51.254] [T8836405] [info] CSXSEventQueueManager::CreateEventQueueIfNotExist: create queue 24089.1766278131 (CCXP)...
[12/21/25 01:19:57.428] [T8836405] [info] CSXSEventQueueManager::RemoveEventQueueByChannel: remove queue 24089.1766278131 (CCXP) for channel 2...
[12/21/25 01:20:59.338] [T8866112] [info] CSXSEventQueueManager::CreateEventQueueIfNotExist: create queue 24484.1766280059 (CCXP)...
[12/21/25 01:52:03.764] [T8866117] [info] CSXSEventQueueManager::RemoveEventQueueByChannel: remove queue 24484.1766280059 (CCXP) for channel 3...
[12/21/25 01:53:09.224] [T8883552] [info] CSXSEventQueueManager::CreateEventQueueIfNotExist: create queue 24763.1766281989 (CCXP)...
[12/22/25 00:24:13.586] [T8883553] [info] CSXSEventQueueManager::RemoveEventQueueByChannel: remove queue 24763.1766281989 (CCXP) for channel 3...
[12/22/25 00:25:17.387] [T10979216] [info] CSXSEventQueueManager::CreateEventQueueIfNotExist: create queue 41132.1766363117 (CCXP)...
[12/22/25 00:56:19.059] [T10979216] [info] CSXSEventQueueManager::RemoveEventQueueByChannel: remove queue 41132.1766363117 (CCXP) for channel 2...
[12/22/25 00:57:33.588] [T11004131] [info] CSXSEventQueueManager::CreateEventQueueIfNotExist: create queue 41509.1766365053 (CCXP)...
[12/22/25 01:28:39.609] [T11004132] [info] CSXSEventQueueManager::RemoveEventQueueByChannel: remove queue 41509.1766365053 (CCXP) for channel 3...
[12/22/25 01:29:50.468] [T11028401] [info] CSXSEventQueueManager::CreateEventQueueIfNotExist: create queue 41770.1766366990 (CCXP)...
[12/22/25 02:00:59.968] [T11028401] [info] CSXSEventQueueManager::RemoveEventQueueByChannel: remove queue 41770.1766366990 (CCXP) for channel 2...
[12/22/25 02:02:07.176] [T11051342] [info] CSXSEventQueueManager::CreateEventQueueIfNotExist: create queue 41965.1766368927 (CCXP)...
[12/23/25 00:33:10.881] [T11051342] [info] CSXSEventQueueManager::RemoveEventQueueByChannel: remove queue 41965.1766368927 (CCXP) for channel 2...
[12/23/25 00:34:12.810] [T13079308] [info] CSXSEventQueueManager::CreateEventQueueIfNotExist: create queue 58850.1766450052 (CCXP)...
[12/23/25 01:05:18.381] [T13079308] [info] CSXSEventQueueManager::RemoveEventQueueByChannel: remove queue 58850.1766450052 (CCXP) for channel 2...
[12/23/25 01:06:20.429] [T13164671] [info] CSXSEventQueueManager::CreateEventQueueIfNotExist: create queue 59206.1766451980 (CCXP)...
[12/23/25 01:37:27.039] [T13164677] [info] CSXSEventQueueManager::RemoveEventQueueByChannel: remove queue 59206.1766451980 (CCXP) for channel 3...
[12/23/25 01:38:29.036] [T13259886] [info] CSXSEventQueueManager::CreateEventQueueIfNotExist: create queue 59717.1766453909 (CCXP)...
[12/23/25 02:09:29.829] [T13259886] [info] CSXSEventQueueManager::RemoveEventQueueByChannel: remove queue 59717.1766453909 (CCXP) for channel 2...
[12/23/25 02:10:36.752] [T13326767] [info] CSXSEventQueueManager::CreateEventQueueIfNotExist: create queue 60130.1766455836 (CCXP)...
[12/24/25 00:11:38.940] [T13326768] [info] CSXSEventQueueManager::RemoveEventQueueByChannel: remove queue 60130.1766455836 (CCXP) for channel 3...
[12/24/25 00:12:40.750] [T15555129] [info] CSXSEventQueueManager::CreateEventQueueIfNotExist: create queue 73632.1766535160 (CCXP)...
[12/24/25 00:43:46.490] [T15555129] [info] CSXSEventQueueManager::RemoveEventQueueByChannel: remove queue 73632.1766535160 (CCXP) for channel 2...
[12/24/25 00:44:48.599] [T15627921] [info] CSXSEventQueueManager::CreateEventQueueIfNotExist: create queue 74083.1766537088 (CCXP)...
[12/24/25 01:15:50.842] [T15627921] [info] CSXSEventQueueManager::RemoveEventQueueByChannel: remove queue 74083.1766537088 (CCXP) for channel 2...
[12/24/25 01:16:57.153] [T15729902] [info] CSXSEventQueueManager::CreateEventQueueIfNotExist: create queue 74583.1766539017 (CCXP)...
[12/24/25 01:48:03.912] [T15729903] [info] CSXSEventQueueManager::RemoveEventQueueByChannel: remove queue 74583.1766539017 (CCXP) for channel 3...
[12/24/25 01:49:05.738] [T15802081] [info] CSXSEventQueueManager::CreateEventQueueIfNotExist: create queue 74905.1766540945 (CCXP)...
[12/25/25 00:20:17.678] [T15802082] [info] CSXSEventQueueManager::RemoveEventQueueByChannel: remove queue 74905.1766540945 (CCXP) for channel 3...
[12/25/25 00:21:23.692] [T17484058] [info] CSXSEventQueueManager::CreateEventQueueIfNotExist: create queue 91595.1766622083 (CCXP)...
[12/25/25 00:52:38.706] [T17484058] [info] CSXSEventQueueManager::RemoveEventQueueByChannel: remove queue 91595.1766622083 (CCXP) for channel 2...
[12/25/25 00:53:40.695] [T17522251] [info] CSXSEventQueueManager::CreateEventQueueIfNotExist: create queue 91993.1766624020 (CCXP)...
[12/25/25 01:24:43.906] [T17522255] [info] CSXSEventQueueManager::RemoveEventQueueByChannel: remove queue 91993.1766624020 (CCXP) for channel 3...
[12/25/25 01:25:45.305] [T17573577] [info] CSXSEventQueueManager::CreateEventQueueIfNotExist: create queue 92784.1766625945 (CCXP)...
[12/25/25 01:56:48.875] [T17573581] [info] CSXSEventQueueManager::RemoveEventQueueByChannel: remove queue 92784.1766625945 (CCXP) for channel 3...
[12/25/25 01:57:52.856] [T17602612] [info] CSXSEventQueueManager::CreateEventQueueIfNotExist: create queue 93259.1766627872 (CCXP)...
[12/26/25 00:29:00.206] [T17602613] [info] CSXSEventQueueManager::RemoveEventQueueByChannel: remove queue 93259.1766627872 (CCXP) for channel 3...
[12/26/25 00:30:01.733] [T20865809] [info] CSXSEventQueueManager::CreateEventQueueIfNotExist: create queue 11517.1766709001 (CCXP)...
[12/26/25 01:01:06.644] [T20865813] [info] CSXSEventQueueManager::RemoveEventQueueByChannel: remove queue 11517.1766709001 (CCXP) for channel 3...
[12/26/25 01:02:08.271] [T20896766] [info] CSXSEventQueueManager::CreateEventQueueIfNotExist: create queue 11927.1766710928 (CCXP)...
[12/26/25 01:33:12.497] [T20896767] [info] CSXSEventQueueManager::RemoveEventQueueByChannel: remove queue 11927.1766710928 (CCXP) for channel 3...
[12/26/25 01:34:14.025] [T20925575] [info] CSXSEventQueueManager::CreateEventQueueIfNotExist: create queue 12240.1766712854 (CCXP)...
[12/26/25 02:05:25.945] [T20925575] [info] CSXSEventQueueManager::RemoveEventQueueByChannel: remove queue 12240.1766712854 (CCXP) for channel 2...
[12/26/25 02:06:27.847] [T20946744] [info] CSXSEventQueueManager::CreateEventQueueIfNotExist: create queue 12558.1766714787 (CCXP)...
[12/26/25 03:24:11.296] [T7450] [info] AdobeIPCBroker version: 7.3.0
[12/26/25 03:24:11.310] [T7475] [info] CSXSEventQueueManager::CreateEventQueueIfNotExist: create queue 793.1766719451 (CCXP)...
[12/26/25 03:24:19.959] [T9263] [info] CSXSEventQueueManager::CreateEventQueueIfNotExist: create queue 730.1766719459 (ACCC)...
[12/26/25 03:24:19.959] [T9264] [info] CSXSEventQueueManager::CreateEventQueueIfNotExist: create queue 893.1766719459 (ACHP)...
[12/26/25 03:24:20.332] [T9438] [info] CSXSEventQueueManager::CreateEventQueueIfNotExist: create queue 896.1766719460 (ACHP)...
[12/26/25 03:24:20.531] [T9484] [info] CSXSEventQueueManager::CreateEventQueueIfNotExist: create queue 897.1766719460 (ADCS)...
[12/26/25 03:24:21.094] [T9627] [info] CSXSEventQueueManager::CreateEventQueueIfNotExist: create queue 906.1766719461 (COSY)...
[12/26/25 03:24:21.222] [T9313] [info] CSXSEventQueueManager::RemoveEventQueueByChannel: remove queue 893.1766719459 (ACHP) for channel 18...
[12/26/25 03:24:21.710] [T9765] [info] CSXSEventQueueManager::CreateEventQueueIfNotExist: create queue 916.1766719461 (ACHP)...
[12/26/25 03:24:21.894] [T9791] [info] CSXSEventQueueManager::CreateEventQueueIfNotExist: create queue 917.1766719461 (COSY)...
[12/27/25 00:48:05.421] [T7481] [info] CSXSEventQueueManager::RemoveEventQueueByChannel: remove queue 793.1766719451 (CCXP) for channel 15...
[12/27/25 00:49:07.359] [T1128279] [info] CSXSEventQueueManager::CreateEventQueueIfNotExist: create queue 10260.1766796547 (CCXP)...
[12/27/25 01:20:08.919] [T1128280] [info] CSXSEventQueueManager::RemoveEventQueueByChannel: remove queue 10260.1766796547 (CCXP) for channel 15...
[12/27/25 01:21:13.802] [T1213464] [info] CSXSEventQueueManager::CreateEventQueueIfNotExist: create queue 10630.1766798473 (CCXP)...
[12/27/25 02:04:45.090] [T1213465] [info] CSXSEventQueueManager::RemoveEventQueueByChannel: remove queue 10630.1766798473 (CCXP) for channel 15...
[12/27/25 02:05:50.103] [T1292629] [info] CSXSEventQueueManager::CreateEventQueueIfNotExist: create queue 11012.1766801150 (CCXP)...
[12/27/25 02:37:01.358] [T1292629] [info] CSXSEventQueueManager::RemoveEventQueueByChannel: remove queue 11012.1766801150 (CCXP) for channel 14...
[12/27/25 02:38:02.528] [T1313051] [info] CSXSEventQueueManager::CreateEventQueueIfNotExist: create queue 11307.1766803082 (CCXP)...
[12/28/25 00:26:54.131] [T1313052] [info] CSXSEventQueueManager::RemoveEventQueueByChannel: remove queue 11307.1766803082 (CCXP) for channel 15...
[12/28/25 00:27:56.178] [T2346482] [info] CSXSEventQueueManager::CreateEventQueueIfNotExist: create queue 22379.1766881676 (CCXP)...
[12/28/25 00:59:04.786] [T2346485] [info] CSXSEventQueueManager::RemoveEventQueueByChannel: remove queue 22379.1766881676 (CCXP) for channel 15...
[12/28/25 01:00:07.247] [T2438101] [info] CSXSEventQueueManager::CreateEventQueueIfNotExist: create queue 22693.1766883607 (CCXP)...
[12/28/25 01:31:09.401] [T2438101] [info] CSXSEventQueueManager::RemoveEventQueueByChannel: remove queue 22693.1766883607 (CCXP) for channel 14...
[12/28/25 01:32:10.626] [T2503321] [info] CSXSEventQueueManager::CreateEventQueueIfNotExist: create queue 23080.1766885530 (CCXP)...
[12/28/25 02:03:12.763] [T2503322] [info] CSXSEventQueueManager::RemoveEventQueueByChannel: remove queue 23080.1766885530 (CCXP) for channel 15...
[12/28/25 02:04:14.070] [T2527823] [info] CSXSEventQueueManager::CreateEventQueueIfNotExist: create queue 23262.1766887454 (CCXP)...
[12/29/25 00:35:18.087] [T2527824] [info] CSXSEventQueueManager::RemoveEventQueueByChannel: remove queue 23262.1766887454 (CCXP) for channel 15...
[12/29/25 00:36:19.699] [T4820219] [info] CSXSEventQueueManager::CreateEventQueueIfNotExist: create queue 38066.1766968579 (CCXP)...
[12/29/25 01:07:24.934] [T4820219] [info] CSXSEventQueueManager::RemoveEventQueueByChannel: remove queue 38066.1766968579 (CCXP) for channel 14...
[12/29/25 01:08:30.062] [T4906695] [info] CSXSEventQueueManager::CreateEventQueueIfNotExist: create queue 38314.1766970510 (CCXP)...
[12/29/25 01:39:37.815] [T4906696] [info] CSXSEventQueueManager::RemoveEventQueueByChannel: remove queue 38314.1766970510 (CCXP) for channel 15...
[12/29/25 01:40:41.120] [T4999022] [info] CSXSEventQueueManager::CreateEventQueueIfNotExist: create queue 38794.1766972441 (CCXP)...
[12/29/25 02:11:47.673] [T4999028] [info] CSXSEventQueueManager::RemoveEventQueueByChannel: remove queue 38794.1766972441 (CCXP) for channel 15...
[12/29/25 02:12:49.575] [T5088001] [info] CSXSEventQueueManager::CreateEventQueueIfNotExist: create queue 39158.1766974369 (CCXP)...
[12/30/25 00:14:02.556] [T5088001] [info] CSXSEventQueueManager::RemoveEventQueueByChannel: remove queue 39158.1766974369 (CCXP) for channel 14...
[12/30/25 00:15:04.561] [T8032186] [info] CSXSEventQueueManager::CreateEventQueueIfNotExist: create queue 52774.1767053704 (CCXP)...
[12/30/25 00:46:09.810] [T8032186] [info] CSXSEventQueueManager::RemoveEventQueueByChannel: remove queue 52774.1767053704 (CCXP) for channel 14...
[12/30/25 00:47:11.600] [T8121221] [info] CSXSEventQueueManager::CreateEventQueueIfNotExist: create queue 53159.1767055631 (CCXP)...
[12/30/25 01:18:12.393] [T8121226] [info] CSXSEventQueueManager::RemoveEventQueueByChannel: remove queue 53159.1767055631 (CCXP) for channel 15...
[12/30/25 01:19:20.063] [T8211489] [info] CSXSEventQueueManager::CreateEventQueueIfNotExist: create queue 53579.1767057560 (CCXP)...
[12/30/25 01:50:25.044] [T8211490] [info] CSXSEventQueueManager::RemoveEventQueueByChannel: remove queue 53579.1767057560 (CCXP) for channel 15...
[12/30/25 01:51:29.337] [T8293635] [info] CSXSEventQueueManager::CreateEventQueueIfNotExist: create queue 53892.1767059489 (CCXP)...
[12/31/25 00:30:58.697] [T8293635] [info] CSXSEventQueueManager::RemoveEventQueueByChannel: remove queue 53892.1767059489 (CCXP) for channel 14...
[12/31/25 00:32:00.090] [T13010883] [info] CSXSEventQueueManager::CreateEventQueueIfNotExist: create queue 69378.1767141120 (CCXP)...
[12/31/25 01:03:08.858] [T13010883] [info] CSXSEventQueueManager::RemoveEventQueueByChannel: remove queue 69378.1767141120 (CCXP) for channel 14...
[12/31/25 01:04:10.191] [T13041223] [info] CSXSEventQueueManager::CreateEventQueueIfNotExist: create queue 69790.1767143050 (CCXP)...
[12/31/25 01:35:11.424] [T13041223] [info] CSXSEventQueueManager::RemoveEventQueueByChannel: remove queue 69790.1767143050 (CCXP) for channel 14...
[12/31/25 01:36:22.314] [T13076367] [info] CSXSEventQueueManager::CreateEventQueueIfNotExist: create queue 70154.1767144982 (CCXP)...
[12/31/25 02:07:23.307] [T13076368] [info] CSXSEventQueueManager::RemoveEventQueueByChannel: remove queue 70154.1767144982 (CCXP) for channel 15...
[12/31/25 02:08:24.901] [T13103051] [info] CSXSEventQueueManager::CreateEventQueueIfNotExist: create queue 70388.1767146904 (CCXP)...
[12/31/25 04:36:20.486] [T7565] [info] AdobeIPCBroker version: 7.3.0
[12/31/25 04:36:20.514] [T7594] [info] CSXSEventQueueManager::CreateEventQueueIfNotExist: create queue 813.1767155780 (CCXP)...
[12/31/25 04:36:28.510] [T8620] [info] CSXSEventQueueManager::CreateEventQueueIfNotExist: create queue 755.1767155788 (ACCC)...
[12/31/25 04:36:28.510] [T8619] [info] CSXSEventQueueManager::CreateEventQueueIfNotExist: create queue 888.1767155788 (ACHP)...
[12/31/25 04:36:28.899] [T8720] [info] CSXSEventQueueManager::CreateEventQueueIfNotExist: create queue 900.1767155788 (ACHP)...
[12/31/25 04:36:29.478] [T8867] [info] CSXSEventQueueManager::CreateEventQueueIfNotExist: create queue 906.1767155789 (ADCS)...
[12/31/25 04:36:30.298] [T8619] [info] CSXSEventQueueManager::RemoveEventQueueByChannel: remove queue 888.1767155788 (ACHP) for channel 4...
[12/31/25 04:36:31.510] [T9419] [info] CSXSEventQueueManager::CreateEventQueueIfNotExist: create queue 930.1767155791 (COSY)...
[12/31/25 04:36:32.455] [T9643] [info] CSXSEventQueueManager::CreateEventQueueIfNotExist: create queue 940.1767155792 (COSY)...
[12/31/25 04:36:32.519] [T9657] [info] CSXSEventQueueManager::CreateEventQueueIfNotExist: create queue 941.1767155792 (ACHP)...
[12/31/25 20:52:42.542] [T7236] [info] AdobeIPCBroker version: 7.3.0
[12/31/25 20:52:42.566] [T7245] [info] CSXSEventQueueManager::CreateEventQueueIfNotExist: create queue 773.1767214362 (CCXP)...
[12/31/25 20:52:47.994] [T8139] [info] CSXSEventQueueManager::CreateEventQueueIfNotExist: create queue 856.1767214367 (ACHP)...
[12/31/25 20:52:47.994] [T8140] [info] CSXSEventQueueManager::CreateEventQueueIfNotExist: create queue 717.1767214367 (ACCC)...
[12/31/25 20:52:48.110] [T8177] [info] CSXSEventQueueManager::CreateEventQueueIfNotExist: create queue 858.1767214368 (ACHP)...
[12/31/25 20:52:49.336] [T8407] [info] CSXSEventQueueManager::CreateEventQueueIfNotExist: create queue 860.1767214369 (ADCS)...
[12/31/25 20:52:49.996] [T8581] [info] CSXSEventQueueManager::CreateEventQueueIfNotExist: create queue 892.1767214369 (COSY)...
[12/31/25 20:52:50.361] [T8145] [info] CSXSEventQueueManager::RemoveEventQueueByChannel: remove queue 856.1767214367 (ACHP) for channel 6...
[12/31/25 20:52:50.477] [T8678] [info] CSXSEventQueueManager::CreateEventQueueIfNotExist: create queue 906.1767214370 (ACHP)...
[12/31/25 20:52:50.559] [T8703] [info] CSXSEventQueueManager::CreateEventQueueIfNotExist: create queue 902.1767214370 (COSY)...
[01/01/26 00:23:47.746] [T7250] [info] CSXSEventQueueManager::RemoveEventQueueByChannel: remove queue 773.1767214362 (CCXP) for channel 3...
[01/01/26 00:24:48.594] [T239649] [info] CSXSEventQueueManager::CreateEventQueueIfNotExist: create queue 3797.1767227088 (CCXP)...
[01/01/26 00:55:50.197] [T239649] [info] CSXSEventQueueManager::RemoveEventQueueByChannel: remove queue 3797.1767227088 (CCXP) for channel 2...
[01/01/26 00:56:51.050] [T276055] [info] CSXSEventQueueManager::CreateEventQueueIfNotExist: create queue 4096.1767229011 (CCXP)...
[01/01/26 01:27:53.199] [T276055] [info] CSXSEventQueueManager::RemoveEventQueueByChannel: remove queue 4096.1767229011 (CCXP) for channel 2...
[01/01/26 01:29:02.158] [T304397] [info] CSXSEventQueueManager::CreateEventQueueIfNotExist: create queue 4522.1767230942 (CCXP)...
[01/01/26 02:00:12.326] [T304397] [info] CSXSEventQueueManager::RemoveEventQueueByChannel: remove queue 4522.1767230942 (CCXP) for channel 2...
[01/01/26 02:01:13.758] [T350172] [info] CSXSEventQueueManager::CreateEventQueueIfNotExist: create queue 4752.1767232873 (CCXP)...
[01/02/26 00:32:26.515] [T350172] [info] CSXSEventQueueManager::RemoveEventQueueByChannel: remove queue 4752.1767232873 (CCXP) for channel 2...
[01/02/26 00:33:30.884] [T2849063] [info] CSXSEventQueueManager::CreateEventQueueIfNotExist: create queue 16689.1767314010 (CCXP)...
[01/02/26 01:04:32.492] [T2849068] [info] CSXSEventQueueManager::RemoveEventQueueByChannel: remove queue 16689.1767314010 (CCXP) for channel 3...
[01/02/26 01:05:33.622] [T2870441] [info] CSXSEventQueueManager::CreateEventQueueIfNotExist: create queue 16837.1767315933 (CCXP)...
[01/02/26 01:36:38.153] [T2870441] [info] CSXSEventQueueManager::RemoveEventQueueByChannel: remove queue 16837.1767315933 (CCXP) for channel 2...
[01/02/26 01:37:49.327] [T2893836] [info] CSXSEventQueueManager::CreateEventQueueIfNotExist: create queue 17096.1767317869 (CCXP)...
[01/02/26 02:08:58.401] [T2893836] [info] CSXSEventQueueManager::RemoveEventQueueByChannel: remove queue 17096.1767317869 (CCXP) for channel 2...
[01/02/26 02:10:06.004] [T2918288] [info] CSXSEventQueueManager::CreateEventQueueIfNotExist: create queue 17377.1767319806 (CCXP)...
[01/03/26 00:11:08.173] [T2918290] [info] CSXSEventQueueManager::RemoveEventQueueByChannel: remove queue 17377.1767319806 (CCXP) for channel 3...
[01/03/26 00:12:09.466] [T5084605] [info] CSXSEventQueueManager::CreateEventQueueIfNotExist: create queue 31858.1767399129 (CCXP)...
[01/03/26 00:43:12.726] [T5084605] [info] CSXSEventQueueManager::RemoveEventQueueByChannel: remove queue 31858.1767399129 (CCXP) for channel 2...
[01/03/26 00:44:24.640] [T5111290] [info] CSXSEventQueueManager::CreateEventQueueIfNotExist: create queue 32110.1767401064 (CCXP)...
[01/03/26 01:15:31.797] [T5111294] [info] CSXSEventQueueManager::RemoveEventQueueByChannel: remove queue 32110.1767401064 (CCXP) for channel 3...
[01/03/26 01:16:34.951] [T5136836] [info] CSXSEventQueueManager::CreateEventQueueIfNotExist: create queue 32372.1767402994 (CCXP)...
[01/03/26 01:47:38.864] [T5136841] [info] CSXSEventQueueManager::RemoveEventQueueByChannel: remove queue 32372.1767402994 (CCXP) for channel 3...
[01/03/26 01:48:40.144] [T5215539] [info] CSXSEventQueueManager::CreateEventQueueIfNotExist: create queue 32640.1767404920 (CCXP)...
[01/04/26 00:34:58.195] [T5215540] [info] CSXSEventQueueManager::RemoveEventQueueByChannel: remove queue 32640.1767404920 (CCXP) for channel 3...
[01/04/26 00:36:01.352] [T7406986] [info] CSXSEventQueueManager::CreateEventQueueIfNotExist: create queue 44979.1767486961 (CCXP)...
[01/04/26 01:07:14.450] [T7406986] [info] CSXSEventQueueManager::RemoveEventQueueByChannel: remove queue 44979.1767486961 (CCXP) for channel 2...
[01/04/26 01:08:15.736] [T7431549] [info] CSXSEventQueueManager::CreateEventQueueIfNotExist: create queue 45341.1767488895 (CCXP)...
[01/04/26 01:39:22.044] [T7431549] [info] CSXSEventQueueManager::RemoveEventQueueByChannel: remove queue 45341.1767488895 (CCXP) for channel 2...
[01/04/26 01:40:30.729] [T7457426] [info] CSXSEventQueueManager::CreateEventQueueIfNotExist: create queue 45823.1767490830 (CCXP)...
[01/04/26 02:11:41.775] [T7457426] [info] CSXSEventQueueManager::RemoveEventQueueByChannel: remove queue 45823.1767490830 (CCXP) for channel 2...
[01/04/26 02:12:45.787] [T7480240] [info] CSXSEventQueueManager::CreateEventQueueIfNotExist: create queue 46021.1767492765 (CCXP)...
[01/05/26 00:44:21.735] [T7480242] [info] CSXSEventQueueManager::RemoveEventQueueByChannel: remove queue 46021.1767492765 (CCXP) for channel 3...
[01/05/26 01:01:05.724] [T9103576] [info] CSXSEventQueueManager::CreateEventQueueIfNotExist: create queue 57170.1767574865 (CCXP)...
[01/05/26 01:39:03.449] [T9103576] [info] CSXSEventQueueManager::RemoveEventQueueByChannel: remove queue 57170.1767574865 (CCXP) for channel 2...
[01/05/26 01:56:42.161] [T9108499] [info] CSXSEventQueueManager::CreateEventQueueIfNotExist: create queue 57278.1767578202 (CCXP)...
[01/05/26 02:47:00.835] [T9108499] [info] CSXSEventQueueManager::RemoveEventQueueByChannel: remove queue 57278.1767578202 (CCXP) for channel 2...
[01/05/26 03:03:45.715] [T9113621] [info] CSXSEventQueueManager::CreateEventQueueIfNotExist: create queue 57365.1767582225 (CCXP)...
[01/05/26 03:37:29.932] [T9113622] [info] CSXSEventQueueManager::RemoveEventQueueByChannel: remove queue 57365.1767582225 (CCXP) for channel 3...
[01/05/26 03:38:32.088] [T9122741] [info] CSXSEventQueueManager::CreateEventQueueIfNotExist: create queue 57420.1767584312 (CCXP)...
[01/06/26 00:21:46.467] [T9122741] [info] CSXSEventQueueManager::RemoveEventQueueByChannel: remove queue 57420.1767584312 (CCXP) for channel 2...
[01/06/26 00:22:48.508] [T10412070] [info] CSXSEventQueueManager::CreateEventQueueIfNotExist: create queue 71138.1767658968 (CCXP)...
[01/06/26 00:53:50.052] [T10412070] [info] CSXSEventQueueManager::RemoveEventQueueByChannel: remove queue 71138.1767658968 (CCXP) for channel 2...
[01/06/26 00:54:51.875] [T10479436] [info] CSXSEventQueueManager::CreateEventQueueIfNotExist: create queue 71508.1767660891 (CCXP)...
[01/06/26 01:25:54.527] [T10479437] [info] CSXSEventQueueManager::RemoveEventQueueByChannel: remove queue 71508.1767660891 (CCXP) for channel 3...
[01/06/26 01:27:01.113] [T10548712] [info] CSXSEventQueueManager::CreateEventQueueIfNotExist: create queue 71806.1767662821 (CCXP)...
[01/06/26 01:58:04.226] [T10548712] [info] CSXSEventQueueManager::RemoveEventQueueByChannel: remove queue 71806.1767662821 (CCXP) for channel 2...
[01/06/26 01:59:05.731] [T10611919] [info] CSXSEventQueueManager::CreateEventQueueIfNotExist: create queue 72250.1767664745 (CCXP)...
[01/06/26 16:44:06.383] [T7351] [info] AdobeIPCBroker version: 7.3.0
[01/06/26 16:44:06.430] [T7405] [info] CSXSEventQueueManager::CreateEventQueueIfNotExist: create queue 778.1767717846 (CCXP)...
[01/06/26 16:44:17.125] [T9629] [info] CSXSEventQueueManager::CreateEventQueueIfNotExist: create queue 743.1767717857 (ACCC)...
[01/06/26 16:44:17.125] [T9630] [info] CSXSEventQueueManager::CreateEventQueueIfNotExist: create queue 874.1767717857 (ACHP)...
[01/06/26 16:44:17.685] [T9759] [info] CSXSEventQueueManager::CreateEventQueueIfNotExist: create queue 916.1767717857 (ACHP)...
[01/06/26 16:44:18.005] [T9836] [info] CSXSEventQueueManager::CreateEventQueueIfNotExist: create queue 917.1767717858 (ADCS)...
[01/06/26 16:44:18.572] [T9958] [info] CSXSEventQueueManager::CreateEventQueueIfNotExist: create queue 925.1767717858 (COSY)...
[01/06/26 16:44:18.695] [T9640] [info] CSXSEventQueueManager::RemoveEventQueueByChannel: remove queue 874.1767717857 (ACHP) for channel 18...
[01/06/26 16:44:19.152] [T10081] [info] CSXSEventQueueManager::CreateEventQueueIfNotExist: create queue 938.1767717859 (ACHP)...
[01/06/26 16:44:19.192] [T10099] [info] CSXSEventQueueManager::CreateEventQueueIfNotExist: create queue 935.1767717859 (COSY)...
[01/07/26 00:15:07.899] [T7405] [info] CSXSEventQueueManager::RemoveEventQueueByChannel: remove queue 778.1767717846 (CCXP) for channel 14...
[01/07/26 00:16:10.390] [T966916] [info] CSXSEventQueueManager::CreateEventQueueIfNotExist: create queue 7218.1767744970 (CCXP)...
[01/07/26 00:47:13.674] [T966923] [info] CSXSEventQueueManager::RemoveEventQueueByChannel: remove queue 7218.1767744970 (CCXP) for channel 15...
[01/07/26 00:48:15.440] [T1044328] [info] CSXSEventQueueManager::CreateEventQueueIfNotExist: create queue 7637.1767746895 (CCXP)...
[01/07/26 01:19:17.197] [T1044328] [info] CSXSEventQueueManager::RemoveEventQueueByChannel: remove queue 7637.1767746895 (CCXP) for channel 14...
[01/07/26 01:20:20.947] [T1134775] [info] CSXSEventQueueManager::CreateEventQueueIfNotExist: create queue 8071.1767748820 (CCXP)...
[01/07/26 01:51:23.420] [T1134775] [info] CSXSEventQueueManager::RemoveEventQueueByChannel: remove queue 8071.1767748820 (CCXP) for channel 14...
[01/07/26 01:52:25.088] [T1215015] [info] CSXSEventQueueManager::CreateEventQueueIfNotExist: create queue 8530.1767750745 (CCXP)...
[01/08/26 00:23:27.404] [T1215015] [info] CSXSEventQueueManager::RemoveEventQueueByChannel: remove queue 8530.1767750745 (CCXP) for channel 14...
[01/08/26 00:24:32.329] [T3487399] [info] CSXSEventQueueManager::CreateEventQueueIfNotExist: create queue 22720.1767831872 (CCXP)...
[01/08/26 00:55:37.426] [T3487399] [info] CSXSEventQueueManager::RemoveEventQueueByChannel: remove queue 22720.1767831872 (CCXP) for channel 14...
[01/08/26 00:56:39.338] [T3569881] [info] CSXSEventQueueManager::CreateEventQueueIfNotExist: create queue 23090.1767833799 (CCXP)...
[01/08/26 01:27:43.976] [T3569886] [info] CSXSEventQueueManager::RemoveEventQueueByChannel: remove queue 23090.1767833799 (CCXP) for channel 15...
[01/08/26 01:28:47.857] [T3661231] [info] CSXSEventQueueManager::CreateEventQueueIfNotExist: create queue 23501.1767835727 (CCXP)...
[01/08/26 01:59:52.402] [T3661231] [info] CSXSEventQueueManager::RemoveEventQueueByChannel: remove queue 23501.1767835727 (CCXP) for channel 14...
[01/08/26 02:00:54.120] [T3730758] [info] CSXSEventQueueManager::CreateEventQueueIfNotExist: create queue 23813.1767837654 (CCXP)...
[01/09/26 00:32:01.194] [T3730759] [info] CSXSEventQueueManager::RemoveEventQueueByChannel: remove queue 23813.1767837654 (CCXP) for channel 15...
[01/09/26 00:33:11.254] [T6096034] [info] CSXSEventQueueManager::CreateEventQueueIfNotExist: create queue 38275.1767918791 (CCXP)...
[01/09/26 01:04:14.524] [T6096034] [info] CSXSEventQueueManager::RemoveEventQueueByChannel: remove queue 38275.1767918791 (CCXP) for channel 14...
[01/09/26 01:05:18.074] [T6185637] [info] CSXSEventQueueManager::CreateEventQueueIfNotExist: create queue 38671.1767920718 (CCXP)...
[01/09/26 01:36:24.065] [T6185638] [info] CSXSEventQueueManager::RemoveEventQueueByChannel: remove queue 38671.1767920718 (CCXP) for channel 15...
[01/09/26 01:37:25.805] [T6264184] [info] CSXSEventQueueManager::CreateEventQueueIfNotExist: create queue 39002.1767922645 (CCXP)...
[01/09/26 02:08:27.930] [T6264184] [info] CSXSEventQueueManager::RemoveEventQueueByChannel: remove queue 39002.1767922645 (CCXP) for channel 14...
[01/09/26 02:09:33.211] [T6352337] [info] CSXSEventQueueManager::CreateEventQueueIfNotExist: create queue 39388.1767924573 (CCXP)...
[01/10/26 00:10:43.026] [T6352338] [info] CSXSEventQueueManager::RemoveEventQueueByChannel: remove queue 39388.1767924573 (CCXP) for channel 15...
[01/10/26 00:11:44.213] [T8431803] [info] CSXSEventQueueManager::CreateEventQueueIfNotExist: create queue 52103.1768003904 (CCXP)...
[01/10/26 00:42:46.389] [T8431803] [info] CSXSEventQueueManager::RemoveEventQueueByChannel: remove queue 52103.1768003904 (CCXP) for channel 14...
[01/10/26 00:43:47.888] [T8457941] [info] CSXSEventQueueManager::CreateEventQueueIfNotExist: create queue 52303.1768005827 (CCXP)...
[01/10/26 01:14:50.183] [T8457941] [info] CSXSEventQueueManager::RemoveEventQueueByChannel: remove queue 52303.1768005827 (CCXP) for channel 14...
[01/10/26 01:15:51.474] [T8485354] [info] CSXSEventQueueManager::CreateEventQueueIfNotExist: create queue 52695.1768007751 (CCXP)...
[01/10/26 01:46:57.393] [T8485357] [info] CSXSEventQueueManager::RemoveEventQueueByChannel: remove queue 52695.1768007751 (CCXP) for channel 15...
[01/10/26 01:47:59.365] [T8547098] [info] CSXSEventQueueManager::CreateEventQueueIfNotExist: create queue 53047.1768009679 (CCXP)...
[01/11/26 00:19:01.164] [T8547098] [info] CSXSEventQueueManager::RemoveEventQueueByChannel: remove queue 53047.1768009679 (CCXP) for channel 14...
[01/11/26 00:20:03.896] [T11354391] [info] CSXSEventQueueManager::CreateEventQueueIfNotExist: create queue 66600.1768090803 (CCXP)...
[01/11/26 00:51:06.426] [T11354394] [info] CSXSEventQueueManager::RemoveEventQueueByChannel: remove queue 66600.1768090803 (CCXP) for channel 15...
[01/11/26 00:52:07.821] [T11375636] [info] CSXSEventQueueManager::CreateEventQueueIfNotExist: create queue 66740.1768092727 (CCXP)...
[01/11/26 01:23:10.032] [T11375636] [info] CSXSEventQueueManager::RemoveEventQueueByChannel: remove queue 66740.1768092727 (CCXP) for channel 14...
[01/11/26 01:24:11.306] [T11399698] [info] CSXSEventQueueManager::CreateEventQueueIfNotExist: create queue 67049.1768094651 (CCXP)...
[01/11/26 01:55:14.018] [T11399700] [info] CSXSEventQueueManager::RemoveEventQueueByChannel: remove queue 67049.1768094651 (CCXP) for channel 15...
[01/11/26 01:56:15.208] [T11422213] [info] CSXSEventQueueManager::CreateEventQueueIfNotExist: create queue 67338.1768096575 (CCXP)...
[01/12/26 00:27:26.168] [T11422221] [info] CSXSEventQueueManager::RemoveEventQueueByChannel: remove queue 67338.1768096575 (CCXP) for channel 15...
[01/12/26 00:28:30.461] [T13439838] [info] CSXSEventQueueManager::CreateEventQueueIfNotExist: create queue 79696.1768177710 (CCXP)...
[01/12/26 00:59:32.432] [T13439842] [info] CSXSEventQueueManager::RemoveEventQueueByChannel: remove queue 79696.1768177710 (CCXP) for channel 15...
[01/12/26 01:00:34.822] [T13464972] [info] CSXSEventQueueManager::CreateEventQueueIfNotExist: create queue 79966.1768179634 (CCXP)...
[01/12/26 01:31:36.709] [T13464973] [info] CSXSEventQueueManager::RemoveEventQueueByChannel: remove queue 79966.1768179634 (CCXP) for channel 15...
[01/12/26 01:32:38.888] [T13488302] [info] CSXSEventQueueManager::CreateEventQueueIfNotExist: create queue 80194.1768181558 (CCXP)...
[01/12/26 02:03:40.263] [T13488302] [info] CSXSEventQueueManager::RemoveEventQueueByChannel: remove queue 80194.1768181558 (CCXP) for channel 14...
[01/12/26 02:04:41.698] [T13512554] [info] CSXSEventQueueManager::CreateEventQueueIfNotExist: create queue 80473.1768183481 (CCXP)...
[01/12/26 13:08:54.830] [T7509] [info] AdobeIPCBroker version: 7.3.0
[01/12/26 13:08:54.863] [T7521] [info] CSXSEventQueueManager::CreateEventQueueIfNotExist: create queue 797.1768223334 (CCXP)...
[01/12/26 13:09:00.803] [T8534] [info] CSXSEventQueueManager::CreateEventQueueIfNotExist: create queue 736.1768223340 (ACCC)...
[01/12/26 13:09:00.803] [T8535] [info] CSXSEventQueueManager::CreateEventQueueIfNotExist: create queue 871.1768223340 (ACHP)...
[01/12/26 13:09:01.511] [T8630] [info] CSXSEventQueueManager::CreateEventQueueIfNotExist: create queue 882.1768223341 (ACHP)...
[01/12/26 13:09:01.721] [T8691] [info] CSXSEventQueueManager::CreateEventQueueIfNotExist: create queue 883.1768223341 (ADCS)...
[01/12/26 13:09:02.286] [T8551] [info] CSXSEventQueueManager::RemoveEventQueueByChannel: remove queue 871.1768223340 (ACHP) for channel 6...
[01/12/26 13:09:02.339] [T8856] [info] CSXSEventQueueManager::CreateEventQueueIfNotExist: create queue 894.1768223342 (COSY)...
[01/12/26 13:09:03.114] [T8949] [info] CSXSEventQueueManager::CreateEventQueueIfNotExist: create queue 911.1768223343 (COSY)...
[01/12/26 13:09:03.185] [T8969] [info] CSXSEventQueueManager::CreateEventQueueIfNotExist: create queue 913.1768223343 (ACHP)...
[01/13/26 00:32:47.847] [T7525] [info] CSXSEventQueueManager::RemoveEventQueueByChannel: remove queue 797.1768223334 (CCXP) for channel 3...
[01/13/26 00:38:10.968] [T461258] [info] CSXSEventQueueManager::CreateEventQueueIfNotExist: create queue 6385.1768264690 (CCXP)...
[01/13/26 01:09:13.493] [T461259] [info] CSXSEventQueueManager::RemoveEventQueueByChannel: remove queue 6385.1768264690 (CCXP) for channel 3...
[01/13/26 01:10:14.617] [T488589] [info] CSXSEventQueueManager::CreateEventQueueIfNotExist: create queue 6942.1768266614 (CCXP)...
[01/13/26 01:41:17.418] [T488590] [info] CSXSEventQueueManager::RemoveEventQueueByChannel: remove queue 6942.1768266614 (CCXP) for channel 3...
[01/13/26 01:42:18.438] [T510964] [info] CSXSEventQueueManager::CreateEventQueueIfNotExist: create queue 7233.1768268538 (CCXP)...
[01/13/26 02:13:20.985] [T510965] [info] CSXSEventQueueManager::RemoveEventQueueByChannel: remove queue 7233.1768268538 (CCXP) for channel 3...
[01/13/26 02:14:22.192] [T533198] [info] CSXSEventQueueManager::CreateEventQueueIfNotExist: create queue 7531.1768270462 (CCXP)...
[01/14/26 00:15:23.719] [T533200] [info] CSXSEventQueueManager::RemoveEventQueueByChannel: remove queue 7531.1768270462 (CCXP) for channel 3...
[01/14/26 00:16:25.561] [T1719620] [info] CSXSEventQueueManager::CreateEventQueueIfNotExist: create queue 19177.1768349785 (CCXP)...
[01/14/26 00:47:27.654] [T1719625] [info] CSXSEventQueueManager::RemoveEventQueueByChannel: remove queue 19177.1768349785 (CCXP) for channel 3...
[01/14/26 00:48:28.756] [T1798158] [info] CSXSEventQueueManager::CreateEventQueueIfNotExist: create queue 19559.1768351708 (CCXP)...
[01/14/26 01:19:31.079] [T1798158] [info] CSXSEventQueueManager::RemoveEventQueueByChannel: remove queue 19559.1768351708 (CCXP) for channel 2...
[01/14/26 01:20:32.420] [T1823766] [info] CSXSEventQueueManager::CreateEventQueueIfNotExist: create queue 19970.1768353632 (CCXP)...
[01/14/26 01:51:35.127] [T1823767] [info] CSXSEventQueueManager::RemoveEventQueueByChannel: remove queue 19970.1768353632 (CCXP) for channel 3...
[01/14/26 01:52:36.345] [T1845734] [info] CSXSEventQueueManager::CreateEventQueueIfNotExist: create queue 20121.1768355556 (CCXP)...
[01/15/26 00:23:38.859] [T1845734] [info] CSXSEventQueueManager::RemoveEventQueueByChannel: remove queue 20121.1768355556 (CCXP) for channel 2...
[01/15/26 00:24:40.133] [T3826696] [info] CSXSEventQueueManager::CreateEventQueueIfNotExist: create queue 37293.1768436680 (CCXP)...
[01/15/26 00:55:41.437] [T3826696] [info] CSXSEventQueueManager::RemoveEventQueueByChannel: remove queue 37293.1768436680 (CCXP) for channel 2...
[01/15/26 00:56:43.134] [T3884156] [info] CSXSEventQueueManager::CreateEventQueueIfNotExist: create queue 42682.1768438603 (CCXP)...
[01/15/26 01:27:44.414] [T3884157] [info] CSXSEventQueueManager::RemoveEventQueueByChannel: remove queue 42682.1768438603 (CCXP) for channel 3...
[01/15/26 01:28:45.665] [T3906401] [info] CSXSEventQueueManager::CreateEventQueueIfNotExist: create queue 43001.1768440525 (CCXP)...
[01/15/26 01:59:47.490] [T3906401] [info] CSXSEventQueueManager::RemoveEventQueueByChannel: remove queue 43001.1768440525 (CCXP) for channel 2...
[01/15/26 02:00:49.646] [T3927676] [info] CSXSEventQueueManager::CreateEventQueueIfNotExist: create queue 43255.1768442449 (CCXP)...
[01/15/26 13:09:09.950] [T8634] [info] CSXSEventQueueManager::RemoveEventQueueByChannel: remove queue 882.1768223341 (ACHP) for channel 8...
[01/15/26 13:09:10.106] [T4645022] [info] CSXSEventQueueManager::CreateEventQueueIfNotExist: create queue 68620.1768482550 (ACHP)...
[01/16/26 00:31:54.751] [T3927683] [info] CSXSEventQueueManager::RemoveEventQueueByChannel: remove queue 43255.1768442449 (CCXP) for channel 3...
[01/16/26 00:32:55.937] [T5929144] [info] CSXSEventQueueManager::CreateEventQueueIfNotExist: create queue 75656.1768523575 (CCXP)...
[01/16/26 01:03:57.448] [T5929144] [info] CSXSEventQueueManager::RemoveEventQueueByChannel: remove queue 75656.1768523575 (CCXP) for channel 2...
[01/16/26 01:04:58.568] [T5953388] [info] CSXSEventQueueManager::CreateEventQueueIfNotExist: create queue 75971.1768525498 (CCXP)...
[01/16/26 01:36:01.195] [T5953389] [info] CSXSEventQueueManager::RemoveEventQueueByChannel: remove queue 75971.1768525498 (CCXP) for channel 3...
[01/16/26 01:37:02.452] [T5979869] [info] CSXSEventQueueManager::CreateEventQueueIfNotExist: create queue 76399.1768527422 (CCXP)...
[01/16/26 02:08:04.773] [T5979874] [info] CSXSEventQueueManager::RemoveEventQueueByChannel: remove queue 76399.1768527422 (CCXP) for channel 3...
[01/16/26 02:09:05.991] [T6004312] [info] CSXSEventQueueManager::CreateEventQueueIfNotExist: create queue 76744.1768529345 (CCXP)...
[01/17/26 00:10:18.919] [T6004312] [info] CSXSEventQueueManager::RemoveEventQueueByChannel: remove queue 76744.1768529345 (CCXP) for channel 2...
[01/17/26 00:11:20.150] [T8034692] [info] CSXSEventQueueManager::CreateEventQueueIfNotExist: create queue 89983.1768608680 (CCXP)...
[01/17/26 00:42:22.584] [T8034692] [info] CSXSEventQueueManager::RemoveEventQueueByChannel: remove queue 89983.1768608680 (CCXP) for channel 2...
[01/17/26 00:43:23.769] [T8058363] [info] CSXSEventQueueManager::CreateEventQueueIfNotExist: create queue 90324.1768610603 (CCXP)...
[01/17/26 01:14:25.850] [T8058368] [info] CSXSEventQueueManager::RemoveEventQueueByChannel: remove queue 90324.1768610603 (CCXP) for channel 3...
[01/17/26 01:15:26.986] [T8084366] [info] CSXSEventQueueManager::CreateEventQueueIfNotExist: create queue 90887.1768612526 (CCXP)...
[01/17/26 01:46:29.943] [T8084366] [info] CSXSEventQueueManager::RemoveEventQueueByChannel: remove queue 90887.1768612526 (CCXP) for channel 2...
[01/17/26 01:47:30.966] [T8106753] [info] CSXSEventQueueManager::CreateEventQueueIfNotExist: create queue 91033.1768614450 (CCXP)...
[01/18/26 00:18:36.019] [T8106754] [info] CSXSEventQueueManager::RemoveEventQueueByChannel: remove queue 91033.1768614450 (CCXP) for channel 3...
[01/18/26 00:19:37.407] [T10081218] [info] CSXSEventQueueManager::CreateEventQueueIfNotExist: create queue 4517.1768695577 (CCXP)...
[01/18/26 00:50:43.247] [T10081218] [info] CSXSEventQueueManager::RemoveEventQueueByChannel: remove queue 4517.1768695577 (CCXP) for channel 2...
[01/18/26 00:51:45.179] [T10149397] [info] CSXSEventQueueManager::CreateEventQueueIfNotExist: create queue 4974.1768697505 (CCXP)...
[01/18/26 01:22:46.891] [T10149397] [info] CSXSEventQueueManager::RemoveEventQueueByChannel: remove queue 4974.1768697505 (CCXP) for channel 2...
[01/18/26 01:23:52.611] [T10246539] [info] CSXSEventQueueManager::CreateEventQueueIfNotExist: create queue 5423.1768699432 (CCXP)...
[01/18/26 01:54:58.234] [T10246542] [info] CSXSEventQueueManager::RemoveEventQueueByChannel: remove queue 5423.1768699432 (CCXP) for channel 3...
[01/18/26 01:55:59.986] [T10309599] [info] CSXSEventQueueManager::CreateEventQueueIfNotExist: create queue 5751.1768701359 (CCXP)...
[01/19/26 00:27:03.706] [T10309600] [info] CSXSEventQueueManager::RemoveEventQueueByChannel: remove queue 5751.1768701359 (CCXP) for channel 3...
[01/19/26 00:28:10.890] [T12407088] [info] CSXSEventQueueManager::CreateEventQueueIfNotExist: create queue 18824.1768782490 (CCXP)...
[01/19/26 00:59:12.636] [T12407088] [info] CSXSEventQueueManager::RemoveEventQueueByChannel: remove queue 18824.1768782490 (CCXP) for channel 2...
[01/19/26 01:00:13.820] [T12431587] [info] CSXSEventQueueManager::CreateEventQueueIfNotExist: create queue 19089.1768784413 (CCXP)...
[01/19/26 01:31:14.955] [T12431588] [info] CSXSEventQueueManager::RemoveEventQueueByChannel: remove queue 19089.1768784413 (CCXP) for channel 3...
[01/19/26 01:32:16.142] [T12455505] [info] CSXSEventQueueManager::CreateEventQueueIfNotExist: create queue 19360.1768786336 (CCXP)...
[01/19/26 02:03:17.662] [T12455506] [info] CSXSEventQueueManager::RemoveEventQueueByChannel: remove queue 19360.1768786336 (CCXP) for channel 3...
[01/19/26 02:04:18.945] [T12480528] [info] CSXSEventQueueManager::CreateEventQueueIfNotExist: create queue 19720.1768788258 (CCXP)...
[01/20/26 00:35:27.721] [T12480528] [info] CSXSEventQueueManager::RemoveEventQueueByChannel: remove queue 19720.1768788258 (CCXP) for channel 2...
[01/20/26 00:36:29.597] [T14483083] [info] CSXSEventQueueManager::CreateEventQueueIfNotExist: create queue 38365.1768869389 (CCXP)...
[01/20/26 01:07:36.137] [T14483085] [info] CSXSEventQueueManager::RemoveEventQueueByChannel: remove queue 38365.1768869389 (CCXP) for channel 3...
[01/20/26 01:08:38.107] [T14573014] [info] CSXSEventQueueManager::CreateEventQueueIfNotExist: create queue 38678.1768871318 (CCXP)...
[01/20/26 01:16:22.346] [T7323] [info] AdobeIPCBroker version: 7.3.0
[01/20/26 01:16:22.354] [T7343] [info] CSXSEventQueueManager::CreateEventQueueIfNotExist: create queue 786.1768871782 (CCXP)...
[01/20/26 01:16:34.918] [T8519] [info] CSXSEventQueueManager::CreateEventQueueIfNotExist: create queue 715.1768871794 (ACCC)...
[01/20/26 01:16:34.918] [T8520] [info] CSXSEventQueueManager::CreateEventQueueIfNotExist: create queue 868.1768871794 (ACHP)...
[01/20/26 01:16:35.079] [T8549] [info] CSXSEventQueueManager::CreateEventQueueIfNotExist: create queue 891.1768871795 (ACHP)...
[01/20/26 01:16:35.260] [T8596] [info] CSXSEventQueueManager::CreateEventQueueIfNotExist: create queue 892.1768871795 (ADCS)...
[01/20/26 01:16:35.819] [T8525] [info] CSXSEventQueueManager::RemoveEventQueueByChannel: remove queue 868.1768871794 (ACHP) for channel 18...
[01/20/26 01:16:35.860] [T8720] [info] CSXSEventQueueManager::CreateEventQueueIfNotExist: create queue 900.1768871795 (COSY)...
[01/20/26 01:16:36.675] [T8811] [info] CSXSEventQueueManager::CreateEventQueueIfNotExist: create queue 917.1768871796 (ACHP)...
[01/20/26 01:16:36.715] [T8839] [info] CSXSEventQueueManager::CreateEventQueueIfNotExist: create queue 915.1768871796 (COSY)...
[01/20/26 01:47:25.809] [T7352] [info] CSXSEventQueueManager::RemoveEventQueueByChannel: remove queue 786.1768871782 (CCXP) for channel 15...
[01/20/26 01:48:33.871] [T36906] [info] CSXSEventQueueManager::CreateEventQueueIfNotExist: create queue 1346.1768873713 (CCXP)...
[01/21/26 00:19:45.828] [T36906] [info] CSXSEventQueueManager::RemoveEventQueueByChannel: remove queue 1346.1768873713 (CCXP) for channel 14...
[01/21/26 00:20:47.460] [T1473097] [info] CSXSEventQueueManager::CreateEventQueueIfNotExist: create queue 21641.1768954847 (CCXP)...
[01/21/26 00:51:56.539] [T1473097] [info] CSXSEventQueueManager::RemoveEventQueueByChannel: remove queue 21641.1768954847 (CCXP) for channel 14...
[01/21/26 00:53:03.351] [T1524810] [info] CSXSEventQueueManager::CreateEventQueueIfNotExist: create queue 21900.1768956783 (CCXP)...
[01/21/26 01:24:08.829] [T1524810] [info] CSXSEventQueueManager::RemoveEventQueueByChannel: remove queue 21900.1768956783 (CCXP) for channel 14...
[01/21/26 01:25:15.245] [T1611586] [info] CSXSEventQueueManager::CreateEventQueueIfNotExist: create queue 22301.1768958715 (CCXP)...
[01/21/26 01:56:17.422] [T1611589] [info] CSXSEventQueueManager::RemoveEventQueueByChannel: remove queue 22301.1768958715 (CCXP) for channel 15...
[01/21/26 01:57:25.392] [T1663157] [info] CSXSEventQueueManager::CreateEventQueueIfNotExist: create queue 23055.1768960645 (CCXP)...
[01/22/26 00:03:39.128] [T1663158] [info] CSXSEventQueueManager::RemoveEventQueueByChannel: remove queue 23055.1768960645 (CCXP) for channel 15...
[01/22/26 00:04:40.501] [T2900690] [info] CSXSEventQueueManager::CreateEventQueueIfNotExist: create queue 35745.1769040280 (CCXP)...
[01/22/26 00:35:42.823] [T2900695] [info] CSXSEventQueueManager::RemoveEventQueueByChannel: remove queue 35745.1769040280 (CCXP) for channel 15...
[01/22/26 00:36:44.241] [T2923055] [info] CSXSEventQueueManager::CreateEventQueueIfNotExist: create queue 35914.1769042204 (CCXP)...
[01/22/26 01:07:46.279] [T2923055] [info] CSXSEventQueueManager::RemoveEventQueueByChannel: remove queue 35914.1769042204 (CCXP) for channel 14...
[01/22/26 01:08:47.560] [T2945700] [info] CSXSEventQueueManager::CreateEventQueueIfNotExist: create queue 36268.1769044127 (CCXP)...
[01/22/26 01:39:49.595] [T2945700] [info] CSXSEventQueueManager::RemoveEventQueueByChannel: remove queue 36268.1769044127 (CCXP) for channel 14...
[01/22/26 01:40:53.859] [T2972884] [info] CSXSEventQueueManager::CreateEventQueueIfNotExist: create queue 36702.1769046053 (CCXP)...
[01/23/26 00:11:59.069] [T2972884] [info] CSXSEventQueueManager::RemoveEventQueueByChannel: remove queue 36702.1769046053 (CCXP) for channel 14...
[01/23/26 00:13:00.892] [T4193333] [info] CSXSEventQueueManager::CreateEventQueueIfNotExist: create queue 49014.1769127180 (CCXP)...
[01/23/26 00:44:14.002] [T4193333] [info] CSXSEventQueueManager::RemoveEventQueueByChannel: remove queue 49014.1769127180 (CCXP) for channel 14...
[01/23/26 00:45:17.482] [T4219962] [info] CSXSEventQueueManager::CreateEventQueueIfNotExist: create queue 49322.1769129117 (CCXP)...
[01/23/26 01:16:19.267] [T4219964] [info] CSXSEventQueueManager::RemoveEventQueueByChannel: remove queue 49322.1769129117 (CCXP) for channel 15...
[01/23/26 01:17:34.428] [T4247183] [info] CSXSEventQueueManager::CreateEventQueueIfNotExist: create queue 49783.1769131054 (CCXP)...
[01/23/26 01:48:35.022] [T4247183] [info] CSXSEventQueueManager::RemoveEventQueueByChannel: remove queue 49783.1769131054 (CCXP) for channel 14...
[01/23/26 01:49:36.797] [T4271832] [info] CSXSEventQueueManager::CreateEventQueueIfNotExist: create queue 49978.1769132976 (CCXP)...
[01/24/26 00:20:39.784] [T4271832] [info] CSXSEventQueueManager::RemoveEventQueueByChannel: remove queue 49978.1769132976 (CCXP) for channel 14...
[01/24/26 00:21:41.590] [T5988953] [info] CSXSEventQueueManager::CreateEventQueueIfNotExist: create queue 62838.1769214101 (CCXP)...
[01/24/26 00:52:44.679] [T5988954] [info] CSXSEventQueueManager::RemoveEventQueueByChannel: remove queue 62838.1769214101 (CCXP) for channel 15...
[01/24/26 00:53:57.109] [T6074362] [info] CSXSEventQueueManager::CreateEventQueueIfNotExist: create queue 63022.1769216037 (CCXP)...
[01/24/26 01:24:59.682] [T6074363] [info] CSXSEventQueueManager::RemoveEventQueueByChannel: remove queue 63022.1769216037 (CCXP) for channel 15...
[01/24/26 01:26:00.965] [T6164927] [info] CSXSEventQueueManager::CreateEventQueueIfNotExist: create queue 63214.1769217960 (CCXP)...
[01/24/26 01:57:01.708] [T6164929] [info] CSXSEventQueueManager::RemoveEventQueueByChannel: remove queue 63214.1769217960 (CCXP) for channel 15...
[01/24/26 01:58:03.166] [T6236153] [info] CSXSEventQueueManager::CreateEventQueueIfNotExist: create queue 63411.1769219883 (CCXP)...
[01/25/26 00:29:05.436] [T6236153] [info] CSXSEventQueueManager::RemoveEventQueueByChannel: remove queue 63411.1769219883 (CCXP) for channel 14...
[01/25/26 00:30:09.239] [T8508488] [info] CSXSEventQueueManager::CreateEventQueueIfNotExist: create queue 75168.1769301009 (CCXP)...
[01/25/26 01:01:10.708] [T8508488] [info] CSXSEventQueueManager::RemoveEventQueueByChannel: remove queue 75168.1769301009 (CCXP) for channel 14...
[01/25/26 01:02:25.550] [T8535554] [info] CSXSEventQueueManager::CreateEventQueueIfNotExist: create queue 75464.1769302945 (CCXP)...
[01/25/26 01:33:27.422] [T8535555] [info] CSXSEventQueueManager::RemoveEventQueueByChannel: remove queue 75464.1769302945 (CCXP) for channel 15...
[01/25/26 01:34:28.728] [T8562542] [info] CSXSEventQueueManager::CreateEventQueueIfNotExist: create queue 75767.1769304868 (CCXP)...
[01/25/26 02:05:36.592] [T8562542] [info] CSXSEventQueueManager::RemoveEventQueueByChannel: remove queue 75767.1769304868 (CCXP) for channel 14...
[01/25/26 02:06:44.811] [T8590949] [info] CSXSEventQueueManager::CreateEventQueueIfNotExist: create queue 76102.1769306804 (CCXP)...
[01/26/26 00:37:44.897] [T8590949] [info] CSXSEventQueueManager::RemoveEventQueueByChannel: remove queue 76102.1769306804 (CCXP) for channel 14...
[01/26/26 00:38:46.931] [T9879162] [info] CSXSEventQueueManager::CreateEventQueueIfNotExist: create queue 88417.1769387926 (CCXP)...
[01/26/26 01:09:49.244] [T9879165] [info] CSXSEventQueueManager::RemoveEventQueueByChannel: remove queue 88417.1769387926 (CCXP) for channel 15...
[01/26/26 01:10:51.287] [T9973418] [info] CSXSEventQueueManager::CreateEventQueueIfNotExist: create queue 88725.1769389851 (CCXP)...
[01/26/26 01:50:03.948] [T9973418] [info] CSXSEventQueueManager::RemoveEventQueueByChannel: remove queue 88725.1769389851 (CCXP) for channel 14...
[01/26/26 02:10:41.465] [T10050898] [info] CSXSEventQueueManager::CreateEventQueueIfNotExist: create queue 89147.1769393441 (CCXP)...
[01/26/26 02:50:00.923] [T10050903] [info] CSXSEventQueueManager::RemoveEventQueueByChannel: remove queue 89147.1769393441 (CCXP) for channel 15...
[01/26/26 03:07:40.607] [T10059137] [info] CSXSEventQueueManager::CreateEventQueueIfNotExist: create queue 89374.1769396860 (CCXP)...
[01/26/26 14:42:36.345] [T12896] [info] AdobeIPCBroker version: 7.3.0
[01/26/26 14:42:36.351] [T12919] [info] CSXSEventQueueManager::CreateEventQueueIfNotExist: create queue 1029.1769438556 (CCXP)...
[01/26/26 14:42:54.860] [T14737] [info] CSXSEventQueueManager::CreateEventQueueIfNotExist: create queue 1127.1769438574 (ACHP)...
[01/26/26 14:42:54.912] [T14744] [info] CSXSEventQueueManager::CreateEventQueueIfNotExist: create queue 1018.1769438574 (ACCC)...
[01/26/26 14:42:55.648] [T14859] [info] CSXSEventQueueManager::CreateEventQueueIfNotExist: create queue 1134.1769438575 (ACHP)...
[01/26/26 14:42:57.841] [T15087] [info] CSXSEventQueueManager::CreateEventQueueIfNotExist: create queue 1136.1769438577 (ADCS)...
[01/26/26 14:43:09.024] [T15981] [info] CSXSEventQueueManager::CreateEventQueueIfNotExist: create queue 1174.1769438589 (COSY)...
[01/26/26 14:43:09.621] [T16061] [info] CSXSEventQueueManager::CreateEventQueueIfNotExist: create queue 1187.1769438589 (COSY)...
[01/26/26 14:43:09.886] [T16111] [info] CSXSEventQueueManager::CreateEventQueueIfNotExist: create queue 1188.1769438589 (ACHP)...
[01/26/26 14:43:11.493] [T14745] [info] CSXSEventQueueManager::RemoveEventQueueByChannel: remove queue 1127.1769438574 (ACHP) for channel 6...
[01/27/26 00:13:42.034] [T12922] [info] CSXSEventQueueManager::RemoveEventQueueByChannel: remove queue 1029.1769438556 (CCXP) for channel 3...
[01/27/26 00:14:43.485] [T514296] [info] CSXSEventQueueManager::CreateEventQueueIfNotExist: create queue 9015.1769472883 (CCXP)...
[01/27/26 00:45:44.025] [T514300] [info] CSXSEventQueueManager::RemoveEventQueueByChannel: remove queue 9015.1769472883 (CCXP) for channel 3...
[01/27/26 00:46:45.442] [T538563] [info] CSXSEventQueueManager::CreateEventQueueIfNotExist: create queue 9274.1769474805 (CCXP)...
[01/27/26 01:17:46.239] [T538566] [info] CSXSEventQueueManager::RemoveEventQueueByChannel: remove queue 9274.1769474805 (CCXP) for channel 3...
[01/27/26 01:18:47.225] [T570459] [info] CSXSEventQueueManager::CreateEventQueueIfNotExist: create queue 9908.1769476727 (CCXP)...
[01/27/26 01:49:47.881] [T570463] [info] CSXSEventQueueManager::RemoveEventQueueByChannel: remove queue 9908.1769476727 (CCXP) for channel 3...
[01/27/26 01:50:49.085] [T597890] [info] CSXSEventQueueManager::CreateEventQueueIfNotExist: create queue 10202.1769478649 (CCXP)...
[01/27/26 14:43:13.869] [T16123] [info] CSXSEventQueueManager::RemoveEventQueueByChannel: remove queue 1188.1769438589 (ACHP) for channel 17...
[01/27/26 14:43:53.750] [T14861] [info] CSXSEventQueueManager::RemoveEventQueueByChannel: remove queue 1134.1769438575 (ACHP) for channel 8...
[01/27/26 14:43:54.352] [T15336] [info] CSXSEventQueueManager::RemoveEventQueueByChannel: remove queue 1018.1769438574 (ACCC) for channel 10...
[01/27/26 14:44:01.469] [T1363252] [info] AdobeIPCBroker version: 7.3.0
[01/27/26 14:44:01.475] [T1363270] [info] CSXSEventQueueManager::CreateEventQueueIfNotExist: create queue 1187.1769438589 (COSY)...
[01/27/26 14:44:01.499] [T1363271] [info] CSXSEventQueueManager::CreateEventQueueIfNotExist: create queue 10202.1769478649 (CCXP)...
[01/27/26 14:44:08.325] [T1363604] [info] CSXSEventQueueManager::CreateEventQueueIfNotExist: create queue 16365.1769525048 (ACHP)...
[01/27/26 14:44:08.326] [T1363603] [info] CSXSEventQueueManager::CreateEventQueueIfNotExist: create queue 16351.1769525048 (ACCC)...
[01/27/26 14:44:08.777] [T1363656] [info] CSXSEventQueueManager::CreateEventQueueIfNotExist: create queue 16370.1769525048 (ACHP)...
[01/27/26 14:44:09.188] [T1363700] [info] CSXSEventQueueManager::CreateEventQueueIfNotExist: create queue 16371.1769525049 (ADCS)...
[01/27/26 14:44:09.717] [T1363608] [info] CSXSEventQueueManager::RemoveEventQueueByChannel: remove queue 16365.1769525048 (ACHP) for channel 9...
[01/27/26 14:44:16.294] [T1364029] [info] CSXSEventQueueManager::CreateEventQueueIfNotExist: create queue 16404.1769525056 (ACHP)...
[01/27/26 14:44:21.522] [T1364303] [info] CSXSEventQueueManager::CreateEventQueueIfNotExist: create queue 16406.1769525061 (COSY)...
[01/27/26 23:29:01.607] [T13142] [info] AdobeIPCBroker version: 7.3.0
[01/27/26 23:29:01.648] [T13256] [info] CSXSEventQueueManager::CreateEventQueueIfNotExist: create queue 1020.1769556541 (CCXP)...
[01/27/26 23:29:13.684] [T14445] [info] CSXSEventQueueManager::CreateEventQueueIfNotExist: create queue 1007.1769556553 (ACCC)...
[01/27/26 23:29:13.753] [T14470] [info] CSXSEventQueueManager::CreateEventQueueIfNotExist: create queue 1101.1769556553 (ACHP)...
[01/27/26 23:29:14.075] [T14524] [info] CSXSEventQueueManager::CreateEventQueueIfNotExist: create queue 1106.1769556554 (ACHP)...
[01/27/26 23:29:14.839] [T14590] [info] CSXSEventQueueManager::CreateEventQueueIfNotExist: create queue 1107.1769556554 (ADCS)...
[01/27/26 23:29:17.387] [T14486] [info] CSXSEventQueueManager::RemoveEventQueueByChannel: remove queue 1101.1769556553 (ACHP) for channel 6...
[01/27/26 23:29:17.901] [T14972] [info] CSXSEventQueueManager::CreateEventQueueIfNotExist: create queue 1137.1769556557 (COSY)...
[01/27/26 23:29:18.835] [T15111] [info] CSXSEventQueueManager::CreateEventQueueIfNotExist: create queue 1150.1769556558 (COSY)...
[01/27/26 23:29:34.319] [T15894] [info] CSXSEventQueueManager::CreateEventQueueIfNotExist: create queue 1156.1769556574 (ACHP)...
[01/28/26 00:30:04.673] [T13267] [info] CSXSEventQueueManager::RemoveEventQueueByChannel: remove queue 1020.1769556541 (CCXP) for channel 3...
[01/28/26 00:31:06.011] [T82921] [info] CSXSEventQueueManager::CreateEventQueueIfNotExist: create queue 2602.1769560266 (CCXP)...
[01/28/26 01:02:16.468] [T82921] [info] CSXSEventQueueManager::RemoveEventQueueByChannel: remove queue 2602.1769560266 (CCXP) for channel 2...
[01/28/26 01:03:22.187] [T114283] [info] CSXSEventQueueManager::CreateEventQueueIfNotExist: create queue 3376.1769562202 (CCXP)...
[01/28/26 01:34:23.484] [T114284] [info] CSXSEventQueueManager::RemoveEventQueueByChannel: remove queue 3376.1769562202 (CCXP) for channel 3...
[01/28/26 01:35:24.401] [T140799] [info] CSXSEventQueueManager::CreateEventQueueIfNotExist: create queue 3858.1769564124 (CCXP)...
[01/28/26 02:06:25.695] [T140799] [info] CSXSEventQueueManager::RemoveEventQueueByChannel: remove queue 3858.1769564124 (CCXP) for channel 2...
[01/28/26 02:07:26.613] [T167204] [info] CSXSEventQueueManager::CreateEventQueueIfNotExist: create queue 4160.1769566046 (CCXP)...
[01/29/26 00:13:16.410] [T167204] [info] CSXSEventQueueManager::RemoveEventQueueByChannel: remove queue 4160.1769566046 (CCXP) for channel 2...
[01/29/26 00:14:19.611] [T1548559] [info] CSXSEventQueueManager::CreateEventQueueIfNotExist: create queue 16021.1769645659 (CCXP)...
[01/29/26 00:45:20.265] [T1548565] [info] CSXSEventQueueManager::RemoveEventQueueByChannel: remove queue 16021.1769645659 (CCXP) for channel 3...
[01/29/26 00:46:23.520] [T1578463] [info] CSXSEventQueueManager::CreateEventQueueIfNotExist: create queue 16359.1769647583 (CCXP)...
[01/29/26 01:17:27.653] [T1578463] [info] CSXSEventQueueManager::RemoveEventQueueByChannel: remove queue 16359.1769647583 (CCXP) for channel 2...
[01/29/26 01:18:39.786] [T1602782] [info] CSXSEventQueueManager::CreateEventQueueIfNotExist: create queue 16583.1769649519 (CCXP)...
[01/29/26 01:49:48.272] [T1602782] [info] CSXSEventQueueManager::RemoveEventQueueByChannel: remove queue 16583.1769649519 (CCXP) for channel 2...
[01/29/26 01:50:56.169] [T1629306] [info] CSXSEventQueueManager::CreateEventQueueIfNotExist: create queue 16884.1769651456 (CCXP)...
[01/30/26 00:40:09.409] [T1629306] [info] CSXSEventQueueManager::RemoveEventQueueByChannel: remove queue 16884.1769651456 (CCXP) for channel 2...
[01/30/26 00:41:18.637] [T2372132] [info] CSXSEventQueueManager::CreateEventQueueIfNotExist: create queue 28346.1769733678 (CCXP)...
[01/30/26 01:15:53.673] [T2372133] [info] CSXSEventQueueManager::RemoveEventQueueByChannel: remove queue 28346.1769733678 (CCXP) for channel 3...
[01/30/26 01:28:22.055] [T2390153] [info] CSXSEventQueueManager::CreateEventQueueIfNotExist: create queue 28580.1769736502 (CCXP)...
[01/30/26 01:59:27.671] [T2390155] [info] CSXSEventQueueManager::RemoveEventQueueByChannel: remove queue 28580.1769736502 (CCXP) for channel 3...
[01/30/26 02:00:28.752] [T2406106] [info] CSXSEventQueueManager::CreateEventQueueIfNotExist: create queue 28808.1769738428 (CCXP)...
[01/30/26 02:31:32.392] [T2406110] [info] CSXSEventQueueManager::RemoveEventQueueByChannel: remove queue 28808.1769738428 (CCXP) for channel 3...
[01/30/26 02:32:34.194] [T2434344] [info] CSXSEventQueueManager::CreateEventQueueIfNotExist: create queue 29170.1769740354 (CCXP)...
[01/30/26 18:48:58.435] [T7239] [info] AdobeIPCBroker version: 7.3.0
[01/30/26 18:48:58.477] [T7273] [info] CSXSEventQueueManager::CreateEventQueueIfNotExist: create queue 766.1769798938 (CCXP)...
[01/30/26 18:49:04.894] [T8319] [info] CSXSEventQueueManager::CreateEventQueueIfNotExist: create queue 720.1769798944 (ACCC)...
[01/30/26 18:49:04.895] [T8320] [info] CSXSEventQueueManager::CreateEventQueueIfNotExist: create queue 869.1769798944 (ACHP)...
[01/30/26 18:49:05.382] [T8400] [info] CSXSEventQueueManager::CreateEventQueueIfNotExist: create queue 878.1769798945 (ACHP)...
[01/30/26 18:49:05.529] [T8492] [info] CSXSEventQueueManager::CreateEventQueueIfNotExist: create queue 879.1769798945 (ADCS)...
[01/30/26 18:49:06.558] [T8336] [info] CSXSEventQueueManager::RemoveEventQueueByChannel: remove queue 869.1769798944 (ACHP) for channel 18...
[01/30/26 18:49:06.825] [T8921] [info] CSXSEventQueueManager::CreateEventQueueIfNotExist: create queue 893.1769798946 (COSY)...
[01/30/26 18:49:07.566] [T9268] [info] CSXSEventQueueManager::CreateEventQueueIfNotExist: create queue 902.1769798947 (COSY)...
[01/30/26 18:49:07.618] [T9305] [info] CSXSEventQueueManager::CreateEventQueueIfNotExist: create queue 904.1769798947 (ACHP)...
[01/31/26 00:20:23.385] [T7277] [info] CSXSEventQueueManager::RemoveEventQueueByChannel: remove queue 766.1769798938 (CCXP) for channel 15...
[01/31/26 00:21:24.550] [T228393] [info] CSXSEventQueueManager::CreateEventQueueIfNotExist: create queue 4721.1769818884 (CCXP)...
[01/31/26 00:52:25.344] [T228393] [info] CSXSEventQueueManager::RemoveEventQueueByChannel: remove queue 4721.1769818884 (CCXP) for channel 13...
[01/31/26 00:53:26.321] [T248260] [info] CSXSEventQueueManager::CreateEventQueueIfNotExist: create queue 4993.1769820806 (CCXP)...
[01/31/26 01:24:35.640] [T248260] [info] CSXSEventQueueManager::RemoveEventQueueByChannel: remove queue 4993.1769820806 (CCXP) for channel 13...
[01/31/26 01:25:42.268] [T269899] [info] CSXSEventQueueManager::CreateEventQueueIfNotExist: create queue 5372.1769822742 (CCXP)...
[01/31/26 01:56:43.111] [T269900] [info] CSXSEventQueueManager::RemoveEventQueueByChannel: remove queue 5372.1769822742 (CCXP) for channel 15...
[01/31/26 01:57:44.782] [T293069] [info] CSXSEventQueueManager::CreateEventQueueIfNotExist: create queue 5749.1769824664 (CCXP)...
[02/01/26 00:47:44.315] [T293071] [info] CSXSEventQueueManager::RemoveEventQueueByChannel: remove queue 5749.1769824664 (CCXP) for channel 15...
[02/01/26 01:04:05.854] [T1132465] [info] CSXSEventQueueManager::CreateEventQueueIfNotExist: create queue 19040.1769907845 (CCXP)...
[02/01/26 01:48:46.269] [T1132471] [info] CSXSEventQueueManager::RemoveEventQueueByChannel: remove queue 19040.1769907845 (CCXP) for channel 15...
[02/01/26 02:07:30.139] [T1139451] [info] CSXSEventQueueManager::CreateEventQueueIfNotExist: create queue 19181.1769911650 (CCXP)...
[02/01/26 02:45:28.770] [T1139451] [info] CSXSEventQueueManager::RemoveEventQueueByChannel: remove queue 19181.1769911650 (CCXP) for channel 13...
[02/01/26 02:46:31.620] [T1143235] [info] CSXSEventQueueManager::CreateEventQueueIfNotExist: create queue 19276.1769913991 (CCXP)...
[02/01/26 03:25:29.189] [T1143236] [info] CSXSEventQueueManager::RemoveEventQueueByChannel: remove queue 19276.1769913991 (CCXP) for channel 15...
[02/01/26 03:50:49.495] [T1148865] [info] CSXSEventQueueManager::CreateEventQueueIfNotExist: create queue 19420.1769917849 (CCXP)...
[02/02/26 00:26:40.736] [T1148866] [info] CSXSEventQueueManager::RemoveEventQueueByChannel: remove queue 19420.1769917849 (CCXP) for channel 15...
[02/02/26 00:27:43.947] [T1323756] [info] CSXSEventQueueManager::CreateEventQueueIfNotExist: create queue 23016.1769992063 (CCXP)...
[02/02/26 00:58:46.575] [T1323756] [info] CSXSEventQueueManager::RemoveEventQueueByChannel: remove queue 23016.1769992063 (CCXP) for channel 13...
[02/02/26 00:59:47.975] [T1346130] [info] CSXSEventQueueManager::CreateEventQueueIfNotExist: create queue 23346.1769993987 (CCXP)...
[02/02/26 01:30:49.291] [T1346130] [info] CSXSEventQueueManager::RemoveEventQueueByChannel: remove queue 23346.1769993987 (CCXP) for channel 13...
[02/02/26 01:31:50.509] [T1369795] [info] CSXSEventQueueManager::CreateEventQueueIfNotExist: create queue 23747.1769995910 (CCXP)...
[02/02/26 02:02:51.148] [T1369797] [info] CSXSEventQueueManager::RemoveEventQueueByChannel: remove queue 23747.1769995910 (CCXP) for channel 15...
[02/02/26 02:03:52.172] [T1391341] [info] CSXSEventQueueManager::CreateEventQueueIfNotExist: create queue 24154.1769997832 (CCXP)...
[02/03/26 00:17:08.149] [T1391344] [info] CSXSEventQueueManager::RemoveEventQueueByChannel: remove queue 24154.1769997832 (CCXP) for channel 15...
[02/03/26 00:18:19.938] [T2034255] [info] CSXSEventQueueManager::CreateEventQueueIfNotExist: create queue 34835.1770077899 (CCXP)...
[02/03/26 00:49:20.816] [T2034256] [info] CSXSEventQueueManager::RemoveEventQueueByChannel: remove queue 34835.1770077899 (CCXP) for channel 15...
[02/03/26 00:50:22.731] [T2056220] [info] CSXSEventQueueManager::CreateEventQueueIfNotExist: create queue 35120.1770079822 (CCXP)...
[02/03/26 01:21:25.120] [T2056221] [info] CSXSEventQueueManager::RemoveEventQueueByChannel: remove queue 35120.1770079822 (CCXP) for channel 15...
[02/03/26 01:22:39.132] [T2080082] [info] CSXSEventQueueManager::CreateEventQueueIfNotExist: create queue 35414.1770081759 (CCXP)...
[02/03/26 01:53:47.559] [T2080082] [info] CSXSEventQueueManager::RemoveEventQueueByChannel: remove queue 35414.1770081759 (CCXP) for channel 13...
[02/03/26 01:54:55.744] [T2103398] [info] CSXSEventQueueManager::CreateEventQueueIfNotExist: create queue 35690.1770083695 (CCXP)...
[02/03/26 22:10:00.036] [T7179] [info] AdobeIPCBroker version: 7.3.0
[02/03/26 22:10:00.098] [T7212] [info] CSXSEventQueueManager::CreateEventQueueIfNotExist: create queue 742.1770156599 (CCXP)...
[02/03/26 22:10:07.683] [T8370] [info] CSXSEventQueueManager::CreateEventQueueIfNotExist: create queue 865.1770156607 (ACHP)...
[02/03/26 22:10:07.683] [T8371] [info] CSXSEventQueueManager::CreateEventQueueIfNotExist: create queue 721.1770156607 (ACCC)...
[02/03/26 22:10:07.891] [T8410] [info] CSXSEventQueueManager::CreateEventQueueIfNotExist: create queue 869.1770156607 (ACHP)...
[02/03/26 22:10:08.096] [T8451] [info] CSXSEventQueueManager::CreateEventQueueIfNotExist: create queue 870.1770156608 (ADCS)...
[02/03/26 22:10:08.615] [T8375] [info] CSXSEventQueueManager::RemoveEventQueueByChannel: remove queue 865.1770156607 (ACHP) for channel 6...
[02/03/26 22:10:08.920] [T8566] [info] CSXSEventQueueManager::CreateEventQueueIfNotExist: create queue 879.1770156608 (COSY)...
[02/03/26 22:10:09.353] [T8652] [info] CSXSEventQueueManager::CreateEventQueueIfNotExist: create queue 892.1770156609 (ACHP)...
[02/03/26 22:10:09.381] [T8664] [info] CSXSEventQueueManager::CreateEventQueueIfNotExist: create queue 891.1770156609 (COSY)...
[02/03/26 22:10:09.476] [T8690] [info] CSXSEventQueueManager::CreateEventQueueIfNotExist: create queue 896.1770156609 (ACHP)...
[02/03/26 22:10:09.556] [T8655] [info] CSXSEventQueueManager::RemoveEventQueueByChannel: remove queue 892.1770156609 (ACHP) for channel 13...
[02/03/26 22:10:09.592] [T8743] [info] CSXSEventQueueManager::CreateEventQueueIfNotExist: create queue 898.1770156609 (ACHP)...
[02/04/26 00:13:53.173] [T7225] [info] CSXSEventQueueManager::RemoveEventQueueByChannel: remove queue 742.1770156599 (CCXP) for channel 3...
[02/04/26 00:14:56.108] [T83818] [info] CSXSEventQueueManager::CreateEventQueueIfNotExist: create queue 2553.1770164096 (CCXP)...
[02/04/26 00:45:57.146] [T83819] [info] CSXSEventQueueManager::RemoveEventQueueByChannel: remove queue 2553.1770164096 (CCXP) for channel 3...
[02/04/26 00:46:58.120] [T104225] [info] CSXSEventQueueManager::CreateEventQueueIfNotExist: create queue 2779.1770166018 (CCXP)...
[02/04/26 01:30:17.673] [T104226] [info] CSXSEventQueueManager::RemoveEventQueueByChannel: remove queue 2779.1770166018 (CCXP) for channel 3...
[02/04/26 01:31:18.495] [T141533] [info] CSXSEventQueueManager::CreateEventQueueIfNotExist: create queue 3466.1770168678 (CCXP)...
[02/04/26 02:02:21.722] [T141533] [info] CSXSEventQueueManager::RemoveEventQueueByChannel: remove queue 3466.1770168678 (CCXP) for channel 2...
[02/04/26 02:03:34.971] [T166285] [info] CSXSEventQueueManager::CreateEventQueueIfNotExist: create queue 3795.1770170614 (CCXP)...
[02/04/26 12:58:08.460] [T7507] [info] AdobeIPCBroker version: 7.3.0
[02/04/26 12:58:08.471] [T7521] [info] CSXSEventQueueManager::CreateEventQueueIfNotExist: create queue 816.1770209888 (CCXP)...
[02/04/26 12:58:16.942] [T8645] [info] CSXSEventQueueManager::CreateEventQueueIfNotExist: create queue 867.1770209896 (ACHP)...
[02/04/26 12:58:16.943] [T8644] [info] CSXSEventQueueManager::CreateEventQueueIfNotExist: create queue 751.1770209896 (ACCC)...
[02/04/26 12:58:17.097] [T8694] [info] CSXSEventQueueManager::CreateEventQueueIfNotExist: create queue 907.1770209897 (ACHP)...
[02/04/26 12:58:17.528] [T8897] [info] CSXSEventQueueManager::CreateEventQueueIfNotExist: create queue 908.1770209897 (ADCS)...
[02/04/26 12:58:18.157] [T9020] [info] CSXSEventQueueManager::CreateEventQueueIfNotExist: create queue 918.1770209898 (COSY)...
[02/04/26 12:58:18.516] [T8653] [info] CSXSEventQueueManager::RemoveEventQueueByChannel: remove queue 867.1770209896 (ACHP) for channel 6...
[02/04/26 12:58:18.671] [T9088] [info] CSXSEventQueueManager::CreateEventQueueIfNotExist: create queue 932.1770209898 (ACHP)...
[02/04/26 12:58:18.702] [T9107] [info] CSXSEventQueueManager::CreateEventQueueIfNotExist: create queue 930.1770209898 (COSY)...
[02/05/26 00:47:11.440] [T7521] [info] CSXSEventQueueManager::RemoveEventQueueByChannel: remove queue 816.1770209888 (CCXP) for channel 2...
[02/05/26 01:04:09.626] [T1004816] [info] CSXSEventQueueManager::CreateEventQueueIfNotExist: create queue 8360.1770253449 (CCXP)...
[02/05/26 01:35:10.710] [T1004816] [info] CSXSEventQueueManager::RemoveEventQueueByChannel: remove queue 8360.1770253449 (CCXP) for channel 2...
[02/05/26 01:36:15.157] [T1131548] [info] CSXSEventQueueManager::CreateEventQueueIfNotExist: create queue 8720.1770255375 (CCXP)...
[02/05/26 02:07:17.403] [T1131548] [info] CSXSEventQueueManager::RemoveEventQueueByChannel: remove queue 8720.1770255375 (CCXP) for channel 2...
[02/05/26 02:08:18.820] [T1267579] [info] CSXSEventQueueManager::CreateEventQueueIfNotExist: create queue 8992.1770257298 (CCXP)...
[02/05/26 02:39:21.850] [T1267579] [info] CSXSEventQueueManager::RemoveEventQueueByChannel: remove queue 8992.1770257298 (CCXP) for channel 2...
[02/05/26 02:40:23.508] [T1404876] [info] CSXSEventQueueManager::CreateEventQueueIfNotExist: create queue 9169.1770259223 (CCXP)...
[02/06/26 00:33:52.508] [T1404885] [info] CSXSEventQueueManager::RemoveEventQueueByChannel: remove queue 9169.1770259223 (CCXP) for channel 3...
[02/06/26 00:34:55.878] [T4726756] [info] CSXSEventQueueManager::CreateEventQueueIfNotExist: create queue 24469.1770338095 (CCXP)...
[02/06/26 01:05:57.902] [T4726756] [info] CSXSEventQueueManager::RemoveEventQueueByChannel: remove queue 24469.1770338095 (CCXP) for channel 2...
[02/06/26 01:07:12.213] [T4751288] [info] CSXSEventQueueManager::CreateEventQueueIfNotExist: create queue 24842.1770340032 (CCXP)...
[02/06/26 01:38:17.970] [T4751288] [info] CSXSEventQueueManager::RemoveEventQueueByChannel: remove queue 24842.1770340032 (CCXP) for channel 2...
[02/06/26 01:39:27.730] [T4775090] [info] CSXSEventQueueManager::CreateEventQueueIfNotExist: create queue 25102.1770341967 (CCXP)...
[02/06/26 02:10:37.281] [T4775090] [info] CSXSEventQueueManager::RemoveEventQueueByChannel: remove queue 25102.1770341967 (CCXP) for channel 2...
[02/06/26 02:11:42.880] [T4800347] [info] CSXSEventQueueManager::CreateEventQueueIfNotExist: create queue 25389.1770343902 (CCXP)...
[02/07/26 00:06:58.798] [T4800347] [info] CSXSEventQueueManager::RemoveEventQueueByChannel: remove queue 25389.1770343902 (CCXP) for channel 2...
[02/07/26 00:08:06.126] [T5968957] [info] CSXSEventQueueManager::CreateEventQueueIfNotExist: create queue 34699.1770422886 (CCXP)...
[02/07/26 00:39:07.255] [T5968958] [info] CSXSEventQueueManager::RemoveEventQueueByChannel: remove queue 34699.1770422886 (CCXP) for channel 3...
[02/07/26 00:40:08.565] [T5992342] [info] CSXSEventQueueManager::CreateEventQueueIfNotExist: create queue 35039.1770424808 (CCXP)...
[02/07/26 01:11:10.456] [T5992342] [info] CSXSEventQueueManager::RemoveEventQueueByChannel: remove queue 35039.1770424808 (CCXP) for channel 2...
[02/07/26 01:12:11.557] [T6015896] [info] CSXSEventQueueManager::CreateEventQueueIfNotExist: create queue 35368.1770426731 (CCXP)...
[02/07/26 01:43:11.806] [T6015897] [info] CSXSEventQueueManager::RemoveEventQueueByChannel: remove queue 35368.1770426731 (CCXP) for channel 3...
[02/07/26 01:44:27.971] [T6037492] [info] CSXSEventQueueManager::CreateEventQueueIfNotExist: create queue 35624.1770428667 (CCXP)...
[02/07/26 17:22:38.602] [T6908] [info] AdobeIPCBroker version: 7.3.0
[02/07/26 17:22:38.624] [T6927] [info] CSXSEventQueueManager::CreateEventQueueIfNotExist: create queue 751.1770484958 (CCXP)...
[02/07/26 17:22:54.816] [T8709] [info] CSXSEventQueueManager::CreateEventQueueIfNotExist: create queue 909.1770484974 (ACHP)...
[02/07/26 17:22:54.817] [T8710] [info] CSXSEventQueueManager::CreateEventQueueIfNotExist: create queue 713.1770484974 (ACCC)...
[02/07/26 17:22:55.765] [T8786] [info] CSXSEventQueueManager::CreateEventQueueIfNotExist: create queue 912.1770484975 (ACHP)...
[02/07/26 17:22:56.666] [T8851] [info] CSXSEventQueueManager::CreateEventQueueIfNotExist: create queue 913.1770484976 (ADCS)...
[02/07/26 17:22:57.216] [T8961] [info] CSXSEventQueueManager::CreateEventQueueIfNotExist: create queue 923.1770484977 (COSY)...
[02/07/26 17:22:57.454] [T8726] [info] CSXSEventQueueManager::RemoveEventQueueByChannel: remove queue 909.1770484974 (ACHP) for channel 6...
[02/07/26 17:22:57.815] [T9038] [info] CSXSEventQueueManager::CreateEventQueueIfNotExist: create queue 934.1770484977 (ACHP)...
[02/07/26 17:22:57.841] [T9041] [info] CSXSEventQueueManager::CreateEventQueueIfNotExist: create queue 931.1770484977 (COSY)...
[02/08/26 00:23:40.848] [T6927] [info] CSXSEventQueueManager::RemoveEventQueueByChannel: remove queue 751.1770484958 (CCXP) for channel 2...
[02/08/26 00:24:42.506] [T265231] [info] CSXSEventQueueManager::CreateEventQueueIfNotExist: create queue 4739.1770510282 (CCXP)...
[02/08/26 00:55:46.108] [T265231] [info] CSXSEventQueueManager::RemoveEventQueueByChannel: remove queue 4739.1770510282 (CCXP) for channel 2...
[02/08/26 00:56:58.565] [T289320] [info] CSXSEventQueueManager::CreateEventQueueIfNotExist: create queue 4977.1770512218 (CCXP)...
[02/08/26 01:28:05.875] [T289321] [info] CSXSEventQueueManager::RemoveEventQueueByChannel: remove queue 4977.1770512218 (CCXP) for channel 3...
[02/08/26 01:29:14.693] [T317033] [info] CSXSEventQueueManager::CreateEventQueueIfNotExist: create queue 5536.1770514154 (CCXP)...
[02/08/26 02:00:17.344] [T317033] [info] CSXSEventQueueManager::RemoveEventQueueByChannel: remove queue 5536.1770514154 (CCXP) for channel 2...
[02/08/26 02:01:29.686] [T341952] [info] CSXSEventQueueManager::CreateEventQueueIfNotExist: create queue 5870.1770516089 (CCXP)...
[02/08/26 03:25:11.904] [T7179] [info] AdobeIPCBroker version: 7.3.0
[02/08/26 03:25:11.930] [T7196] [info] CSXSEventQueueManager::CreateEventQueueIfNotExist: create queue 777.1770521111 (CCXP)...
[02/08/26 03:25:25.014] [T8725] [info] CSXSEventQueueManager::CreateEventQueueIfNotExist: create queue 881.1770521125 (ACHP)...
[02/08/26 03:25:25.015] [T8724] [info] CSXSEventQueueManager::CreateEventQueueIfNotExist: create queue 764.1770521125 (ACCC)...
[02/08/26 03:25:25.772] [T8811] [info] CSXSEventQueueManager::CreateEventQueueIfNotExist: create queue 901.1770521125 (ACHP)...
[02/08/26 03:25:25.983] [T8870] [info] CSXSEventQueueManager::CreateEventQueueIfNotExist: create queue 902.1770521125 (ADCS)...
[02/08/26 03:25:26.673] [T8985] [info] CSXSEventQueueManager::CreateEventQueueIfNotExist: create queue 912.1770521126 (COSY)...
[02/08/26 03:25:26.776] [T8745] [info] CSXSEventQueueManager::RemoveEventQueueByChannel: remove queue 881.1770521125 (ACHP) for channel 6...
[02/08/26 03:25:27.371] [T9092] [info] CSXSEventQueueManager::CreateEventQueueIfNotExist: create queue 929.1770521127 (ACHP)...
[02/08/26 03:25:27.578] [T9183] [info] CSXSEventQueueManager::CreateEventQueueIfNotExist: create queue 928.1770521127 (COSY)...
[02/09/26 00:27:37.917] [T7203] [info] CSXSEventQueueManager::RemoveEventQueueByChannel: remove queue 777.1770521111 (CCXP) for channel 3...
[02/09/26 00:28:49.408] [T993046] [info] CSXSEventQueueManager::CreateEventQueueIfNotExist: create queue 24876.1770596929 (CCXP)...
[02/09/26 00:59:50.690] [T993046] [info] CSXSEventQueueManager::RemoveEventQueueByChannel: remove queue 24876.1770596929 (CCXP) for channel 2...
[02/09/26 01:00:51.845] [T1017075] [info] CSXSEventQueueManager::CreateEventQueueIfNotExist: create queue 25387.1770598851 (CCXP)...
[02/09/26 01:31:52.245] [T1017080] [info] CSXSEventQueueManager::RemoveEventQueueByChannel: remove queue 25387.1770598851 (CCXP) for channel 3...
[02/09/26 01:32:53.545] [T1037808] [info] CSXSEventQueueManager::CreateEventQueueIfNotExist: create queue 25673.1770600773 (CCXP)...
[02/09/26 02:03:54.371] [T1037810] [info] CSXSEventQueueManager::RemoveEventQueueByChannel: remove queue 25673.1770600773 (CCXP) for channel 3...
[02/09/26 02:05:09.189] [T1057704] [info] CSXSEventQueueManager::CreateEventQueueIfNotExist: create queue 25923.1770602709 (CCXP)...
[02/09/26 14:24:32.737] [T6832] [info] AdobeIPCBroker version: 7.3.0
[02/09/26 14:24:32.791] [T6852] [info] CSXSEventQueueManager::CreateEventQueueIfNotExist: create queue 741.1770647072 (CCXP)...
[02/09/26 14:24:44.140] [T8374] [info] CSXSEventQueueManager::CreateEventQueueIfNotExist: create queue 861.1770647084 (ACHP)...
[02/09/26 14:24:44.143] [T8376] [info] CSXSEventQueueManager::CreateEventQueueIfNotExist: create queue 714.1770647084 (ACCC)...
[02/09/26 14:24:44.261] [T8408] [info] CSXSEventQueueManager::CreateEventQueueIfNotExist: create queue 870.1770647084 (ACHP)...
[02/09/26 14:24:44.501] [T8459] [info] CSXSEventQueueManager::CreateEventQueueIfNotExist: create queue 871.1770647084 (ADCS)...
[02/09/26 14:24:45.018] [T8570] [info] CSXSEventQueueManager::CreateEventQueueIfNotExist: create queue 881.1770647085 (COSY)...
[02/09/26 14:24:45.237] [T8380] [info] CSXSEventQueueManager::RemoveEventQueueByChannel: remove queue 861.1770647084 (ACHP) for channel 18...
[02/09/26 14:24:45.880] [T8693] [info] CSXSEventQueueManager::CreateEventQueueIfNotExist: create queue 899.1770647085 (COSY)...
[02/09/26 14:24:45.919] [T8702] [info] CSXSEventQueueManager::CreateEventQueueIfNotExist: create queue 900.1770647085 (ACHP)...
[02/09/26 14:56:50.898] [T8376] [info] CSXSEventQueueManager::RemoveEventQueueByChannel: remove queue 714.1770647084 (ACCC) for channel 17...
[02/09/26 14:56:50.908] [T8410] [info] CSXSEventQueueManager::RemoveEventQueueByChannel: remove queue 870.1770647084 (ACHP) for channel 20...
[02/09/26 14:56:50.915] [T8705] [info] CSXSEventQueueManager::RemoveEventQueueByChannel: remove queue 900.1770647085 (ACHP) for channel 27...
[02/10/26 00:15:09.455] [T6854] [info] CSXSEventQueueManager::RemoveEventQueueByChannel: remove queue 741.1770647072 (CCXP) for channel 14...
[02/10/26 00:16:10.760] [T510835] [info] CSXSEventQueueManager::CreateEventQueueIfNotExist: create queue 6273.1770682570 (CCXP)...
[02/10/26 00:55:07.252] [T510836] [info] CSXSEventQueueManager::RemoveEventQueueByChannel: remove queue 6273.1770682570 (CCXP) for channel 15...
[02/10/26 01:12:56.387] [T529001] [info] CSXSEventQueueManager::CreateEventQueueIfNotExist: create queue 6713.1770685976 (CCXP)...
[02/10/26 01:47:59.871] [T529001] [info] CSXSEventQueueManager::RemoveEventQueueByChannel: remove queue 6713.1770685976 (CCXP) for channel 14...
[02/10/26 01:51:37.393] [T549243] [info] CSXSEventQueueManager::CreateEventQueueIfNotExist: create queue 7688.1770688297 (CCXP)...
[02/10/26 02:22:49.666] [T549244] [info] CSXSEventQueueManager::RemoveEventQueueByChannel: remove queue 7688.1770688297 (CCXP) for channel 15...
[02/10/26 02:23:51.087] [T608883] [info] CSXSEventQueueManager::CreateEventQueueIfNotExist: create queue 7936.1770690231 (CCXP)...
[02/23/26 11:08:55.509] [T10828861] [info] AdobeIPCBroker version: 7.3.0
[02/23/26 11:08:55.558] [T10828870] [info] CSXSEventQueueManager::CreateEventQueueIfNotExist: create queue 95438.1771844935 (CCXP)...
[02/23/26 11:08:59.320] [T10829115] [info] CSXSEventQueueManager::CreateEventQueueIfNotExist: create queue 95460.1771844939 (ACHP)...
[02/23/26 11:08:59.611] [T10829132] [info] CSXSEventQueueManager::CreateEventQueueIfNotExist: create queue 95434.1771844939 (ACCC)...
[02/23/26 11:09:00.028] [T10829176] [info] CSXSEventQueueManager::CreateEventQueueIfNotExist: create queue 95462.1771844940 (ACHP)...
[02/23/26 11:09:00.629] [T10829240] [info] CSXSEventQueueManager::CreateEventQueueIfNotExist: create queue 95464.1771844940 (ADCS)...
[02/23/26 11:09:01.633] [T10829121] [info] CSXSEventQueueManager::RemoveEventQueueByChannel: remove queue 95460.1771844939 (ACHP) for channel 5...
[02/23/26 11:09:01.750] [T10829384] [info] CSXSEventQueueManager::CreateEventQueueIfNotExist: create queue 95475.1771844941 (COSY)...
[02/23/26 11:09:02.134] [T10829493] [info] CSXSEventQueueManager::CreateEventQueueIfNotExist: create queue 95492.1771844942 (ACHP)...
[02/23/26 11:09:02.532] [T10829601] [info] CSXSEventQueueManager::CreateEventQueueIfNotExist: create queue 95495.1771844942 (COSY)...
[02/23/26 11:40:01.561] [T10828890] [info] CSXSEventQueueManager::RemoveEventQueueByChannel: remove queue 95438.1771844935 (CCXP) for channel 3...
[02/23/26 11:41:02.691] [T10855019] [info] CSXSEventQueueManager::CreateEventQueueIfNotExist: create queue 95748.1771846862 (CCXP)...
[02/23/26 12:12:12.278] [T10855019] [info] CSXSEventQueueManager::RemoveEventQueueByChannel: remove queue 95748.1771846862 (CCXP) for channel 2...
[02/23/26 12:13:19.326] [T10882955] [info] CSXSEventQueueManager::CreateEventQueueIfNotExist: create queue 96057.1771848799 (CCXP)...
[02/23/26 12:44:21.653] [T10882956] [info] CSXSEventQueueManager::RemoveEventQueueByChannel: remove queue 96057.1771848799 (CCXP) for channel 3...
[02/23/26 12:45:23.333] [T10898850] [info] CSXSEventQueueManager::CreateEventQueueIfNotExist: create queue 96168.1771850723 (CCXP)...
[02/23/26 13:16:28.680] [T10898850] [info] CSXSEventQueueManager::RemoveEventQueueByChannel: remove queue 96168.1771850723 (CCXP) for channel 2...
[02/23/26 13:17:33.798] [T10917087] [info] CSXSEventQueueManager::CreateEventQueueIfNotExist: create queue 96510.1771852653 (CCXP)...
[02/23/26 17:02:52.509] [T21737] [info] AdobeIPCBroker version: 7.3.0
[02/23/26 17:02:52.513] [T21756] [info] CSXSEventQueueManager::CreateEventQueueIfNotExist: create queue 1627.1771866172 (CCXP)...
[02/23/26 17:03:23.917] [T25028] [info] CSXSEventQueueManager::CreateEventQueueIfNotExist: create queue 1611.1771866203 (ACCC)...
[02/23/26 17:03:23.919] [T25027] [info] CSXSEventQueueManager::CreateEventQueueIfNotExist: create queue 1742.1771866203 (ACHP)...
[02/23/26 17:03:32.029] [T26097] [info] CSXSEventQueueManager::CreateEventQueueIfNotExist: create queue 1750.1771866212 (ADCS)...
[02/23/26 17:03:50.680] [T27369] [info] CSXSEventQueueManager::CreateEventQueueIfNotExist: create queue 1749.1771866230 (ACHP)...
[02/23/26 17:04:02.598] [T28158] [info] CSXSEventQueueManager::CreateEventQueueIfNotExist: create queue 1852.1771866242 (COSY)...
[02/23/26 17:04:07.973] [T28572] [info] CSXSEventQueueManager::CreateEventQueueIfNotExist: create queue 1881.1771866247 (COSY)...
[02/23/26 17:04:08.613] [T25032] [info] CSXSEventQueueManager::RemoveEventQueueByChannel: remove queue 1742.1771866203 (ACHP) for channel 6...
[02/23/26 17:04:34.205] [T29876] [info] CSXSEventQueueManager::CreateEventQueueIfNotExist: create queue 1889.1771866274 (ACHP)...
[02/24/26 00:33:53.914] [T21757] [info] CSXSEventQueueManager::RemoveEventQueueByChannel: remove queue 1627.1771866172 (CCXP) for channel 3...
[02/24/26 00:35:07.143] [T379644] [info] CSXSEventQueueManager::CreateEventQueueIfNotExist: create queue 6146.1771893307 (CCXP)...
[02/24/26 01:06:14.530] [T379644] [info] CSXSEventQueueManager::RemoveEventQueueByChannel: remove queue 6146.1771893307 (CCXP) for channel 2...
[02/24/26 01:07:22.771] [T400793] [info] CSXSEventQueueManager::CreateEventQueueIfNotExist: create queue 6339.1771895242 (CCXP)...
[02/24/26 01:38:23.616] [T400794] [info] CSXSEventQueueManager::RemoveEventQueueByChannel: remove queue 6339.1771895242 (CCXP) for channel 3...
[02/24/26 01:39:24.766] [T428822] [info] CSXSEventQueueManager::CreateEventQueueIfNotExist: create queue 6714.1771897164 (CCXP)...
[02/24/26 02:10:25.787] [T428822] [info] CSXSEventQueueManager::RemoveEventQueueByChannel: remove queue 6714.1771897164 (CCXP) for channel 2...
[02/24/26 02:11:26.946] [T454701] [info] CSXSEventQueueManager::CreateEventQueueIfNotExist: create queue 7095.1771899086 (CCXP)...
[02/25/26 00:12:31.805] [T454701] [info] CSXSEventQueueManager::RemoveEventQueueByChannel: remove queue 7095.1771899086 (CCXP) for channel 2...
[02/25/26 00:13:33.682] [T1319028] [info] CSXSEventQueueManager::CreateEventQueueIfNotExist: create queue 21475.1771978413 (CCXP)...
[02/25/26 00:44:35.959] [T1319032] [info] CSXSEventQueueManager::RemoveEventQueueByChannel: remove queue 21475.1771978413 (CCXP) for channel 3...
[02/25/26 00:45:41.136] [T1332982] [info] CSXSEventQueueManager::CreateEventQueueIfNotExist: create queue 21803.1771980341 (CCXP)...
[02/25/26 01:16:45.558] [T1332982] [info] CSXSEventQueueManager::RemoveEventQueueByChannel: remove queue 21803.1771980341 (CCXP) for channel 2...
[02/25/26 01:17:47.489] [T1347546] [info] CSXSEventQueueManager::CreateEventQueueIfNotExist: create queue 22150.1771982267 (CCXP)...
[02/25/26 01:48:53.198] [T1347546] [info] CSXSEventQueueManager::RemoveEventQueueByChannel: remove queue 22150.1771982267 (CCXP) for channel 2...
[02/25/26 01:49:54.817] [T1361011] [info] CSXSEventQueueManager::CreateEventQueueIfNotExist: create queue 22432.1771984194 (CCXP)...
[02/25/26 13:18:14.845] [T15074] [info] AdobeIPCBroker version: 7.3.0
[02/25/26 13:18:14.850] [T15152] [info] CSXSEventQueueManager::CreateEventQueueIfNotExist: create queue 1053.1772025494 (CCXP)...
[02/25/26 13:18:24.361] [T16934] [info] CSXSEventQueueManager::CreateEventQueueIfNotExist: create queue 1041.1772025504 (ACCC)...
[02/25/26 13:18:31.791] [T17555] [info] CSXSEventQueueManager::CreateEventQueueIfNotExist: create queue 1154.1772025511 (ADCS)...
[02/25/26 13:18:34.301] [T17852] [info] CSXSEventQueueManager::CreateEventQueueIfNotExist: create queue 1096.1772025514 (ACHP)...
[02/25/26 13:18:34.517] [T17885] [info] CSXSEventQueueManager::CreateEventQueueIfNotExist: create queue 1141.1772025514 (ACHP)...
[02/25/26 13:18:39.430] [T18412] [info] CSXSEventQueueManager::CreateEventQueueIfNotExist: create queue 1197.1772025519 (COSY)...
[02/25/26 13:18:40.786] [T18495] [info] CSXSEventQueueManager::CreateEventQueueIfNotExist: create queue 1216.1772025520 (COSY)...
[02/25/26 13:18:42.633] [T18716] [info] CSXSEventQueueManager::CreateEventQueueIfNotExist: create queue 1219.1772025522 (ACHP)...
[02/25/26 13:18:44.062] [T17854] [info] CSXSEventQueueManager::RemoveEventQueueByChannel: remove queue 1096.1772025514 (ACHP) for channel 9...
[02/25/26 22:18:02.002] [T10763] [info] AdobeIPCBroker version: 7.3.0
[02/25/26 22:18:02.045] [T10772] [info] CSXSEventQueueManager::CreateEventQueueIfNotExist: create queue 989.1772057881 (CCXP)...
[02/25/26 22:18:07.692] [T12686] [info] CSXSEventQueueManager::CreateEventQueueIfNotExist: create queue 961.1772057887 (ACCC)...
[02/25/26 22:18:07.692] [T12687] [info] CSXSEventQueueManager::CreateEventQueueIfNotExist: create queue 1018.1772057887 (ACHP)...
[02/25/26 22:18:07.798] [T12720] [info] CSXSEventQueueManager::CreateEventQueueIfNotExist: create queue 1021.1772057887 (ACHP)...
[02/25/26 22:18:08.140] [T12802] [info] CSXSEventQueueManager::CreateEventQueueIfNotExist: create queue 1022.1772057888 (ADCS)...
[02/25/26 22:18:08.709] [T12946] [info] CSXSEventQueueManager::CreateEventQueueIfNotExist: create queue 1038.1772057888 (COSY)...
[02/25/26 22:18:09.257] [T12700] [info] CSXSEventQueueManager::RemoveEventQueueByChannel: remove queue 1018.1772057887 (ACHP) for channel 6...
[02/25/26 22:18:09.487] [T13219] [info] CSXSEventQueueManager::CreateEventQueueIfNotExist: create queue 1056.1772057889 (ACHP)...
[02/25/26 22:18:09.538] [T13242] [info] CSXSEventQueueManager::CreateEventQueueIfNotExist: create queue 1051.1772057889 (COSY)...
[02/26/26 00:19:07.009] [T10772] [info] CSXSEventQueueManager::RemoveEventQueueByChannel: remove queue 989.1772057881 (CCXP) for channel 2...
[02/26/26 00:20:08.055] [T92119] [info] CSXSEventQueueManager::CreateEventQueueIfNotExist: create queue 2407.1772065208 (CCXP)...
[02/26/26 00:51:19.736] [T92119] [info] CSXSEventQueueManager::RemoveEventQueueByChannel: remove queue 2407.1772065208 (CCXP) for channel 2...
[02/26/26 00:52:24.146] [T115500] [info] CSXSEventQueueManager::CreateEventQueueIfNotExist: create queue 2806.1772067144 (CCXP)...
[02/26/26 01:23:24.688] [T115502] [info] CSXSEventQueueManager::RemoveEventQueueByChannel: remove queue 2806.1772067144 (CCXP) for channel 3...
[02/26/26 01:24:25.975] [T139725] [info] CSXSEventQueueManager::CreateEventQueueIfNotExist: create queue 3165.1772069065 (CCXP)...
[02/26/26 01:55:30.171] [T139725] [info] CSXSEventQueueManager::RemoveEventQueueByChannel: remove queue 3165.1772069065 (CCXP) for channel 2...
[02/26/26 01:56:42.294] [T160376] [info] CSXSEventQueueManager::CreateEventQueueIfNotExist: create queue 3365.1772071002 (CCXP)...
[02/27/26 00:27:49.053] [T160377] [info] CSXSEventQueueManager::RemoveEventQueueByChannel: remove queue 3365.1772071002 (CCXP) for channel 3...
[02/27/26 00:28:50.452] [T1034521] [info] CSXSEventQueueManager::CreateEventQueueIfNotExist: create queue 17274.1772152130 (CCXP)...
[02/27/26 00:59:57.535] [T1034521] [info] CSXSEventQueueManager::RemoveEventQueueByChannel: remove queue 17274.1772152130 (CCXP) for channel 2...
[02/27/26 01:01:05.392] [T1065302] [info] CSXSEventQueueManager::CreateEventQueueIfNotExist: create queue 17553.1772154065 (CCXP)...
[02/27/26 01:32:17.551] [T1065303] [info] CSXSEventQueueManager::RemoveEventQueueByChannel: remove queue 17553.1772154065 (CCXP) for channel 3...
[02/27/26 01:33:22.039] [T1100653] [info] CSXSEventQueueManager::CreateEventQueueIfNotExist: create queue 17935.1772156002 (CCXP)...
[02/27/26 02:04:34.982] [T1100653] [info] CSXSEventQueueManager::RemoveEventQueueByChannel: remove queue 17935.1772156002 (CCXP) for channel 2...
[02/27/26 02:05:36.452] [T1130284] [info] CSXSEventQueueManager::CreateEventQueueIfNotExist: create queue 18234.1772157936 (CCXP)...
[02/28/26 00:36:41.200] [T1130284] [info] CSXSEventQueueManager::RemoveEventQueueByChannel: remove queue 18234.1772157936 (CCXP) for channel 2...
[02/28/26 00:37:42.337] [T2634576] [info] CSXSEventQueueManager::CreateEventQueueIfNotExist: create queue 53990.1772239062 (CCXP)...
[02/28/26 01:08:47.217] [T2634577] [info] CSXSEventQueueManager::RemoveEventQueueByChannel: remove queue 53990.1772239062 (CCXP) for channel 3...
[02/28/26 01:09:57.124] [T2667210] [info] CSXSEventQueueManager::CreateEventQueueIfNotExist: create queue 54537.1772240997 (CCXP)...
[02/28/26 01:40:58.118] [T2667210] [info] CSXSEventQueueManager::RemoveEventQueueByChannel: remove queue 54537.1772240997 (CCXP) for channel 2...
[02/28/26 01:41:59.463] [T2698995] [info] CSXSEventQueueManager::CreateEventQueueIfNotExist: create queue 54981.1772242919 (CCXP)...
[02/28/26 02:13:12.808] [T2698995] [info] CSXSEventQueueManager::RemoveEventQueueByChannel: remove queue 54981.1772242919 (CCXP) for channel 2...
[02/28/26 02:14:14.695] [T2726039] [info] CSXSEventQueueManager::CreateEventQueueIfNotExist: create queue 55161.1772244854 (CCXP)...
[02/28/26 05:24:36.510] [T12849] [info] CSXSEventQueueManager::RemoveEventQueueByChannel: remove queue 961.1772057887 (ACCC) for channel 11...
[02/28/26 05:24:36.526] [T12731] [info] CSXSEventQueueManager::RemoveEventQueueByChannel: remove queue 1021.1772057887 (ACHP) for channel 8...
[02/28/26 05:24:36.527] [T13219] [info] CSXSEventQueueManager::RemoveEventQueueByChannel: remove queue 1056.1772057889 (ACHP) for channel 5...
[03/01/26 00:15:26.271] [T2726040] [info] CSXSEventQueueManager::RemoveEventQueueByChannel: remove queue 55161.1772244854 (CCXP) for channel 3...
[03/01/26 00:16:28.398] [T4390652] [info] CSXSEventQueueManager::CreateEventQueueIfNotExist: create queue 35921.1772324188 (CCXP)...
[03/01/26 00:47:42.178] [T4390659] [info] CSXSEventQueueManager::RemoveEventQueueByChannel: remove queue 35921.1772324188 (CCXP) for channel 3...
[03/01/26 00:48:44.138] [T4443772] [info] CSXSEventQueueManager::CreateEventQueueIfNotExist: create queue 36075.1772326124 (CCXP)...
[03/01/26 01:19:44.819] [T4443777] [info] CSXSEventQueueManager::RemoveEventQueueByChannel: remove queue 36075.1772326124 (CCXP) for channel 3...
[03/01/26 01:20:47.220] [T4497975] [info] CSXSEventQueueManager::CreateEventQueueIfNotExist: create queue 36445.1772328047 (CCXP)...
[03/01/26 01:52:01.354] [T4497980] [info] CSXSEventQueueManager::RemoveEventQueueByChannel: remove queue 36445.1772328047 (CCXP) for channel 3...
[03/01/26 01:53:03.267] [T4553414] [info] CSXSEventQueueManager::CreateEventQueueIfNotExist: create queue 36712.1772329983 (CCXP)...
[03/01/26 22:19:48.700] [T7845] [info] AdobeIPCBroker version: 7.3.0
[03/01/26 22:19:48.713] [T7872] [info] CSXSEventQueueManager::CreateEventQueueIfNotExist: create queue 820.1772403588 (CCXP)...
[03/01/26 22:20:00.166] [T11137] [info] CSXSEventQueueManager::CreateEventQueueIfNotExist: create queue 803.1772403600 (ACCC)...
[03/01/26 22:20:00.166] [T11138] [info] CSXSEventQueueManager::CreateEventQueueIfNotExist: create queue 866.1772403600 (ACHP)...
[03/01/26 22:20:00.491] [T11230] [info] CSXSEventQueueManager::CreateEventQueueIfNotExist: create queue 899.1772403600 (ACHP)...
[03/01/26 22:20:00.642] [T11262] [info] CSXSEventQueueManager::CreateEventQueueIfNotExist: create queue 900.1772403600 (ADCS)...
[03/01/26 22:20:01.198] [T11391] [info] CSXSEventQueueManager::CreateEventQueueIfNotExist: create queue 912.1772403601 (COSY)...
[03/01/26 22:20:01.253] [T11150] [info] CSXSEventQueueManager::RemoveEventQueueByChannel: remove queue 866.1772403600 (ACHP) for channel 18...
[03/01/26 22:20:01.763] [T11461] [info] CSXSEventQueueManager::CreateEventQueueIfNotExist: create queue 925.1772403601 (ACHP)...
[03/01/26 22:20:01.915] [T11488] [info] CSXSEventQueueManager::CreateEventQueueIfNotExist: create queue 922.1772403601 (COSY)...
[03/02/26 00:20:52.604] [T7889] [info] CSXSEventQueueManager::RemoveEventQueueByChannel: remove queue 820.1772403588 (CCXP) for channel 15...
[03/02/26 00:22:03.548] [T123639] [info] CSXSEventQueueManager::CreateEventQueueIfNotExist: create queue 2459.1772410923 (CCXP)...
[03/02/26 00:53:05.632] [T123639] [info] CSXSEventQueueManager::RemoveEventQueueByChannel: remove queue 2459.1772410923 (CCXP) for channel 14...
[03/02/26 00:54:06.672] [T164547] [info] CSXSEventQueueManager::CreateEventQueueIfNotExist: create queue 3554.1772412846 (CCXP)...
[03/02/26 01:25:08.703] [T164547] [info] CSXSEventQueueManager::RemoveEventQueueByChannel: remove queue 3554.1772412846 (CCXP) for channel 14...
[03/02/26 01:26:09.836] [T199076] [info] CSXSEventQueueManager::CreateEventQueueIfNotExist: create queue 4387.1772414769 (CCXP)...
[03/02/26 01:57:10.358] [T199076] [info] CSXSEventQueueManager::RemoveEventQueueByChannel: remove queue 4387.1772414769 (CCXP) for channel 14...
[03/02/26 01:58:13.494] [T222329] [info] CSXSEventQueueManager::CreateEventQueueIfNotExist: create queue 4609.1772416693 (CCXP)...
[03/02/26 20:26:13.068] [T11335] [info] CSXSEventQueueManager::RemoveEventQueueByChannel: remove queue 803.1772403600 (ACCC) for channel 23...
[03/02/26 20:26:13.090] [T11232] [info] CSXSEventQueueManager::RemoveEventQueueByChannel: remove queue 899.1772403600 (ACHP) for channel 20...
[03/02/26 20:26:13.104] [T11467] [info] CSXSEventQueueManager::RemoveEventQueueByChannel: remove queue 925.1772403601 (ACHP) for channel 18...
[03/02/26 20:26:13.206] [T11493] [info] CSXSEventQueueManager::RemoveEventQueueByChannel: remove queue 922.1772403601 (COSY) for channel 27...
[03/02/26 20:26:13.270] [T222329] [info] CSXSEventQueueManager::RemoveEventQueueByChannel: remove queue 4609.1772416693 (CCXP) for channel 14...
[03/02/26 20:27:49.688] [T13670] [info] AdobeIPCBroker version: 7.3.0
[03/02/26 20:27:49.728] [T13688] [info] CSXSEventQueueManager::CreateEventQueueIfNotExist: create queue 1054.1772483269 (CCXP)...
[03/02/26 20:27:51.463] [T13924] [info] CSXSEventQueueManager::CreateEventQueueIfNotExist: create queue 1074.1772483271 (ACHP)...
[03/02/26 20:27:51.498] [T13930] [info] CSXSEventQueueManager::CreateEventQueueIfNotExist: create queue 1044.1772483271 (ACCC)...
[03/02/26 20:27:51.642] [T13973] [info] CSXSEventQueueManager::CreateEventQueueIfNotExist: create queue 1078.1772483271 (ACHP)...
[03/02/26 20:27:51.952] [T14033] [info] CSXSEventQueueManager::CreateEventQueueIfNotExist: create queue 1080.1772483271 (ADCS)...
[03/02/26 20:27:53.120] [T13936] [info] CSXSEventQueueManager::RemoveEventQueueByChannel: remove queue 1074.1772483271 (ACHP) for channel 6...
[03/02/26 20:27:53.160] [T14184] [info] CSXSEventQueueManager::CreateEventQueueIfNotExist: create queue 1091.1772483273 (COSY)...
[03/02/26 20:27:53.920] [T14289] [info] CSXSEventQueueManager::CreateEventQueueIfNotExist: create queue 1101.1772483273 (COSY)...
[03/02/26 20:27:54.361] [T14352] [info] CSXSEventQueueManager::CreateEventQueueIfNotExist: create queue 1103.1772483274 (ACHP)...
[03/02/26 22:10:53.054] [T14122] [info] CSXSEventQueueManager::RemoveEventQueueByChannel: remove queue 1044.1772483271 (ACCC) for channel 11...
[03/02/26 22:10:53.061] [T13973] [info] CSXSEventQueueManager::RemoveEventQueueByChannel: remove queue 1078.1772483271 (ACHP) for channel 7...
[03/02/26 22:10:53.063] [T14356] [info] CSXSEventQueueManager::RemoveEventQueueByChannel: remove queue 1103.1772483274 (ACHP) for channel 15...
[03/03/26 00:28:56.560] [T13692] [info] CSXSEventQueueManager::RemoveEventQueueByChannel: remove queue 1054.1772483269 (CCXP) for channel 4...
[03/03/26 00:29:58.039] [T216214] [info] CSXSEventQueueManager::CreateEventQueueIfNotExist: create queue 4351.1772497798 (CCXP)...
[03/03/26 01:01:00.479] [T216215] [info] CSXSEventQueueManager::RemoveEventQueueByChannel: remove queue 4351.1772497798 (CCXP) for channel 4...
[03/03/26 01:02:01.822] [T240628] [info] CSXSEventQueueManager::CreateEventQueueIfNotExist: create queue 4776.1772499721 (CCXP)...
[03/03/26 01:33:05.603] [T240628] [info] CSXSEventQueueManager::RemoveEventQueueByChannel: remove queue 4776.1772499721 (CCXP) for channel 2...
[03/03/26 01:34:06.968] [T267435] [info] CSXSEventQueueManager::CreateEventQueueIfNotExist: create queue 5294.1772501646 (CCXP)...
[03/03/26 02:05:09.001] [T267437] [info] CSXSEventQueueManager::RemoveEventQueueByChannel: remove queue 5294.1772501646 (CCXP) for channel 4...
[03/03/26 02:06:10.432] [T292774] [info] CSXSEventQueueManager::CreateEventQueueIfNotExist: create queue 5654.1772503570 (CCXP)...
[03/04/26 00:13:10.537] [T292775] [info] CSXSEventQueueManager::RemoveEventQueueByChannel: remove queue 5654.1772503570 (CCXP) for channel 4...
[03/04/26 00:14:12.315] [T1151919] [info] CSXSEventQueueManager::CreateEventQueueIfNotExist: create queue 19183.1772583252 (CCXP)...
[03/04/26 00:45:17.712] [T1151919] [info] CSXSEventQueueManager::RemoveEventQueueByChannel: remove queue 19183.1772583252 (CCXP) for channel 2...
[03/04/26 00:46:19.401] [T1226568] [info] CSXSEventQueueManager::CreateEventQueueIfNotExist: create queue 19734.1772585179 (CCXP)...
[03/04/26 01:17:24.356] [T1226570] [info] CSXSEventQueueManager::RemoveEventQueueByChannel: remove queue 19734.1772585179 (CCXP) for channel 4...
[03/04/26 01:18:31.051] [T1294216] [info] CSXSEventQueueManager::CreateEventQueueIfNotExist: create queue 20406.1772587111 (CCXP)...
[03/04/26 01:49:34.509] [T1294216] [info] CSXSEventQueueManager::RemoveEventQueueByChannel: remove queue 20406.1772587111 (CCXP) for channel 2...
[03/04/26 01:50:36.709] [T1346386] [info] CSXSEventQueueManager::CreateEventQueueIfNotExist: create queue 20866.1772589036 (CCXP)...
[03/05/26 00:21:39.797] [T1346388] [info] CSXSEventQueueManager::RemoveEventQueueByChannel: remove queue 20866.1772589036 (CCXP) for channel 4...
[03/05/26 00:22:42.310] [T2807203] [info] CSXSEventQueueManager::CreateEventQueueIfNotExist: create queue 45475.1772670162 (CCXP)...
[03/05/26 00:53:44.860] [T2807204] [info] CSXSEventQueueManager::RemoveEventQueueByChannel: remove queue 45475.1772670162 (CCXP) for channel 4...
[03/05/26 00:54:46.326] [T2832758] [info] CSXSEventQueueManager::CreateEventQueueIfNotExist: create queue 45939.1772672086 (CCXP)...
[03/05/26 01:25:56.663] [T2832759] [info] CSXSEventQueueManager::RemoveEventQueueByChannel: remove queue 45939.1772672086 (CCXP) for channel 4...
[03/05/26 01:27:03.649] [T2870150] [info] CSXSEventQueueManager::CreateEventQueueIfNotExist: create queue 46796.1772674023 (CCXP)...
[03/05/26 01:58:06.183] [T2870150] [info] CSXSEventQueueManager::RemoveEventQueueByChannel: remove queue 46796.1772674023 (CCXP) for channel 2...
[03/05/26 01:59:10.196] [T2903048] [info] CSXSEventQueueManager::CreateEventQueueIfNotExist: create queue 47332.1772675950 (CCXP)...
